$ dpkg -L conda
/.
/opt
/opt/conda
/opt/conda/lib
/opt/conda/lib/libk5crypto.so.3.1
/opt/conda/lib/libicuuc.a
/opt/conda/lib/thread2.8.9
/opt/conda/lib/thread2.8.9/libthread2.8.9.so
/opt/conda/lib/thread2.8.9/pkgIndex.tcl
/opt/conda/lib/thread2.8.9/ttrace.tcl
/opt/conda/lib/libitm.so.1.0.0
/opt/conda/lib/tclConfig.sh
/opt/conda/lib/libbz2.a
/opt/conda/lib/libpanelw.a
/opt/conda/lib/libgmock.so.1.11.0
/opt/conda/lib/ossl-modules
/opt/conda/lib/ossl-modules/legacy.so
/opt/conda/lib/libquadmath.so.0.0.0
/opt/conda/lib/libgmock_main.so.1.11.0
/opt/conda/lib/liblzma.a
/opt/conda/lib/libcrypto.so.3
/opt/conda/lib/libxml2.so.2.10.4
/opt/conda/lib/libzstd.a
/opt/conda/lib/libtinfow.so.6.4
/opt/conda/lib/libssl.a
/opt/conda/lib/libicudata.a
/opt/conda/lib/libexpat.a
/opt/conda/lib/libgtest.so.1.11.0
/opt/conda/lib/libpcre2-32.a
/opt/conda/lib/engines-3
/opt/conda/lib/engines-3/padlock.so
/opt/conda/lib/engines-3/loader_attic.so
/opt/conda/lib/engines-3/capi.so
/opt/conda/lib/engines-3/afalg.so
/opt/conda/lib/libtclstub8.6.a
/opt/conda/lib/libtkstub8.6.a
/opt/conda/lib/libicuio.a
/opt/conda/lib/tcl8.6
/opt/conda/lib/tcl8.6/msgs
/opt/conda/lib/tcl8.6/msgs/hu.msg
/opt/conda/lib/tcl8.6/msgs/es_bo.msg
/opt/conda/lib/tcl8.6/msgs/es.msg
/opt/conda/lib/tcl8.6/msgs/te.msg
/opt/conda/lib/tcl8.6/msgs/bn.msg
/opt/conda/lib/tcl8.6/msgs/es_do.msg
/opt/conda/lib/tcl8.6/msgs/en_hk.msg
/opt/conda/lib/tcl8.6/msgs/ms.msg
/opt/conda/lib/tcl8.6/msgs/es_ve.msg
/opt/conda/lib/tcl8.6/msgs/en_nz.msg
/opt/conda/lib/tcl8.6/msgs/de_at.msg
/opt/conda/lib/tcl8.6/msgs/ga.msg
/opt/conda/lib/tcl8.6/msgs/hi_in.msg
/opt/conda/lib/tcl8.6/msgs/da.msg
/opt/conda/lib/tcl8.6/msgs/sq.msg
/opt/conda/lib/tcl8.6/msgs/es_co.msg
/opt/conda/lib/tcl8.6/msgs/ar_sy.msg
/opt/conda/lib/tcl8.6/msgs/bg.msg
/opt/conda/lib/tcl8.6/msgs/fi.msg
/opt/conda/lib/tcl8.6/msgs/es_cr.msg
/opt/conda/lib/tcl8.6/msgs/ru.msg
/opt/conda/lib/tcl8.6/msgs/hi.msg
/opt/conda/lib/tcl8.6/msgs/af.msg
/opt/conda/lib/tcl8.6/msgs/en_gb.msg
/opt/conda/lib/tcl8.6/msgs/ko_kr.msg
/opt/conda/lib/tcl8.6/msgs/fa_in.msg
/opt/conda/lib/tcl8.6/msgs/fr.msg
/opt/conda/lib/tcl8.6/msgs/fr_be.msg
/opt/conda/lib/tcl8.6/msgs/en_in.msg
/opt/conda/lib/tcl8.6/msgs/cs.msg
/opt/conda/lib/tcl8.6/msgs/ms_my.msg
/opt/conda/lib/tcl8.6/msgs/mr_in.msg
/opt/conda/lib/tcl8.6/msgs/te_in.msg
/opt/conda/lib/tcl8.6/msgs/ko.msg
/opt/conda/lib/tcl8.6/msgs/es_ec.msg
/opt/conda/lib/tcl8.6/msgs/it.msg
/opt/conda/lib/tcl8.6/msgs/en_ca.msg
/opt/conda/lib/tcl8.6/msgs/id.msg
/opt/conda/lib/tcl8.6/msgs/fa_ir.msg
/opt/conda/lib/tcl8.6/msgs/en_be.msg
/opt/conda/lib/tcl8.6/msgs/mt.msg
/opt/conda/lib/tcl8.6/msgs/de_be.msg
/opt/conda/lib/tcl8.6/msgs/en_sg.msg
/opt/conda/lib/tcl8.6/msgs/af_za.msg
/opt/conda/lib/tcl8.6/msgs/uk.msg
/opt/conda/lib/tcl8.6/msgs/eo.msg
/opt/conda/lib/tcl8.6/msgs/nn.msg
/opt/conda/lib/tcl8.6/msgs/eu_es.msg
/opt/conda/lib/tcl8.6/msgs/ar_jo.msg
/opt/conda/lib/tcl8.6/msgs/fr_ch.msg
/opt/conda/lib/tcl8.6/msgs/kw_gb.msg
/opt/conda/lib/tcl8.6/msgs/fo_fo.msg
/opt/conda/lib/tcl8.6/msgs/es_pa.msg
/opt/conda/lib/tcl8.6/msgs/vi.msg
/opt/conda/lib/tcl8.6/msgs/mk.msg
/opt/conda/lib/tcl8.6/msgs/gv_gb.msg
/opt/conda/lib/tcl8.6/msgs/en_bw.msg
/opt/conda/lib/tcl8.6/msgs/is.msg
/opt/conda/lib/tcl8.6/msgs/it_ch.msg
/opt/conda/lib/tcl8.6/msgs/lt.msg
/opt/conda/lib/tcl8.6/msgs/tr.msg
/opt/conda/lib/tcl8.6/msgs/sl.msg
/opt/conda/lib/tcl8.6/msgs/es_py.msg
/opt/conda/lib/tcl8.6/msgs/ga_ie.msg
/opt/conda/lib/tcl8.6/msgs/kok_in.msg
/opt/conda/lib/tcl8.6/msgs/sw.msg
/opt/conda/lib/tcl8.6/msgs/es_hn.msg
/opt/conda/lib/tcl8.6/msgs/pt.msg
/opt/conda/lib/tcl8.6/msgs/en_ie.msg
/opt/conda/lib/tcl8.6/msgs/gv.msg
/opt/conda/lib/tcl8.6/msgs/he.msg
/opt/conda/lib/tcl8.6/msgs/kl.msg
/opt/conda/lib/tcl8.6/msgs/en_ph.msg
/opt/conda/lib/tcl8.6/msgs/zh_tw.msg
/opt/conda/lib/tcl8.6/msgs/fa.msg
/opt/conda/lib/tcl8.6/msgs/gl_es.msg
/opt/conda/lib/tcl8.6/msgs/zh_sg.msg
/opt/conda/lib/tcl8.6/msgs/th.msg
/opt/conda/lib/tcl8.6/msgs/ar.msg
/opt/conda/lib/tcl8.6/msgs/sr.msg
/opt/conda/lib/tcl8.6/msgs/es_ni.msg
/opt/conda/lib/tcl8.6/msgs/nl.msg
/opt/conda/lib/tcl8.6/msgs/el.msg
/opt/conda/lib/tcl8.6/msgs/fr_ca.msg
/opt/conda/lib/tcl8.6/msgs/es_ar.msg
/opt/conda/lib/tcl8.6/msgs/ro.msg
/opt/conda/lib/tcl8.6/msgs/eu.msg
/opt/conda/lib/tcl8.6/msgs/ta_in.msg
/opt/conda/lib/tcl8.6/msgs/gl.msg
/opt/conda/lib/tcl8.6/msgs/es_uy.msg
/opt/conda/lib/tcl8.6/msgs/ca.msg
/opt/conda/lib/tcl8.6/msgs/pt_br.msg
/opt/conda/lib/tcl8.6/msgs/sv.msg
/opt/conda/lib/tcl8.6/msgs/zh_cn.msg
/opt/conda/lib/tcl8.6/msgs/en_au.msg
/opt/conda/lib/tcl8.6/msgs/de.msg
/opt/conda/lib/tcl8.6/msgs/en_zw.msg
/opt/conda/lib/tcl8.6/msgs/es_mx.msg
/opt/conda/lib/tcl8.6/msgs/nb.msg
/opt/conda/lib/tcl8.6/msgs/mr.msg
/opt/conda/lib/tcl8.6/msgs/es_cl.msg
/opt/conda/lib/tcl8.6/msgs/es_pe.msg
/opt/conda/lib/tcl8.6/msgs/ar_in.msg
/opt/conda/lib/tcl8.6/msgs/zh_hk.msg
/opt/conda/lib/tcl8.6/msgs/es_pr.msg
/opt/conda/lib/tcl8.6/msgs/nl_be.msg
/opt/conda/lib/tcl8.6/msgs/be.msg
/opt/conda/lib/tcl8.6/msgs/lv.msg
/opt/conda/lib/tcl8.6/msgs/kok.msg
/opt/conda/lib/tcl8.6/msgs/sh.msg
/opt/conda/lib/tcl8.6/msgs/ar_lb.msg
/opt/conda/lib/tcl8.6/msgs/ja.msg
/opt/conda/lib/tcl8.6/msgs/ta.msg
/opt/conda/lib/tcl8.6/msgs/sk.msg
/opt/conda/lib/tcl8.6/msgs/zh.msg
/opt/conda/lib/tcl8.6/msgs/es_gt.msg
/opt/conda/lib/tcl8.6/msgs/bn_in.msg
/opt/conda/lib/tcl8.6/msgs/fo.msg
/opt/conda/lib/tcl8.6/msgs/hr.msg
/opt/conda/lib/tcl8.6/msgs/pl.msg
/opt/conda/lib/tcl8.6/msgs/id_id.msg
/opt/conda/lib/tcl8.6/msgs/kw.msg
/opt/conda/lib/tcl8.6/msgs/es_sv.msg
/opt/conda/lib/tcl8.6/msgs/et.msg
/opt/conda/lib/tcl8.6/msgs/en_za.msg
/opt/conda/lib/tcl8.6/msgs/kl_gl.msg
/opt/conda/lib/tcl8.6/msgs/ru_ua.msg
/opt/conda/lib/tcl8.6/tm.tcl
/opt/conda/lib/tcl8.6/clock.tcl
/opt/conda/lib/tcl8.6/parray.tcl
/opt/conda/lib/tcl8.6/auto.tcl
/opt/conda/lib/tcl8.6/history.tcl
/opt/conda/lib/tcl8.6/safe.tcl
/opt/conda/lib/tcl8.6/http1.0
/opt/conda/lib/tcl8.6/http1.0/pkgIndex.tcl
/opt/conda/lib/tcl8.6/http1.0/http.tcl
/opt/conda/lib/tcl8.6/tclIndex
/opt/conda/lib/tcl8.6/init.tcl
/opt/conda/lib/tcl8.6/word.tcl
/opt/conda/lib/tcl8.6/opt0.4
/opt/conda/lib/tcl8.6/opt0.4/pkgIndex.tcl
/opt/conda/lib/tcl8.6/opt0.4/optparse.tcl
/opt/conda/lib/tcl8.6/encoding
/opt/conda/lib/tcl8.6/encoding/cp437.enc
/opt/conda/lib/tcl8.6/encoding/cp932.enc
/opt/conda/lib/tcl8.6/encoding/gb2312-raw.enc
/opt/conda/lib/tcl8.6/encoding/cp1257.enc
/opt/conda/lib/tcl8.6/encoding/iso8859-4.enc
/opt/conda/lib/tcl8.6/encoding/euc-cn.enc
/opt/conda/lib/tcl8.6/encoding/dingbats.enc
/opt/conda/lib/tcl8.6/encoding/macRomania.enc
/opt/conda/lib/tcl8.6/encoding/cp1253.enc
/opt/conda/lib/tcl8.6/encoding/cp860.enc
/opt/conda/lib/tcl8.6/encoding/iso8859-9.enc
/opt/conda/lib/tcl8.6/encoding/iso2022-jp.enc
/opt/conda/lib/tcl8.6/encoding/macGreek.enc
/opt/conda/lib/tcl8.6/encoding/cp1254.enc
/opt/conda/lib/tcl8.6/encoding/tis-620.enc
/opt/conda/lib/tcl8.6/encoding/ebcdic.enc
/opt/conda/lib/tcl8.6/encoding/cp737.enc
/opt/conda/lib/tcl8.6/encoding/iso8859-5.enc
/opt/conda/lib/tcl8.6/encoding/macDingbats.enc
/opt/conda/lib/tcl8.6/encoding/koi8-r.enc
/opt/conda/lib/tcl8.6/encoding/euc-jp.enc
/opt/conda/lib/tcl8.6/encoding/cp850.enc
/opt/conda/lib/tcl8.6/encoding/cp950.enc
/opt/conda/lib/tcl8.6/encoding/iso8859-8.enc
/opt/conda/lib/tcl8.6/encoding/euc-kr.enc
/opt/conda/lib/tcl8.6/encoding/symbol.enc
/opt/conda/lib/tcl8.6/encoding/iso8859-13.enc
/opt/conda/lib/tcl8.6/encoding/cp1251.enc
/opt/conda/lib/tcl8.6/encoding/macThai.enc
/opt/conda/lib/tcl8.6/encoding/cp1252.enc
/opt/conda/lib/tcl8.6/encoding/gb12345.enc
/opt/conda/lib/tcl8.6/encoding/iso8859-15.enc
/opt/conda/lib/tcl8.6/encoding/jis0201.enc
/opt/conda/lib/tcl8.6/encoding/macUkraine.enc
/opt/conda/lib/tcl8.6/encoding/koi8-u.enc
/opt/conda/lib/tcl8.6/encoding/macCyrillic.enc
/opt/conda/lib/tcl8.6/encoding/cp949.enc
/opt/conda/lib/tcl8.6/encoding/cns11643.enc
/opt/conda/lib/tcl8.6/encoding/macRoman.enc
/opt/conda/lib/tcl8.6/encoding/iso2022-kr.enc
/opt/conda/lib/tcl8.6/encoding/gb1988.enc
/opt/conda/lib/tcl8.6/encoding/jis0208.enc
/opt/conda/lib/tcl8.6/encoding/iso8859-3.enc
/opt/conda/lib/tcl8.6/encoding/cp863.enc
/opt/conda/lib/tcl8.6/encoding/iso8859-2.enc
/opt/conda/lib/tcl8.6/encoding/gb2312.enc
/opt/conda/lib/tcl8.6/encoding/iso8859-1.enc
/opt/conda/lib/tcl8.6/encoding/cp865.enc
/opt/conda/lib/tcl8.6/encoding/cp862.enc
/opt/conda/lib/tcl8.6/encoding/cp852.enc
/opt/conda/lib/tcl8.6/encoding/iso8859-10.enc
/opt/conda/lib/tcl8.6/encoding/cp775.enc
/opt/conda/lib/tcl8.6/encoding/iso8859-14.enc
/opt/conda/lib/tcl8.6/encoding/cp1258.enc
/opt/conda/lib/tcl8.6/encoding/iso2022.enc
/opt/conda/lib/tcl8.6/encoding/iso8859-11.enc
/opt/conda/lib/tcl8.6/encoding/cp861.enc
/opt/conda/lib/tcl8.6/encoding/jis0212.enc
/opt/conda/lib/tcl8.6/encoding/cp855.enc
/opt/conda/lib/tcl8.6/encoding/cp1256.enc
/opt/conda/lib/tcl8.6/encoding/big5.enc
/opt/conda/lib/tcl8.6/encoding/macCentEuro.enc
/opt/conda/lib/tcl8.6/encoding/iso8859-6.enc
/opt/conda/lib/tcl8.6/encoding/cp866.enc
/opt/conda/lib/tcl8.6/encoding/ascii.enc
/opt/conda/lib/tcl8.6/encoding/macCroatian.enc
/opt/conda/lib/tcl8.6/encoding/cp936.enc
/opt/conda/lib/tcl8.6/encoding/cp857.enc
/opt/conda/lib/tcl8.6/encoding/cp1250.enc
/opt/conda/lib/tcl8.6/encoding/ksc5601.enc
/opt/conda/lib/tcl8.6/encoding/macJapan.enc
/opt/conda/lib/tcl8.6/encoding/cp874.enc
/opt/conda/lib/tcl8.6/encoding/iso8859-16.enc
/opt/conda/lib/tcl8.6/encoding/shiftjis.enc
/opt/conda/lib/tcl8.6/encoding/iso8859-7.enc
/opt/conda/lib/tcl8.6/encoding/cp864.enc
/opt/conda/lib/tcl8.6/encoding/macIceland.enc
/opt/conda/lib/tcl8.6/encoding/cp869.enc
/opt/conda/lib/tcl8.6/encoding/cp1255.enc
/opt/conda/lib/tcl8.6/encoding/macTurkish.enc
/opt/conda/lib/tcl8.6/tclAppInit.c
/opt/conda/lib/tcl8.6/package.tcl
/opt/conda/lib/libgomp.so.1.0.0
/opt/conda/lib/libformw.a
/opt/conda/lib/libffi.so.8.1.2
/opt/conda/lib/libmenuw.a
/opt/conda/lib/libhistory.so.8.2
/opt/conda/lib/libhistory.a
/opt/conda/lib/libasan.so.6.0.0
/opt/conda/lib/libncursesw.a
/opt/conda/lib/libreproc++.so.14.2.4
/opt/conda/lib/libmamba.so.2.0.0
/opt/conda/lib/libpcre2-16.so.0.11.2
/opt/conda/lib/libzstd.so.1.5.5
/opt/conda/lib/libyaml-cpp.so.0.8.0
/opt/conda/lib/libfmt.so.9.1.0
/opt/conda/lib/libverto.so.0.0
/opt/conda/lib/libicui18n.so.73.1
/opt/conda/lib/libicutu.a
/opt/conda/lib/libstdc++.so.6.0.29
/opt/conda/lib/libtinfow.a
/opt/conda/lib/libicutest.so.73.1
/opt/conda/lib/libgtest_main.so.1.11.0
/opt/conda/lib/libffi.a
/opt/conda/lib/libgssapi_krb5.so.2.2
/opt/conda/lib/krb5
/opt/conda/lib/krb5/plugins
/opt/conda/lib/krb5/plugins/preauth
/opt/conda/lib/krb5/plugins/preauth/spake.so
/opt/conda/lib/krb5/plugins/preauth/otp.so
/opt/conda/lib/krb5/plugins/preauth/test.so
/opt/conda/lib/krb5/plugins/preauth/pkinit.so
/opt/conda/lib/krb5/plugins/tls
/opt/conda/lib/krb5/plugins/tls/k5tls.so
/opt/conda/lib/krb5/plugins/kdb
/opt/conda/lib/krb5/plugins/kdb/db2.so
/opt/conda/lib/libsolv.so.1
/opt/conda/lib/libpcre2-16.a
/opt/conda/lib/libicutu.so.73.1
/opt/conda/lib/libkrb5support.so.0.1
/opt/conda/lib/libarchive.so.19
/opt/conda/lib/tkConfig.sh
/opt/conda/lib/libicuuc.so.73.1
/opt/conda/lib/libatomic.so.1.2.0
/opt/conda/lib/libcurl.so.4.8.0
/opt/conda/lib/libbz2.so.1.0.8
/opt/conda/lib/libpcre2-8.so.0.11.2
/opt/conda/lib/libpython3.so
/opt/conda/lib/libz.a
/opt/conda/lib/libssh2.so.1.0.1
/opt/conda/lib/tdbc1.1.7
/opt/conda/lib/tdbc1.1.7/libtdbc1.1.7.so
/opt/conda/lib/tdbc1.1.7/libtdbcstub1.1.7.a
/opt/conda/lib/tdbc1.1.7/tdbc.tcl
/opt/conda/lib/tdbc1.1.7/tdbcConfig.sh
/opt/conda/lib/tdbc1.1.7/pkgIndex.tcl
/opt/conda/lib/tdbcpostgres1.1.7
/opt/conda/lib/tdbcpostgres1.1.7/tdbcpostgres.tcl
/opt/conda/lib/tdbcpostgres1.1.7/pkgIndex.tcl
/opt/conda/lib/tdbcpostgres1.1.7/libtdbcpostgres1.1.7.so
/opt/conda/lib/libkdb5.so.10.0
/opt/conda/lib/libreadline.a
/opt/conda/lib/libformw.so.6.4
/opt/conda/lib/icu
/opt/conda/lib/icu/73.1
/opt/conda/lib/icu/73.1/pkgdata.inc
/opt/conda/lib/icu/73.1/Makefile.inc
/opt/conda/lib/libpanelw.so.6.4
/opt/conda/lib/sqlite3.44.2
/opt/conda/lib/sqlite3.44.2/pkgIndex.tcl
/opt/conda/lib/sqlite3.44.2/libsqlite3.44.2.so
/opt/conda/lib/libmenuw.so.6.4
/opt/conda/lib/cmake
/opt/conda/lib/cmake/GTest
/opt/conda/lib/cmake/GTest/GTestConfig.cmake
/opt/conda/lib/cmake/GTest/GTestConfigVersion.cmake
/opt/conda/lib/cmake/GTest/GTestTargets.cmake
/opt/conda/lib/cmake/GTest/GTestTargets-release.cmake
/opt/conda/lib/cmake/expat-2.6.2
/opt/conda/lib/cmake/expat-2.6.2/expat.cmake
/opt/conda/lib/cmake/expat-2.6.2/expat-config-version.cmake
/opt/conda/lib/cmake/expat-2.6.2/expat-config.cmake
/opt/conda/lib/cmake/expat-2.6.2/expat-noconfig.cmake
/opt/conda/lib/cmake/zstd
/opt/conda/lib/cmake/zstd/zstdConfigVersion.cmake
/opt/conda/lib/cmake/zstd/zstdTargets.cmake
/opt/conda/lib/cmake/zstd/zstdConfig.cmake
/opt/conda/lib/cmake/zstd/zstdTargets-release.cmake
/opt/conda/lib/cmake/yaml-cpp
/opt/conda/lib/cmake/yaml-cpp/yaml-cpp-config.cmake
/opt/conda/lib/cmake/yaml-cpp/yaml-cpp-targets.cmake
/opt/conda/lib/cmake/yaml-cpp/yaml-cpp-config-version.cmake
/opt/conda/lib/cmake/yaml-cpp/yaml-cpp-targets-release.cmake
/opt/conda/lib/cmake/c-ares
/opt/conda/lib/cmake/c-ares/c-ares-config-version.cmake
/opt/conda/lib/cmake/c-ares/c-ares-targets.cmake
/opt/conda/lib/cmake/c-ares/c-ares-targets-release.cmake
/opt/conda/lib/cmake/c-ares/c-ares-config.cmake
/opt/conda/lib/cmake/reproc++
/opt/conda/lib/cmake/reproc++/reproc++-targets.cmake
/opt/conda/lib/cmake/reproc++/reproc++-targets-release.cmake
/opt/conda/lib/cmake/reproc++/reproc++-config-version.cmake
/opt/conda/lib/cmake/reproc++/reproc++-config.cmake
/opt/conda/lib/cmake/libmamba
/opt/conda/lib/cmake/libmamba/libmambaTargets.cmake
/opt/conda/lib/cmake/libmamba/libmambaConfig.cmake
/opt/conda/lib/cmake/libmamba/libmambaConfigVersion.cmake
/opt/conda/lib/cmake/libmamba/libmambaTargets-release.cmake
/opt/conda/lib/cmake/libxml2
/opt/conda/lib/cmake/libxml2/libxml2-config.cmake
/opt/conda/lib/cmake/fmt
/opt/conda/lib/cmake/fmt/fmt-targets.cmake
/opt/conda/lib/cmake/fmt/fmt-targets-release.cmake
/opt/conda/lib/cmake/fmt/fmt-config.cmake
/opt/conda/lib/cmake/fmt/fmt-config-version.cmake
/opt/conda/lib/cmake/libssh2
/opt/conda/lib/cmake/libssh2/Libssh2ConfigVersion.cmake
/opt/conda/lib/cmake/libssh2/Libssh2Config.cmake
/opt/conda/lib/cmake/libssh2/Libssh2Config-noconfig.cmake
/opt/conda/lib/cmake/reproc
/opt/conda/lib/cmake/reproc/reproc-config.cmake
/opt/conda/lib/cmake/reproc/reproc-targets-release.cmake
/opt/conda/lib/cmake/reproc/reproc-config-version.cmake
/opt/conda/lib/cmake/reproc/reproc-targets.cmake
/opt/conda/lib/libnghttp2.so.14.25.0
/opt/conda/lib/libpcre2-8.a
/opt/conda/lib/libtsan.so.0.0.0
/opt/conda/lib/libubsan.so.1.0.0
/opt/conda/lib/libicuio.so.73.1
/opt/conda/lib/libgcc_s.so
/opt/conda/lib/libicui18n.a
/opt/conda/lib/libedit.so.0.0.72
/opt/conda/lib/libgcc_s.so.1
/opt/conda/lib/libicutest.a
/opt/conda/lib/libev.so.4.0.0
/opt/conda/lib/libuuid.a
/opt/conda/lib/libcares.so.2.6.1
/opt/conda/lib/libpcre2-32.so.0.11.2
/opt/conda/lib/libssl.so.3
/opt/conda/lib/libkadm5clnt_mit.so.12.0
/opt/conda/lib/libcrypto.a
/opt/conda/lib/tk8.6
/opt/conda/lib/tk8.6/images
/opt/conda/lib/tk8.6/images/logo64.gif
/opt/conda/lib/tk8.6/images/pwrdLogo75.gif
/opt/conda/lib/tk8.6/images/logoLarge.gif
/opt/conda/lib/tk8.6/images/tai-ku.gif
/opt/conda/lib/tk8.6/images/logo.eps
/opt/conda/lib/tk8.6/images/logoMed.gif
/opt/conda/lib/tk8.6/images/pwrdLogo100.gif
/opt/conda/lib/tk8.6/images/logo100.gif
/opt/conda/lib/tk8.6/images/README
/opt/conda/lib/tk8.6/images/pwrdLogo200.gif
/opt/conda/lib/tk8.6/images/pwrdLogo150.gif
/opt/conda/lib/tk8.6/images/pwrdLogo.eps
/opt/conda/lib/tk8.6/images/pwrdLogo175.gif
/opt/conda/lib/tk8.6/msgs
/opt/conda/lib/tk8.6/msgs/hu.msg
/opt/conda/lib/tk8.6/msgs/es.msg
/opt/conda/lib/tk8.6/msgs/da.msg
/opt/conda/lib/tk8.6/msgs/fi.msg
/opt/conda/lib/tk8.6/msgs/ru.msg
/opt/conda/lib/tk8.6/msgs/en_gb.msg
/opt/conda/lib/tk8.6/msgs/fr.msg
/opt/conda/lib/tk8.6/msgs/cs.msg
/opt/conda/lib/tk8.6/msgs/it.msg
/opt/conda/lib/tk8.6/msgs/eo.msg
/opt/conda/lib/tk8.6/msgs/pt.msg
/opt/conda/lib/tk8.6/msgs/nl.msg
/opt/conda/lib/tk8.6/msgs/el.msg
/opt/conda/lib/tk8.6/msgs/sv.msg
/opt/conda/lib/tk8.6/msgs/zh_cn.msg
/opt/conda/lib/tk8.6/msgs/de.msg
/opt/conda/lib/tk8.6/msgs/pl.msg
/opt/conda/lib/tk8.6/msgs/en.msg
/opt/conda/lib/tk8.6/entry.tcl
/opt/conda/lib/tk8.6/scale.tcl
/opt/conda/lib/tk8.6/focus.tcl
/opt/conda/lib/tk8.6/panedwindow.tcl
/opt/conda/lib/tk8.6/ttk
/opt/conda/lib/tk8.6/ttk/notebook.tcl
/opt/conda/lib/tk8.6/ttk/entry.tcl
/opt/conda/lib/tk8.6/ttk/scale.tcl
/opt/conda/lib/tk8.6/ttk/sizegrip.tcl
/opt/conda/lib/tk8.6/ttk/xpTheme.tcl
/opt/conda/lib/tk8.6/ttk/panedwindow.tcl
/opt/conda/lib/tk8.6/ttk/clamTheme.tcl
/opt/conda/lib/tk8.6/ttk/utils.tcl
/opt/conda/lib/tk8.6/ttk/aquaTheme.tcl
/opt/conda/lib/tk8.6/ttk/winTheme.tcl
/opt/conda/lib/tk8.6/ttk/combobox.tcl
/opt/conda/lib/tk8.6/ttk/scrollbar.tcl
/opt/conda/lib/tk8.6/ttk/progress.tcl
/opt/conda/lib/tk8.6/ttk/classicTheme.tcl
/opt/conda/lib/tk8.6/ttk/altTheme.tcl
/opt/conda/lib/tk8.6/ttk/fonts.tcl
/opt/conda/lib/tk8.6/ttk/vistaTheme.tcl
/opt/conda/lib/tk8.6/ttk/menubutton.tcl
/opt/conda/lib/tk8.6/ttk/cursors.tcl
/opt/conda/lib/tk8.6/ttk/ttk.tcl
/opt/conda/lib/tk8.6/ttk/treeview.tcl
/opt/conda/lib/tk8.6/ttk/spinbox.tcl
/opt/conda/lib/tk8.6/ttk/button.tcl
/opt/conda/lib/tk8.6/ttk/defaults.tcl
/opt/conda/lib/tk8.6/bgerror.tcl
/opt/conda/lib/tk8.6/safetk.tcl
/opt/conda/lib/tk8.6/menu.tcl
/opt/conda/lib/tk8.6/fontchooser.tcl
/opt/conda/lib/tk8.6/mkpsenc.tcl
/opt/conda/lib/tk8.6/unsupported.tcl
/opt/conda/lib/tk8.6/palette.tcl
/opt/conda/lib/tk8.6/comdlg.tcl
/opt/conda/lib/tk8.6/clrpick.tcl
/opt/conda/lib/tk8.6/scrlbar.tcl
/opt/conda/lib/tk8.6/msgbox.tcl
/opt/conda/lib/tk8.6/icons.tcl
/opt/conda/lib/tk8.6/xmfbox.tcl
/opt/conda/lib/tk8.6/obsolete.tcl
/opt/conda/lib/tk8.6/demos
/opt/conda/lib/tk8.6/demos/images
/opt/conda/lib/tk8.6/demos/images/earth.gif
/opt/conda/lib/tk8.6/demos/images/ouster.png
/opt/conda/lib/tk8.6/demos/images/tcllogo.gif
/opt/conda/lib/tk8.6/demos/images/noletter.xbm
/opt/conda/lib/tk8.6/demos/images/pattern.xbm
/opt/conda/lib/tk8.6/demos/images/earthris.gif
/opt/conda/lib/tk8.6/demos/images/earthmenu.png
/opt/conda/lib/tk8.6/demos/images/gray25.xbm
/opt/conda/lib/tk8.6/demos/images/flagup.xbm
/opt/conda/lib/tk8.6/demos/images/teapot.ppm
/opt/conda/lib/tk8.6/demos/images/flagdown.xbm
/opt/conda/lib/tk8.6/demos/images/letters.xbm
/opt/conda/lib/tk8.6/demos/paned2.tcl
/opt/conda/lib/tk8.6/demos/mclist.tcl
/opt/conda/lib/tk8.6/demos/entry3.tcl
/opt/conda/lib/tk8.6/demos/search.tcl
/opt/conda/lib/tk8.6/demos/check.tcl
/opt/conda/lib/tk8.6/demos/ttkpane.tcl
/opt/conda/lib/tk8.6/demos/entry1.tcl
/opt/conda/lib/tk8.6/demos/bitmap.tcl
/opt/conda/lib/tk8.6/demos/puzzle.tcl
/opt/conda/lib/tk8.6/demos/image2.tcl
/opt/conda/lib/tk8.6/demos/labelframe.tcl
/opt/conda/lib/tk8.6/demos/pendulum.tcl
/opt/conda/lib/tk8.6/demos/fontchoose.tcl
/opt/conda/lib/tk8.6/demos/items.tcl
/opt/conda/lib/tk8.6/demos/combo.tcl
/opt/conda/lib/tk8.6/demos/license.terms
/opt/conda/lib/tk8.6/demos/ttkbut.tcl
/opt/conda/lib/tk8.6/demos/image1.tcl
/opt/conda/lib/tk8.6/demos/browse
/opt/conda/lib/tk8.6/demos/menu.tcl
/opt/conda/lib/tk8.6/demos/anilabel.tcl
/opt/conda/lib/tk8.6/demos/ttkprogress.tcl
/opt/conda/lib/tk8.6/demos/paned1.tcl
/opt/conda/lib/tk8.6/demos/spin.tcl
/opt/conda/lib/tk8.6/demos/ttknote.tcl
/opt/conda/lib/tk8.6/demos/goldberg.tcl
/opt/conda/lib/tk8.6/demos/widget
/opt/conda/lib/tk8.6/demos/states.tcl
/opt/conda/lib/tk8.6/demos/ruler.tcl
/opt/conda/lib/tk8.6/demos/twind.tcl
/opt/conda/lib/tk8.6/demos/hello
/opt/conda/lib/tk8.6/demos/clrpick.tcl
/opt/conda/lib/tk8.6/demos/ixset
/opt/conda/lib/tk8.6/demos/timer
/opt/conda/lib/tk8.6/demos/style.tcl
/opt/conda/lib/tk8.6/demos/msgbox.tcl
/opt/conda/lib/tk8.6/demos/icon.tcl
/opt/conda/lib/tk8.6/demos/README
/opt/conda/lib/tk8.6/demos/ttkmenu.tcl
/opt/conda/lib/tk8.6/demos/radio.tcl
/opt/conda/lib/tk8.6/demos/unicodeout.tcl
/opt/conda/lib/tk8.6/demos/textpeer.tcl
/opt/conda/lib/tk8.6/demos/floor.tcl
/opt/conda/lib/tk8.6/demos/text.tcl
/opt/conda/lib/tk8.6/demos/filebox.tcl
/opt/conda/lib/tk8.6/demos/tree.tcl
/opt/conda/lib/tk8.6/demos/vscale.tcl
/opt/conda/lib/tk8.6/demos/aniwave.tcl
/opt/conda/lib/tk8.6/demos/toolbar.tcl
/opt/conda/lib/tk8.6/demos/ctext.tcl
/opt/conda/lib/tk8.6/demos/nl.msg
/opt/conda/lib/tk8.6/demos/tcolor
/opt/conda/lib/tk8.6/demos/tclIndex
/opt/conda/lib/tk8.6/demos/dialog2.tcl
/opt/conda/lib/tk8.6/demos/entry2.tcl
/opt/conda/lib/tk8.6/demos/rmt
/opt/conda/lib/tk8.6/demos/ttkscale.tcl
/opt/conda/lib/tk8.6/demos/rolodex
/opt/conda/lib/tk8.6/demos/label.tcl
/opt/conda/lib/tk8.6/demos/menubu.tcl
/opt/conda/lib/tk8.6/demos/arrow.tcl
/opt/conda/lib/tk8.6/demos/hscale.tcl
/opt/conda/lib/tk8.6/demos/sayings.tcl
/opt/conda/lib/tk8.6/demos/button.tcl
/opt/conda/lib/tk8.6/demos/form.tcl
/opt/conda/lib/tk8.6/demos/dialog1.tcl
/opt/conda/lib/tk8.6/demos/knightstour.tcl
/opt/conda/lib/tk8.6/demos/colors.tcl
/opt/conda/lib/tk8.6/demos/bind.tcl
/opt/conda/lib/tk8.6/demos/cscroll.tcl
/opt/conda/lib/tk8.6/demos/plot.tcl
/opt/conda/lib/tk8.6/demos/en.msg
/opt/conda/lib/tk8.6/text.tcl
/opt/conda/lib/tk8.6/megawidget.tcl
/opt/conda/lib/tk8.6/pkgIndex.tcl
/opt/conda/lib/tk8.6/optMenu.tcl
/opt/conda/lib/tk8.6/tearoff.tcl
/opt/conda/lib/tk8.6/tkAppInit.c
/opt/conda/lib/tk8.6/tclIndex
/opt/conda/lib/tk8.6/iconlist.tcl
/opt/conda/lib/tk8.6/listbox.tcl
/opt/conda/lib/tk8.6/console.tcl
/opt/conda/lib/tk8.6/dialog.tcl
/opt/conda/lib/tk8.6/tk.tcl
/opt/conda/lib/tk8.6/spinbox.tcl
/opt/conda/lib/tk8.6/tkfbox.tcl
/opt/conda/lib/tk8.6/button.tcl
/opt/conda/lib/tk8.6/choosedir.tcl
/opt/conda/lib/libcom_err.so.3.0
/opt/conda/lib/libsqlite3.so.0.8.6
/opt/conda/lib/libtcl8.6.so
/opt/conda/lib/pkgconfig
/opt/conda/lib/pkgconfig/icu-i18n.pc
/opt/conda/lib/pkgconfig/libnghttp2.pc
/opt/conda/lib/pkgconfig/yaml-cpp.pc
/opt/conda/lib/pkgconfig/mit-krb5-gssapi.pc
/opt/conda/lib/pkgconfig/ncurses++w.pc
/opt/conda/lib/pkgconfig/libcrypto.pc
/opt/conda/lib/pkgconfig/libssl.pc
/opt/conda/lib/pkgconfig/libpcre2-16.pc
/opt/conda/lib/pkgconfig/liblzma.pc
/opt/conda/lib/pkgconfig/libsolv.pc
/opt/conda/lib/pkgconfig/gtest.pc
/opt/conda/lib/pkgconfig/sqlite3.pc
/opt/conda/lib/pkgconfig/python-3.12-embed.pc
/opt/conda/lib/pkgconfig/libarchive.pc
/opt/conda/lib/pkgconfig/uuid.pc
/opt/conda/lib/pkgconfig/tinfow.pc
/opt/conda/lib/pkgconfig/gmock_main.pc
/opt/conda/lib/pkgconfig/krb5.pc
/opt/conda/lib/pkgconfig/python-3.12.pc
/opt/conda/lib/pkgconfig/libpcre2-posix.pc
/opt/conda/lib/pkgconfig/libcares.pc
/opt/conda/lib/pkgconfig/icu-uc.pc
/opt/conda/lib/pkgconfig/libffi.pc
/opt/conda/lib/pkgconfig/menuw.pc
/opt/conda/lib/pkgconfig/history.pc
/opt/conda/lib/pkgconfig/mit-krb5.pc
/opt/conda/lib/pkgconfig/tk.pc
/opt/conda/lib/pkgconfig/kdb.pc
/opt/conda/lib/pkgconfig/libxml-2.0.pc
/opt/conda/lib/pkgconfig/liblz4.pc
/opt/conda/lib/pkgconfig/libssh2.pc
/opt/conda/lib/pkgconfig/openssl.pc
/opt/conda/lib/pkgconfig/readline.pc
/opt/conda/lib/pkgconfig/expat.pc
/opt/conda/lib/pkgconfig/libedit.pc
/opt/conda/lib/pkgconfig/libsolvext.pc
/opt/conda/lib/pkgconfig/tcl.pc
/opt/conda/lib/pkgconfig/formw.pc
/opt/conda/lib/pkgconfig/kadm-server.pc
/opt/conda/lib/pkgconfig/libpcre2-8.pc
/opt/conda/lib/pkgconfig/reproc.pc
/opt/conda/lib/pkgconfig/icu-io.pc
/opt/conda/lib/pkgconfig/panelw.pc
/opt/conda/lib/pkgconfig/libzstd.pc
/opt/conda/lib/pkgconfig/reproc++.pc
/opt/conda/lib/pkgconfig/libcurl.pc
/opt/conda/lib/pkgconfig/libpcre2-32.pc
/opt/conda/lib/pkgconfig/fmt.pc
/opt/conda/lib/pkgconfig/kadm-client.pc
/opt/conda/lib/pkgconfig/gmock.pc
/opt/conda/lib/pkgconfig/gssrpc.pc
/opt/conda/lib/pkgconfig/gtest_main.pc
/opt/conda/lib/pkgconfig/zlib.pc
/opt/conda/lib/pkgconfig/ncursesw.pc
/opt/conda/lib/pkgconfig/krb5-gssapi.pc
/opt/conda/lib/libuuid.so.1.3.0
/opt/conda/lib/liblzma.so.5.4.6
/opt/conda/lib/python3.12
/opt/conda/lib/python3.12/bdb.py
/opt/conda/lib/python3.12/heapq.py
/opt/conda/lib/python3.12/warnings.py
/opt/conda/lib/python3.12/pprint.py
/opt/conda/lib/python3.12/ssl.py
/opt/conda/lib/python3.12/cmd.py
/opt/conda/lib/python3.12/csv.py
/opt/conda/lib/python3.12/smtplib.py
/opt/conda/lib/python3.12/copyreg.py
/opt/conda/lib/python3.12/secrets.py
/opt/conda/lib/python3.12/base64.py
/opt/conda/lib/python3.12/pipes.py
/opt/conda/lib/python3.12/enum.py
/opt/conda/lib/python3.12/tokenize.py
/opt/conda/lib/python3.12/queue.py
/opt/conda/lib/python3.12/uu.py
/opt/conda/lib/python3.12/ctypes
/opt/conda/lib/python3.12/ctypes/__init__.py
/opt/conda/lib/python3.12/ctypes/macholib
/opt/conda/lib/python3.12/ctypes/macholib/README.ctypes
/opt/conda/lib/python3.12/ctypes/macholib/__init__.py
/opt/conda/lib/python3.12/ctypes/macholib/dyld.py
/opt/conda/lib/python3.12/ctypes/macholib/fetch_macholib.bat
/opt/conda/lib/python3.12/ctypes/macholib/__pycache__
/opt/conda/lib/python3.12/ctypes/macholib/__pycache__/framework.cpython-312.pyc
/opt/conda/lib/python3.12/ctypes/macholib/__pycache__/dylib.cpython-312.pyc
/opt/conda/lib/python3.12/ctypes/macholib/__pycache__/__init__.cpython-312.pyc
/opt/conda/lib/python3.12/ctypes/macholib/__pycache__/dyld.cpython-312.pyc
/opt/conda/lib/python3.12/ctypes/macholib/framework.py
/opt/conda/lib/python3.12/ctypes/macholib/dylib.py
/opt/conda/lib/python3.12/ctypes/macholib/fetch_macholib
/opt/conda/lib/python3.12/ctypes/wintypes.py
/opt/conda/lib/python3.12/ctypes/_endian.py
/opt/conda/lib/python3.12/ctypes/util.py
/opt/conda/lib/python3.12/ctypes/__pycache__
/opt/conda/lib/python3.12/ctypes/__pycache__/util.cpython-312.pyc
/opt/conda/lib/python3.12/ctypes/__pycache__/_endian.cpython-312.pyc
/opt/conda/lib/python3.12/ctypes/__pycache__/_aix.cpython-312.pyc
/opt/conda/lib/python3.12/ctypes/__pycache__/__init__.cpython-312.pyc
/opt/conda/lib/python3.12/ctypes/__pycache__/wintypes.cpython-312.pyc
/opt/conda/lib/python3.12/ctypes/_aix.py
/opt/conda/lib/python3.12/reprlib.py
/opt/conda/lib/python3.12/site-packages
/opt/conda/lib/python3.12/site-packages/Brotli-1.0.9.dist-info
/opt/conda/lib/python3.12/site-packages/Brotli-1.0.9.dist-info/WHEEL
/opt/conda/lib/python3.12/site-packages/Brotli-1.0.9.dist-info/direct_url.json
/opt/conda/lib/python3.12/site-packages/Brotli-1.0.9.dist-info/REQUESTED
/opt/conda/lib/python3.12/site-packages/Brotli-1.0.9.dist-info/LICENSE
/opt/conda/lib/python3.12/site-packages/Brotli-1.0.9.dist-info/top_level.txt
/opt/conda/lib/python3.12/site-packages/Brotli-1.0.9.dist-info/INSTALLER
/opt/conda/lib/python3.12/site-packages/Brotli-1.0.9.dist-info/RECORD
/opt/conda/lib/python3.12/site-packages/Brotli-1.0.9.dist-info/METADATA
/opt/conda/lib/python3.12/site-packages/jsonpointer.py
/opt/conda/lib/python3.12/site-packages/jsonpatch.py
/opt/conda/lib/python3.12/site-packages/wheel-0.43.0.dist-info
/opt/conda/lib/python3.12/site-packages/wheel-0.43.0.dist-info/WHEEL
/opt/conda/lib/python3.12/site-packages/wheel-0.43.0.dist-info/LICENSE.txt
/opt/conda/lib/python3.12/site-packages/wheel-0.43.0.dist-info/entry_points.txt
/opt/conda/lib/python3.12/site-packages/wheel-0.43.0.dist-info/RECORD
/opt/conda/lib/python3.12/site-packages/wheel-0.43.0.dist-info/METADATA
/opt/conda/lib/python3.12/site-packages/idna
/opt/conda/lib/python3.12/site-packages/idna/uts46data.py
/opt/conda/lib/python3.12/site-packages/idna/idnadata.py
/opt/conda/lib/python3.12/site-packages/idna/__init__.py
/opt/conda/lib/python3.12/site-packages/idna/compat.py
/opt/conda/lib/python3.12/site-packages/idna/py.typed
/opt/conda/lib/python3.12/site-packages/idna/__pycache__
/opt/conda/lib/python3.12/site-packages/idna/__pycache__/idnadata.cpython-312.pyc
/opt/conda/lib/python3.12/site-packages/idna/__pycache__/core.cpython-312.pyc
/opt/conda/lib/python3.12/site-packages/idna/__pycache__/package_data.cpython-312.pyc
/opt/conda/lib/python3.12/site-packages/idna/__pycache__/codec.cpython-312.pyc
/opt/conda/lib/python3.12/site-packages/idna/__pycache__/__init__.cpython-312.pyc
/opt/conda/lib/python3.12/site-packages/idna/__pycache__/compat.cpython-312.pyc
/opt/conda/lib/python3.12/site-packages/idna/__pycache__/intranges.cpython-312.pyc
/opt/conda/lib/python3.12/site-packages/idna/__pycache__/uts46data.cpython-312.pyc
/opt/conda/lib/python3.12/site-packages/idna/core.py
/opt/conda/lib/python3.12/site-packages/idna/codec.py
/opt/conda/lib/python3.12/site-packages/idna/intranges.py
/opt/conda/lib/python3.12/site-packages/idna/package_data.py
/opt/conda/lib/python3.12/site-packages/_distutils_hack
/opt/conda/lib/python3.12/site-packages/_distutils_hack/__init__.py
/opt/conda/lib/python3.12/site-packages/_distutils_hack/__pycache__
/opt/conda/lib/python3.12/site-packages/_distutils_hack/__pycache__/override.cpython-312.pyc
/opt/conda/lib/python3.12/site-packages/_distutils_hack/__pycache__/__init__.cpython-312.pyc
/opt/conda/lib/python3.12/site-packages/_distutils_hack/override.py
/opt/conda/lib/python3.12/site-packages/certifi-2024.2.2.dist-info
/opt/conda/lib/python3.12/site-packages/certifi-2024.2.2.dist-info/WHEEL
/opt/conda/lib/python3.12/site-packages/certifi-2024.2.2.dist-info/direct_url.json
/opt/conda/lib/python3.12/site-packages/certifi-2024.2.2.dist-info/REQUESTED
/opt/conda/lib/python3.12/site-packages/certifi-2024.2.2.dist-info/LICENSE
/opt/conda/lib/python3.12/site-packages/certifi-2024.2.2.dist-info/top_level.txt
/opt/conda/lib/python3.12/site-packages/certifi-2024.2.2.dist-info/INSTALLER
/opt/conda/lib/python3.12/site-packages/certifi-2024.2.2.dist-info/RECORD
/opt/conda/lib/python3.12/site-packages/certifi-2024.2.2.dist-info/METADATA
/opt/conda/lib/python3.12/site-packages/pycosat.cpython-312-x86_64-linux-gnu.so
/opt/conda/lib/python3.12/site-packages/conda_env
/opt/conda/lib/python3.12/site-packages/conda_env/README.md
/opt/conda/lib/python3.12/site-packages/conda_env/__init__.py
/opt/conda/lib/python3.12/site-packages/conda_env/installers
/opt/conda/lib/python3.12/site-packages/conda_env/installers/__init__.py
/opt/conda/lib/python3.12/site-packages/conda_env/installers/pip.py
/opt/conda/lib/python3.12/site-packages/conda_env/installers/base.py
/opt/conda/lib/python3.12/site-packages/conda_env/installers/conda.py
/opt/conda/lib/python3.12/site-packages/conda_env/installers/__pycache__
/opt/conda/lib/python3.12/site-packages/conda_env/installers/__pycache__/base.cpython-312.pyc
/opt/conda/lib/python3.12/site-packages/conda_env/installers/__pycache__/conda.cpython-312.pyc
/opt/conda/lib/python3.12/site-packages/conda_env/installers/__pycache__/__init__.cpython-312.pyc
/opt/conda/lib/python3.12/site-packages/conda_env/installers/__pycache__/pip.cpython-312.pyc
/opt/conda/lib/python3.12/site-packages/conda_env/pip_util.py
/opt/conda/lib/python3.12/site-packages/conda_env/env.py
/opt/conda/lib/python3.12/site-packages/conda_env/__pycache__
/opt/conda/lib/python3.12/site-packages/conda_env/__pycache__/pip_util.cpython-312.pyc
/opt/conda/lib/python3.12/site-packages/conda_env/__pycache__/env.cpython-312.pyc
/opt/conda/lib/python3.12/site-packages/conda_env/__pycache__/__init__.cpython-312.pyc
/opt/conda/lib/python3.12/site-packages/conda_env/cli
/opt/conda/lib/python3.12/site-packages/conda_env/cli/__init__.py
/opt/conda/lib/python3.12/site-packages/conda_env/cli/main.py
/opt/conda/lib/python3.12/site-packages/conda_env/cli/main_create.py
/opt/conda/lib/python3.12/site-packages/conda_env/cli/main_config.py
/opt/conda/lib/python3.12/site-packages/conda_env/cli/main_list.py
/opt/conda/lib/python3.12/site-packages/conda_env/cli/main_remove.py
/opt/conda/lib/python3.12/site-packages/conda_env/cli/main_vars.py
/opt/conda/lib/python3.12/site-packages/conda_env/cli/__pycache__
/opt/conda/lib/python3.12/site-packages/conda_env/cli/__pycache__/main_update.cpython-312.pyc
/opt/conda/lib/python3.12/site-packages/conda_env/cli/__pycache__/main_remove.cpython-312.pyc
/opt/conda/lib/python3.12/site-packages/conda_env/cli/__pycache__/main_export.cpython-312.pyc
/opt/conda/lib/python3.12/site-packages/conda_env/cli/__pycache__/main_list.cpython-312.pyc
/opt/conda/lib/python3.12/site-packages/conda_env/cli/__pycache__/main_vars.cpython-312.pyc
/opt/conda/lib/python3.12/site-packages/conda_env/cli/__pycache__/main_create.cpython-312.pyc
/opt/conda/lib/python3.12/site-packages/conda_env/cli/__pycache__/main_config.cpython-312.pyc
/opt/conda/lib/python3.12/site-packages/conda_env/cli/__pycache__/common.cpython-312.pyc
/opt/conda/lib/python3.12/site-packages/conda_env/cli/__pycache__/__init__.cpython-312.pyc
/opt/conda/lib/python3.12/site-packages/conda_env/cli/__pycache__/main.cpython-312.pyc
/opt/conda/lib/python3.12/site-packages/conda_env/cli/main_export.py
/opt/conda/lib/python3.12/site-packages/conda_env/cli/common.py
/opt/conda/lib/python3.12/site-packages/conda_env/cli/main_update.py
/opt/conda/lib/python3.12/site-packages/conda_env/specs
/opt/conda/lib/python3.12/site-packages/conda_env/specs/__init__.py
/opt/conda/lib/python3.12/site-packages/conda_env/specs/requirements.py
/opt/conda/lib/python3.12/site-packages/conda_env/specs/yaml_file.py
/opt/conda/lib/python3.12/site-packages/conda_env/specs/__pycache__
/opt/conda/lib/python3.12/site-packages/conda_env/specs/__pycache__/binstar.cpython-312.pyc
/opt/conda/lib/python3.12/site-packages/conda_env/specs/__pycache__/requirements.cpython-312.pyc
/opt/conda/lib/python3.12/site-packages/conda_env/specs/__pycache__/yaml_file.cpython-312.pyc
/opt/conda/lib/python3.12/site-packages/conda_env/specs/__pycache__/__init__.cpython-312.pyc
/opt/conda/lib/python3.12/site-packages/conda_env/specs/binstar.py
/opt/conda/lib/python3.12/site-packages/frozendict-2.4.2.dist-info
/opt/conda/lib/python3.12/site-packages/frozendict-2.4.2.dist-info/WHEEL
/opt/conda/lib/python3.12/site-packages/frozendict-2.4.2.dist-info/direct_url.json
/opt/conda/lib/python3.12/site-packages/frozendict-2.4.2.dist-info/REQUESTED
/opt/conda/lib/python3.12/site-packages/frozendict-2.4.2.dist-info/LICENSE.txt
/opt/conda/lib/python3.12/site-packages/frozendict-2.4.2.dist-info/top_level.txt
/opt/conda/lib/python3.12/site-packages/frozendict-2.4.2.dist-info/INSTALLER
/opt/conda/lib/python3.12/site-packages/frozendict-2.4.2.dist-info/RECORD
/opt/conda/lib/python3.12/site-packages/frozendict-2.4.2.dist-info/METADATA
/opt/conda/lib/python3.12/site-packages/pkg_resources
/opt/conda/lib/python3.12/site-packages/pkg_resources/_vendor
/opt/conda/lib/python3.12/site-packages/pkg_resources/_vendor/zipp.py
/opt/conda/lib/python3.12/site-packages/pkg_resources/_vendor/__init__.py
/opt/conda/lib/python3.12/site-packages/pkg_resources/_vendor/importlib_resources
/opt/conda/lib/python3.12/site-packages/pkg_resources/_vendor/importlib_resources/readers.py
/opt/conda/lib/python3.12/site-packages/pkg_resources/_vendor/importlib_resources/__init__.py
/opt/conda/lib/python3.12/site-packages/pkg_resources/_vendor/importlib_resources/py.typed
/opt/conda/lib/python3.12/site-packages/pkg_resources/_vendor/importlib_resources/abc.py
/opt/conda/lib/python3.12/site-packages/pkg_resources/_vendor/importlib_resources/_itertools.py
/opt/conda/lib/python3.12/site-packages/pkg_resources/_vendor/importlib_resources/_common.py
/opt/conda/lib/python3.12/site-packages/pkg_resources/_vendor/importlib_resources/_legacy.py
/opt/conda/lib/python3.12/site-packages/pkg_resources/_vendor/importlib_resources/__pycache__
/opt/conda/lib/python3.12/site-packages/pkg_resources/_vendor/importlib_resources/__pycache__/_legacy.cpython-312.pyc
/opt/conda/lib/python3.12/site-packages/pkg_resources/_vendor/importlib_resources/__pycache__/_common.cpython-312.pyc
/opt/conda/lib/python3.12/site-packages/pkg_resources/_vendor/importlib_resources/__pycache__/__init__.cpython-312.pyc
/opt/conda/lib/python3.12/site-packages/pkg_resources/_vendor/importlib_resources/__pycache__/simple.cpython-312.pyc
/opt/conda/lib/python3.12/site-packages/pkg_resources/_vendor/importlib_resources/__pycache__/_adapters.cpython-312.pyc
/opt/conda/lib/python3.12/site-packages/pkg_resources/_vendor/importlib_resources/__pycache__/abc.cpython-312.pyc
/opt/conda/lib/python3.12/site-packages/pkg_resources/_vendor/importlib_resources/__pycache__/_compat.cpython-312.pyc
/opt/conda/lib/python3.12/site-packages/pkg_resources/_vendor/importlib_resources/__pycache__/readers.cpython-312.pyc
/opt/conda/lib/python3.12/site-packages/pkg_resources/_vendor/importlib_resources/__pycache__/_itertools.cpython-312.pyc
/opt/conda/lib/python3.12/site-packages/pkg_resources/_vendor/importlib_resources/_compat.py
/opt/conda/lib/python3.12/site-packages/pkg_resources/_vendor/importlib_resources/_adapters.py
/opt/conda/lib/python3.12/site-packages/pkg_resources/_vendor/importlib_resources/simple.py
/opt/conda/lib/python3.12/site-packages/pkg_resources/_vendor/jaraco
/opt/conda/lib/python3.12/site-packages/pkg_resources/_vendor/jaraco/functools
/opt/conda/lib/python3.12/site-packages/pkg_resources/_vendor/jaraco/functools/__init__.py
/opt/conda/lib/python3.12/site-packages/pkg_resources/_vendor/jaraco/functools/py.typed
/opt/conda/lib/python3.12/site-packages/pkg_resources/_vendor/jaraco/functools/__init__.pyi
/opt/conda/lib/python3.12/site-packages/pkg_resources/_vendor/jaraco/functools/__pycache__
/opt/conda/lib/python3.12/site-packages/pkg_resources/_vendor/jaraco/functools/__pycache__/__init__.cpython-312.pyc
/opt/conda/lib/python3.12/site-packages/pkg_resources/_vendor/jaraco/__init__.py
/opt/conda/lib/python3.12/site-packages/pkg_resources/_vendor/jaraco/context.py
/opt/conda/lib/python3.12/site-packages/pkg_resources/_vendor/jaraco/text
/opt/conda/lib/python3.12/site-packages/pkg_resources/_vendor/jaraco/text/__init__.py
/opt/conda/lib/python3.12/site-packages/pkg_resources/_vendor/jaraco/text/__pycache__
/opt/conda/lib/python3.12/site-packages/pkg_resources/_vendor/jaraco/text/__pycache__/__init__.cpython-312.pyc
/opt/conda/lib/python3.12/site-packages/pkg_resources/_vendor/jaraco/__pycache__
/opt/conda/lib/python3.12/site-packages/pkg_resources/_vendor/jaraco/__pycache__/__init__.cpython-312.pyc
/opt/conda/lib/python3.12/site-packages/pkg_resources/_vendor/jaraco/__pycache__/context.cpython-312.pyc
/opt/conda/lib/python3.12/site-packages/pkg_resources/_vendor/packaging
/opt/conda/lib/python3.12/site-packages/pkg_resources/_vendor/packaging/_structures.py
/opt/conda/lib/python3.12/site-packages/pkg_resources/_vendor/packaging/__init__.py
/opt/conda/lib/python3.12/site-packages/pkg_resources/_vendor/packaging/requirements.py
/opt/conda/lib/python3.12/site-packages/pkg_resources/_vendor/packaging/py.typed
/opt/conda/lib/python3.12/site-packages/pkg_resources/_vendor/packaging/_manylinux.py
/opt/conda/lib/python3.12/site-packages/pkg_resources/_vendor/packaging/markers.py
/opt/conda/lib/python3.12/site-packages/pkg_resources/_vendor/packaging/metadata.py
/opt/conda/lib/python3.12/site-packages/pkg_resources/_vendor/packaging/specifiers.py
/opt/conda/lib/python3.12/site-packages/pkg_resources/_vendor/packaging/utils.py
/opt/conda/lib/python3.12/site-packages/pkg_resources/_vendor/packaging/tags.py
/opt/conda/lib/python3.12/site-packages/pkg_resources/_vendor/packaging/_musllinux.py
/opt/conda/lib/python3.12/site-packages/pkg_resources/_vendor/packaging/version.py
/opt/conda/lib/python3.12/site-packages/pkg_resources/_vendor/packaging/_tokenizer.py
/opt/conda/lib/python3.12/site-packages/pkg_resources/_vendor/packaging/__pycache__
/opt/conda/lib/python3.12/site-packages/pkg_resources/_vendor/packaging/__pycache__/_tokenizer.cpython-312.pyc
/opt/conda/lib/python3.12/site-packages/pkg_resources/_vendor/packaging/__pycache__/_manylinux.cpython-312.pyc
/opt/conda/lib/python3.12/site-packages/pkg_resources/_vendor/packaging/__pycache__/metadata.cpython-312.pyc
/opt/conda/lib/python3.12/site-packages/pkg_resources/_vendor/packaging/__pycache__/requirements.cpython-312.pyc
/opt/conda/lib/python3.12/site-packages/pkg_resources/_vendor/packaging/__pycache__/specifiers.cpython-312.pyc
/opt/conda/lib/python3.12/site-packages/pkg_resources/_vendor/packaging/__pycache__/tags.cpython-312.pyc
/opt/conda/lib/python3.12/site-packages/pkg_resources/_vendor/packaging/__pycache__/markers.cpython-312.pyc
/opt/conda/lib/python3.12/site-packages/pkg_resources/_vendor/packaging/__pycache__/_musllinux.cpython-312.pyc
/opt/conda/lib/python3.12/site-packages/pkg_resources/_vendor/packaging/__pycache__/_elffile.cpython-312.pyc
/opt/conda/lib/python3.12/site-packages/pkg_resources/_vendor/packaging/__pycache__/_parser.cpython-312.pyc
/opt/conda/lib/python3.12/site-packages/pkg_resources/_vendor/packaging/__pycache__/__init__.cpython-312.pyc
/opt/conda/lib/python3.12/site-packages/pkg_resources/_vendor/packaging/__pycache__/utils.cpython-312.pyc
/opt/conda/lib/python3.12/site-packages/pkg_resources/_vendor/packaging/__pycache__/_structures.cpython-312.pyc
/opt/conda/lib/python3.12/site-packages/pkg_resources/_vendor/packaging/__pycache__/version.cpython-312.pyc
/opt/conda/lib/python3.12/site-packages/pkg_resources/_vendor/packaging/_elffile.py
/opt/conda/lib/python3.12/site-packages/pkg_resources/_vendor/packaging/_parser.py
/opt/conda/lib/python3.12/site-packages/pkg_resources/_vendor/typing_extensions.py
/opt/conda/lib/python3.12/site-packages/pkg_resources/_vendor/__pycache__
/opt/conda/lib/python3.12/site-packages/pkg_resources/_vendor/__pycache__/typing_extensions.cpython-312.pyc
/opt/conda/lib/python3.12/site-packages/pkg_resources/_vendor/__pycache__/zipp.cpython-312.pyc
/opt/conda/lib/python3.12/site-packages/pkg_resources/_vendor/__pycache__/__init__.cpython-312.pyc
/opt/conda/lib/python3.12/site-packages/pkg_resources/_vendor/more_itertools
/opt/conda/lib/python3.12/site-packages/pkg_resources/_vendor/more_itertools/__init__.py
/opt/conda/lib/python3.12/site-packages/pkg_resources/_vendor/more_itertools/py.typed
/opt/conda/lib/python3.12/site-packages/pkg_resources/_vendor/more_itertools/recipes.py
/opt/conda/lib/python3.12/site-packages/pkg_resources/_vendor/more_itertools/more.py
/opt/conda/lib/python3.12/site-packages/pkg_resources/_vendor/more_itertools/__init__.pyi
/opt/conda/lib/python3.12/site-packages/pkg_resources/_vendor/more_itertools/recipes.pyi
/opt/conda/lib/python3.12/site-packages/pkg_resources/_vendor/more_itertools/__pycache__
/opt/conda/lib/python3.12/site-packages/pkg_resources/_vendor/more_itertools/__pycache__/__init__.cpython-312.pyc
/opt/conda/lib/python3.12/site-packages/pkg_resources/_vendor/more_itertools/__pycache__/recipes.cpython-312.pyc
/opt/conda/lib/python3.12/site-packages/pkg_resources/_vendor/more_itertools/__pycache__/more.cpython-312.pyc
/opt/conda/lib/python3.12/site-packages/pkg_resources/_vendor/more_itertools/more.pyi
/opt/conda/lib/python3.12/site-packages/pkg_resources/_vendor/backports
/opt/conda/lib/python3.12/site-packages/pkg_resources/_vendor/backports/__init__.py
/opt/conda/lib/python3.12/site-packages/pkg_resources/_vendor/backports/tarfile.py
/opt/conda/lib/python3.12/site-packages/pkg_resources/_vendor/backports/__pycache__
/opt/conda/lib/python3.12/site-packages/pkg_resources/_vendor/backports/__pycache__/tarfile.cpython-312.pyc
/opt/conda/lib/python3.12/site-packages/pkg_resources/_vendor/backports/__pycache__/__init__.cpython-312.pyc
/opt/conda/lib/python3.12/site-packages/pkg_resources/_vendor/platformdirs
/opt/conda/lib/python3.12/site-packages/pkg_resources/_vendor/platformdirs/android.py
/opt/conda/lib/python3.12/site-packages/pkg_resources/_vendor/platformdirs/__main__.py
/opt/conda/lib/python3.12/site-packages/pkg_resources/_vendor/platformdirs/__init__.py
/opt/conda/lib/python3.12/site-packages/pkg_resources/_vendor/platformdirs/py.typed
/opt/conda/lib/python3.12/site-packages/pkg_resources/_vendor/platformdirs/macos.py
/opt/conda/lib/python3.12/site-packages/pkg_resources/_vendor/platformdirs/windows.py
/opt/conda/lib/python3.12/site-packages/pkg_resources/_vendor/platformdirs/api.py
/opt/conda/lib/python3.12/site-packages/pkg_resources/_vendor/platformdirs/unix.py
/opt/conda/lib/python3.12/site-packages/pkg_resources/_vendor/platformdirs/version.py
/opt/conda/lib/python3.12/site-packages/pkg_resources/_vendor/platformdirs/__pycache__
/opt/conda/lib/python3.12/site-packages/pkg_resources/_vendor/platformdirs/__pycache__/api.cpython-312.pyc
/opt/conda/lib/python3.12/site-packages/pkg_resources/_vendor/platformdirs/__pycache__/unix.cpython-312.pyc
/opt/conda/lib/python3.12/site-packages/pkg_resources/_vendor/platformdirs/__pycache__/__init__.cpython-312.pyc
/opt/conda/lib/python3.12/site-packages/pkg_resources/_vendor/platformdirs/__pycache__/macos.cpython-312.pyc
/opt/conda/lib/python3.12/site-packages/pkg_resources/_vendor/platformdirs/__pycache__/version.cpython-312.pyc
/opt/conda/lib/python3.12/site-packages/pkg_resources/_vendor/platformdirs/__pycache__/android.cpython-312.pyc
/opt/conda/lib/python3.12/site-packages/pkg_resources/_vendor/platformdirs/__pycache__/windows.cpython-312.pyc
/opt/conda/lib/python3.12/site-packages/pkg_resources/_vendor/platformdirs/__pycache__/__main__.cpython-312.pyc
/opt/conda/lib/python3.12/site-packages/pkg_resources/__init__.py
/opt/conda/lib/python3.12/site-packages/pkg_resources/__pycache__
/opt/conda/lib/python3.12/site-packages/pkg_resources/__pycache__/__init__.cpython-312.pyc
/opt/conda/lib/python3.12/site-packages/pkg_resources/extern
/opt/conda/lib/python3.12/site-packages/pkg_resources/extern/__init__.py
/opt/conda/lib/python3.12/site-packages/pkg_resources/extern/__pycache__
/opt/conda/lib/python3.12/site-packages/pkg_resources/extern/__pycache__/__init__.cpython-312.pyc
/opt/conda/lib/python3.12/site-packages/conda_package_handling-2.2.0.dist-info
/opt/conda/lib/python3.12/site-packages/conda_package_handling-2.2.0.dist-info/AUTHORS.md
/opt/conda/lib/python3.12/site-packages/conda_package_handling-2.2.0.dist-info/WHEEL
/opt/conda/lib/python3.12/site-packages/conda_package_handling-2.2.0.dist-info/direct_url.json
/opt/conda/lib/python3.12/site-packages/conda_package_handling-2.2.0.dist-info/REQUESTED
/opt/conda/lib/python3.12/site-packages/conda_package_handling-2.2.0.dist-info/LICENSE
/opt/conda/lib/python3.12/site-packages/conda_package_handling-2.2.0.dist-info/top_level.txt
/opt/conda/lib/python3.12/site-packages/conda_package_handling-2.2.0.dist-info/entry_points.txt
/opt/conda/lib/python3.12/site-packages/conda_package_handling-2.2.0.dist-info/INSTALLER
/opt/conda/lib/python3.12/site-packages/conda_package_handling-2.2.0.dist-info/RECORD
/opt/conda/lib/python3.12/site-packages/conda_package_handling-2.2.0.dist-info/METADATA
/opt/conda/lib/python3.12/site-packages/tqdm-4.66.2.dist-info
/opt/conda/lib/python3.12/site-packages/tqdm-4.66.2.dist-info/WHEEL
/opt/conda/lib/python3.12/site-packages/tqdm-4.66.2.dist-info/direct_url.json
/opt/conda/lib/python3.12/site-packages/tqdm-4.66.2.dist-info/REQUESTED
/opt/conda/lib/python3.12/site-packages/tqdm-4.66.2.dist-info/LICENCE
/opt/conda/lib/python3.12/site-packages/tqdm-4.66.2.dist-info/top_level.txt
/opt/conda/lib/python3.12/site-packages/tqdm-4.66.2.dist-info/entry_points.txt
/opt/conda/lib/python3.12/site-packages/tqdm-4.66.2.dist-info/INSTALLER
/opt/conda/lib/python3.12/site-packages/tqdm-4.66.2.dist-info/RECORD
/opt/conda/lib/python3.12/site-packages/tqdm-4.66.2.dist-info/METADATA
/opt/conda/lib/python3.12/site-packages/pluggy-1.0.0.dist-info
/opt/conda/lib/python3.12/site-packages/pluggy-1.0.0.dist-info/WHEEL
/opt/conda/lib/python3.12/site-packages/pluggy-1.0.0.dist-info/direct_url.json
/opt/conda/lib/python3.12/site-packages/pluggy-1.0.0.dist-info/REQUESTED
/opt/conda/lib/python3.12/site-packages/pluggy-1.0.0.dist-info/LICENSE
/opt/conda/lib/python3.12/site-packages/pluggy-1.0.0.dist-info/top_level.txt
/opt/conda/lib/python3.12/site-packages/pluggy-1.0.0.dist-info/INSTALLER
/opt/conda/lib/python3.12/site-packages/pluggy-1.0.0.dist-info/RECORD
/opt/conda/lib/python3.12/site-packages/pluggy-1.0.0.dist-info/METADATA
/opt/conda/lib/python3.12/site-packages/_brotli.cpython-312-x86_64-linux-gnu.so
/opt/conda/lib/python3.12/site-packages/zstandard-0.22.0.dist-info
/opt/conda/lib/python3.12/site-packages/zstandard-0.22.0.dist-info/WHEEL
/opt/conda/lib/python3.12/site-packages/zstandard-0.22.0.dist-info/direct_url.json
/opt/conda/lib/python3.12/site-packages/zstandard-0.22.0.dist-info/REQUESTED
/opt/conda/lib/python3.12/site-packages/zstandard-0.22.0.dist-info/LICENSE
/opt/conda/lib/python3.12/site-packages/zstandard-0.22.0.dist-info/top_level.txt
/opt/conda/lib/python3.12/site-packages/zstandard-0.22.0.dist-info/INSTALLER
/opt/conda/lib/python3.12/site-packages/zstandard-0.22.0.dist-info/RECORD
/opt/conda/lib/python3.12/site-packages/zstandard-0.22.0.dist-info/METADATA
/opt/conda/lib/python3.12/site-packages/setuptools-69.5.1-py3.12.egg-info
/opt/conda/lib/python3.12/site-packages/setuptools-69.5.1-py3.12.egg-info/SOURCES.txt
/opt/conda/lib/python3.12/site-packages/setuptools-69.5.1-py3.12.egg-info/requires.txt
/opt/conda/lib/python3.12/site-packages/setuptools-69.5.1-py3.12.egg-info/PKG-INFO
/opt/conda/lib/python3.12/site-packages/setuptools-69.5.1-py3.12.egg-info/top_level.txt
/opt/conda/lib/python3.12/site-packages/setuptools-69.5.1-py3.12.egg-info/entry_points.txt
/opt/conda/lib/python3.12/site-packages/setuptools-69.5.1-py3.12.egg-info/dependency_links.txt
/opt/conda/lib/python3.12/site-packages/_cffi_backend.cpython-312-x86_64-linux-gnu.so
/opt/conda/lib/python3.12/site-packages/cffi-1.16.0.dist-info
/opt/conda/lib/python3.12/site-packages/cffi-1.16.0.dist-info/WHEEL
/opt/conda/lib/python3.12/site-packages/cffi-1.16.0.dist-info/direct_url.json
/opt/conda/lib/python3.12/site-packages/cffi-1.16.0.dist-info/REQUESTED
/opt/conda/lib/python3.12/site-packages/cffi-1.16.0.dist-info/LICENSE
/opt/conda/lib/python3.12/site-packages/cffi-1.16.0.dist-info/top_level.txt
/opt/conda/lib/python3.12/site-packages/cffi-1.16.0.dist-info/entry_points.txt
/opt/conda/lib/python3.12/site-packages/cffi-1.16.0.dist-info/INSTALLER
/opt/conda/lib/python3.12/site-packages/cffi-1.16.0.dist-info/RECORD
/opt/conda/lib/python3.12/site-packages/cffi-1.16.0.dist-info/METADATA
/opt/conda/lib/python3.12/site-packages/platformdirs-3.10.0.dist-info
/opt/conda/lib/python3.12/site-packages/platformdirs-3.10.0.dist-info/WHEEL
/opt/conda/lib/python3.12/site-packages/platformdirs-3.10.0.dist-info/direct_url.json
/opt/conda/lib/python3.12/site-packages/platformdirs-3.10.0.dist-info/REQUESTED
/opt/conda/lib/python3.12/site-packages/platformdirs-3.10.0.dist-info/licenses
/opt/conda/lib/python3.12/site-packages/platformdirs-3.10.0.dist-info/licenses/LICENSE
/opt/conda/lib/python3.12/site-packages/platformdirs-3.10.0.dist-info/INSTALLER
/opt/conda/lib/python3.12/site-packages/platformdirs-3.10.0.dist-info/RECORD
/opt/conda/lib/python3.12/site-packages/platformdirs-3.10.0.dist-info/METADATA
/opt/conda/lib/python3.12/site-packages/conda_libmamba_solver
/opt/conda/lib/python3.12/site-packages/conda_libmamba_solver/conda_build_exceptions.py
/opt/conda/lib/python3.12/site-packages/conda_libmamba_solver/__init__.py
/opt/conda/lib/python3.12/site-packages/conda_libmamba_solver/plugin.py
/opt/conda/lib/python3.12/site-packages/conda_libmamba_solver/solver.py
/opt/conda/lib/python3.12/site-packages/conda_libmamba_solver/repoquery.py
/opt/conda/lib/python3.12/site-packages/conda_libmamba_solver/utils.py
/opt/conda/lib/python3.12/site-packages/conda_libmamba_solver/state.py
/opt/conda/lib/python3.12/site-packages/conda_libmamba_solver/__pycache__
/opt/conda/lib/python3.12/site-packages/conda_libmamba_solver/__pycache__/index.cpython-312.pyc
/opt/conda/lib/python3.12/site-packages/conda_libmamba_solver/__pycache__/solver.cpython-312.pyc
/opt/conda/lib/python3.12/site-packages/conda_libmamba_solver/__pycache__/__init__.cpython-312.pyc
/opt/conda/lib/python3.12/site-packages/conda_libmamba_solver/__pycache__/utils.cpython-312.pyc
/opt/conda/lib/python3.12/site-packages/conda_libmamba_solver/__pycache__/conda_build_exceptions.cpython-312.pyc
/opt/conda/lib/python3.12/site-packages/conda_libmamba_solver/__pycache__/exceptions.cpython-312.pyc
/opt/conda/lib/python3.12/site-packages/conda_libmamba_solver/__pycache__/repoquery.cpython-312.pyc
/opt/conda/lib/python3.12/site-packages/conda_libmamba_solver/__pycache__/mamba_utils.cpython-312.pyc
/opt/conda/lib/python3.12/site-packages/conda_libmamba_solver/__pycache__/state.cpython-312.pyc
/opt/conda/lib/python3.12/site-packages/conda_libmamba_solver/__pycache__/plugin.cpython-312.pyc
/opt/conda/lib/python3.12/site-packages/conda_libmamba_solver/index.py
/opt/conda/lib/python3.12/site-packages/conda_libmamba_solver/mamba_utils.py
/opt/conda/lib/python3.12/site-packages/conda_libmamba_solver/exceptions.py
/opt/conda/lib/python3.12/site-packages/conda_package_streaming-0.9.0.dist-info
/opt/conda/lib/python3.12/site-packages/conda_package_streaming-0.9.0.dist-info/WHEEL
/opt/conda/lib/python3.12/site-packages/conda_package_streaming-0.9.0.dist-info/direct_url.json
/opt/conda/lib/python3.12/site-packages/conda_package_streaming-0.9.0.dist-info/REQUESTED
/opt/conda/lib/python3.12/site-packages/conda_package_streaming-0.9.0.dist-info/LICENSE
/opt/conda/lib/python3.12/site-packages/conda_package_streaming-0.9.0.dist-info/INSTALLER
/opt/conda/lib/python3.12/site-packages/conda_package_streaming-0.9.0.dist-info/RECORD
/opt/conda/lib/python3.12/site-packages/conda_package_streaming-0.9.0.dist-info/METADATA
/opt/conda/lib/python3.12/site-packages/pluggy
/opt/conda/lib/python3.12/site-packages/pluggy/__init__.py
/opt/conda/lib/python3.12/site-packages/pluggy/_tracing.py
/opt/conda/lib/python3.12/site-packages/pluggy/_result.py
/opt/conda/lib/python3.12/site-packages/pluggy/_hooks.py
/opt/conda/lib/python3.12/site-packages/pluggy/_manager.py
/opt/conda/lib/python3.12/site-packages/pluggy/__pycache__
/opt/conda/lib/python3.12/site-packages/pluggy/__pycache__/_result.cpython-312.pyc
/opt/conda/lib/python3.12/site-packages/pluggy/__pycache__/_tracing.cpython-312.pyc
/opt/conda/lib/python3.12/site-packages/pluggy/__pycache__/_callers.cpython-312.pyc
/opt/conda/lib/python3.12/site-packages/pluggy/__pycache__/__init__.cpython-312.pyc
/opt/conda/lib/python3.12/site-packages/pluggy/__pycache__/_version.cpython-312.pyc
/opt/conda/lib/python3.12/site-packages/pluggy/__pycache__/_manager.cpython-312.pyc
/opt/conda/lib/python3.12/site-packages/pluggy/__pycache__/_hooks.cpython-312.pyc
/opt/conda/lib/python3.12/site-packages/pluggy/_version.py
/opt/conda/lib/python3.12/site-packages/pluggy/_callers.py
/opt/conda/lib/python3.12/site-packages/jsonpointer-2.1-py3.6.egg-info
/opt/conda/lib/python3.12/site-packages/jsonpointer-2.1-py3.6.egg-info/SOURCES.txt
/opt/conda/lib/python3.12/site-packages/jsonpointer-2.1-py3.6.egg-info/PKG-INFO
/opt/conda/lib/python3.12/site-packages/jsonpointer-2.1-py3.6.egg-info/top_level.txt
/opt/conda/lib/python3.12/site-packages/jsonpointer-2.1-py3.6.egg-info/dependency_links.txt
/opt/conda/lib/python3.12/site-packages/boltons
/opt/conda/lib/python3.12/site-packages/boltons/timeutils.py
/opt/conda/lib/python3.12/site-packages/boltons/gcutils.py
/opt/conda/lib/python3.12/site-packages/boltons/fileutils.py
/opt/conda/lib/python3.12/site-packages/boltons/funcutils.py
/opt/conda/lib/python3.12/site-packages/boltons/__init__.py
/opt/conda/lib/python3.12/site-packages/boltons/strutils.py
/opt/conda/lib/python3.12/site-packages/boltons/tbutils.py
/opt/conda/lib/python3.12/site-packages/boltons/urlutils.py
/opt/conda/lib/python3.12/site-packages/boltons/easterutils.py
/opt/conda/lib/python3.12/site-packages/boltons/jsonutils.py
/opt/conda/lib/python3.12/site-packages/boltons/excutils.py
/opt/conda/lib/python3.12/site-packages/boltons/debugutils.py
/opt/conda/lib/python3.12/site-packages/boltons/typeutils.py
/opt/conda/lib/python3.12/site-packages/boltons/deprutils.py
/opt/conda/lib/python3.12/site-packages/boltons/socketutils.py
/opt/conda/lib/python3.12/site-packages/boltons/iterutils.py
/opt/conda/lib/python3.12/site-packages/boltons/statsutils.py
/opt/conda/lib/python3.12/site-packages/boltons/dictutils.py
/opt/conda/lib/python3.12/site-packages/boltons/ecoutils.py
/opt/conda/lib/python3.12/site-packages/boltons/cacheutils.py
/opt/conda/lib/python3.12/site-packages/boltons/formatutils.py
/opt/conda/lib/python3.12/site-packages/boltons/__pycache__
/opt/conda/lib/python3.12/site-packages/boltons/__pycache__/setutils.cpython-312.pyc
/opt/conda/lib/python3.12/site-packages/boltons/__pycache__/tableutils.cpython-312.pyc
/opt/conda/lib/python3.12/site-packages/boltons/__pycache__/tbutils.cpython-312.pyc
/opt/conda/lib/python3.12/site-packages/boltons/__pycache__/dictutils.cpython-312.pyc
/opt/conda/lib/python3.12/site-packages/boltons/__pycache__/typeutils.cpython-312.pyc
/opt/conda/lib/python3.12/site-packages/boltons/__pycache__/namedutils.cpython-312.pyc
/opt/conda/lib/python3.12/site-packages/boltons/__pycache__/strutils.cpython-312.pyc
/opt/conda/lib/python3.12/site-packages/boltons/__pycache__/ioutils.cpython-312.pyc
/opt/conda/lib/python3.12/site-packages/boltons/__pycache__/listutils.cpython-312.pyc
/opt/conda/lib/python3.12/site-packages/boltons/__pycache__/easterutils.cpython-312.pyc
/opt/conda/lib/python3.12/site-packages/boltons/__pycache__/pathutils.cpython-312.pyc
/opt/conda/lib/python3.12/site-packages/boltons/__pycache__/timeutils.cpython-312.pyc
/opt/conda/lib/python3.12/site-packages/boltons/__pycache__/debugutils.cpython-312.pyc
/opt/conda/lib/python3.12/site-packages/boltons/__pycache__/statsutils.cpython-312.pyc
/opt/conda/lib/python3.12/site-packages/boltons/__pycache__/jsonutils.cpython-312.pyc
/opt/conda/lib/python3.12/site-packages/boltons/__pycache__/formatutils.cpython-312.pyc
/opt/conda/lib/python3.12/site-packages/boltons/__pycache__/urlutils.cpython-312.pyc
/opt/conda/lib/python3.12/site-packages/boltons/__pycache__/deprutils.cpython-312.pyc
/opt/conda/lib/python3.12/site-packages/boltons/__pycache__/socketutils.cpython-312.pyc
/opt/conda/lib/python3.12/site-packages/boltons/__pycache__/gcutils.cpython-312.pyc
/opt/conda/lib/python3.12/site-packages/boltons/__pycache__/queueutils.cpython-312.pyc
/opt/conda/lib/python3.12/site-packages/boltons/__pycache__/excutils.cpython-312.pyc
/opt/conda/lib/python3.12/site-packages/boltons/__pycache__/__init__.cpython-312.pyc
/opt/conda/lib/python3.12/site-packages/boltons/__pycache__/fileutils.cpython-312.pyc
/opt/conda/lib/python3.12/site-packages/boltons/__pycache__/mathutils.cpython-312.pyc
/opt/conda/lib/python3.12/site-packages/boltons/__pycache__/cacheutils.cpython-312.pyc
/opt/conda/lib/python3.12/site-packages/boltons/__pycache__/mboxutils.cpython-312.pyc
/opt/conda/lib/python3.12/site-packages/boltons/__pycache__/ecoutils.cpython-312.pyc
/opt/conda/lib/python3.12/site-packages/boltons/__pycache__/funcutils.cpython-312.pyc
/opt/conda/lib/python3.12/site-packages/boltons/__pycache__/iterutils.cpython-312.pyc
/opt/conda/lib/python3.12/site-packages/boltons/mboxutils.py
/opt/conda/lib/python3.12/site-packages/boltons/setutils.py
/opt/conda/lib/python3.12/site-packages/boltons/mathutils.py
/opt/conda/lib/python3.12/site-packages/boltons/ioutils.py
/opt/conda/lib/python3.12/site-packages/boltons/namedutils.py
/opt/conda/lib/python3.12/site-packages/boltons/listutils.py
/opt/conda/lib/python3.12/site-packages/boltons/queueutils.py
/opt/conda/lib/python3.12/site-packages/boltons/pathutils.py
/opt/conda/lib/python3.12/site-packages/boltons/tableutils.py
/opt/conda/lib/python3.12/site-packages/ruamel
/opt/conda/lib/python3.12/site-packages/ruamel/yaml
/opt/conda/lib/python3.12/site-packages/ruamel/yaml/scalarbool.py
/opt/conda/lib/python3.12/site-packages/ruamel/yaml/__init__.py
/opt/conda/lib/python3.12/site-packages/ruamel/yaml/cyaml.py
/opt/conda/lib/python3.12/site-packages/ruamel/yaml/main.py
/opt/conda/lib/python3.12/site-packages/ruamel/yaml/events.py
/opt/conda/lib/python3.12/site-packages/ruamel/yaml/compat.py
/opt/conda/lib/python3.12/site-packages/ruamel/yaml/configobjwalker.py
/opt/conda/lib/python3.12/site-packages/ruamel/yaml/emitter.py
/opt/conda/lib/python3.12/site-packages/ruamel/yaml/scalarint.py
/opt/conda/lib/python3.12/site-packages/ruamel/yaml/py.typed
/opt/conda/lib/python3.12/site-packages/ruamel/yaml/comments.py
/opt/conda/lib/python3.12/site-packages/ruamel/yaml/timestamp.py
/opt/conda/lib/python3.12/site-packages/ruamel/yaml/tokens.py
/opt/conda/lib/python3.12/site-packages/ruamel/yaml/nodes.py
/opt/conda/lib/python3.12/site-packages/ruamel/yaml/anchor.py
/opt/conda/lib/python3.12/site-packages/ruamel/yaml/parser.py
/opt/conda/lib/python3.12/site-packages/ruamel/yaml/error.py
/opt/conda/lib/python3.12/site-packages/ruamel/yaml/composer.py
/opt/conda/lib/python3.12/site-packages/ruamel/yaml/scalarstring.py
/opt/conda/lib/python3.12/site-packages/ruamel/yaml/scalarfloat.py
/opt/conda/lib/python3.12/site-packages/ruamel/yaml/serializer.py
/opt/conda/lib/python3.12/site-packages/ruamel/yaml/util.py
/opt/conda/lib/python3.12/site-packages/ruamel/yaml/constructor.py
/opt/conda/lib/python3.12/site-packages/ruamel/yaml/dumper.py
/opt/conda/lib/python3.12/site-packages/ruamel/yaml/__pycache__
/opt/conda/lib/python3.12/site-packages/ruamel/yaml/__pycache__/cyaml.cpython-312.pyc
/opt/conda/lib/python3.12/site-packages/ruamel/yaml/__pycache__/util.cpython-312.pyc
/opt/conda/lib/python3.12/site-packages/ruamel/yaml/__pycache__/resolver.cpython-312.pyc
/opt/conda/lib/python3.12/site-packages/ruamel/yaml/__pycache__/comments.cpython-312.pyc
/opt/conda/lib/python3.12/site-packages/ruamel/yaml/__pycache__/representer.cpython-312.pyc
/opt/conda/lib/python3.12/site-packages/ruamel/yaml/__pycache__/error.cpython-312.pyc
/opt/conda/lib/python3.12/site-packages/ruamel/yaml/__pycache__/configobjwalker.cpython-312.pyc
/opt/conda/lib/python3.12/site-packages/ruamel/yaml/__pycache__/tokens.cpython-312.pyc
/opt/conda/lib/python3.12/site-packages/ruamel/yaml/__pycache__/dumper.cpython-312.pyc
/opt/conda/lib/python3.12/site-packages/ruamel/yaml/__pycache__/reader.cpython-312.pyc
/opt/conda/lib/python3.12/site-packages/ruamel/yaml/__pycache__/anchor.cpython-312.pyc
/opt/conda/lib/python3.12/site-packages/ruamel/yaml/__pycache__/constructor.cpython-312.pyc
/opt/conda/lib/python3.12/site-packages/ruamel/yaml/__pycache__/composer.cpython-312.pyc
/opt/conda/lib/python3.12/site-packages/ruamel/yaml/__pycache__/events.cpython-312.pyc
/opt/conda/lib/python3.12/site-packages/ruamel/yaml/__pycache__/__init__.cpython-312.pyc
/opt/conda/lib/python3.12/site-packages/ruamel/yaml/__pycache__/compat.cpython-312.pyc
/opt/conda/lib/python3.12/site-packages/ruamel/yaml/__pycache__/nodes.cpython-312.pyc
/opt/conda/lib/python3.12/site-packages/ruamel/yaml/__pycache__/serializer.cpython-312.pyc
/opt/conda/lib/python3.12/site-packages/ruamel/yaml/__pycache__/emitter.cpython-312.pyc
/opt/conda/lib/python3.12/site-packages/ruamel/yaml/__pycache__/scanner.cpython-312.pyc
/opt/conda/lib/python3.12/site-packages/ruamel/yaml/__pycache__/scalarstring.cpython-312.pyc
/opt/conda/lib/python3.12/site-packages/ruamel/yaml/__pycache__/loader.cpython-312.pyc
/opt/conda/lib/python3.12/site-packages/ruamel/yaml/__pycache__/main.cpython-312.pyc
/opt/conda/lib/python3.12/site-packages/ruamel/yaml/__pycache__/scalarint.cpython-312.pyc
/opt/conda/lib/python3.12/site-packages/ruamel/yaml/__pycache__/timestamp.cpython-312.pyc
/opt/conda/lib/python3.12/site-packages/ruamel/yaml/__pycache__/scalarbool.cpython-312.pyc
/opt/conda/lib/python3.12/site-packages/ruamel/yaml/__pycache__/scalarfloat.cpython-312.pyc
/opt/conda/lib/python3.12/site-packages/ruamel/yaml/__pycache__/parser.cpython-312.pyc
/opt/conda/lib/python3.12/site-packages/ruamel/yaml/representer.py
/opt/conda/lib/python3.12/site-packages/ruamel/yaml/loader.py
/opt/conda/lib/python3.12/site-packages/ruamel/yaml/reader.py
/opt/conda/lib/python3.12/site-packages/ruamel/yaml/resolver.py
/opt/conda/lib/python3.12/site-packages/ruamel/yaml/scanner.py
/opt/conda/lib/python3.12/site-packages/menuinst
/opt/conda/lib/python3.12/site-packages/menuinst/data
/opt/conda/lib/python3.12/site-packages/menuinst/data/appkit_launcher_arm64
/opt/conda/lib/python3.12/site-packages/menuinst/data/appkit_launcher_x86_64
/opt/conda/lib/python3.12/site-packages/menuinst/data/menuinst.default.json
/opt/conda/lib/python3.12/site-packages/menuinst/data/osx_launcher_x86_64
/opt/conda/lib/python3.12/site-packages/menuinst/data/menuinst.schema.json
/opt/conda/lib/python3.12/site-packages/menuinst/data/osx_launcher_arm64
/opt/conda/lib/python3.12/site-packages/menuinst/_vendor
/opt/conda/lib/python3.12/site-packages/menuinst/_vendor/apipkg
/opt/conda/lib/python3.12/site-packages/menuinst/_vendor/apipkg/_syncronized.py
/opt/conda/lib/python3.12/site-packages/menuinst/_vendor/apipkg/__init__.py
/opt/conda/lib/python3.12/site-packages/menuinst/_vendor/apipkg/_alias_module.py
/opt/conda/lib/python3.12/site-packages/menuinst/_vendor/apipkg/_importing.py
/opt/conda/lib/python3.12/site-packages/menuinst/_vendor/apipkg/_module.py
/opt/conda/lib/python3.12/site-packages/menuinst/_vendor/apipkg/LICENSE
/opt/conda/lib/python3.12/site-packages/menuinst/_vendor/apipkg/__pycache__
/opt/conda/lib/python3.12/site-packages/menuinst/_vendor/apipkg/__pycache__/_importing.cpython-312.pyc
/opt/conda/lib/python3.12/site-packages/menuinst/_vendor/apipkg/__pycache__/_syncronized.cpython-312.pyc
/opt/conda/lib/python3.12/site-packages/menuinst/_vendor/apipkg/__pycache__/_alias_module.cpython-312.pyc
/opt/conda/lib/python3.12/site-packages/menuinst/_vendor/apipkg/__pycache__/_module.cpython-312.pyc
/opt/conda/lib/python3.12/site-packages/menuinst/_vendor/apipkg/__pycache__/__init__.cpython-312.pyc
/opt/conda/lib/python3.12/site-packages/menuinst/_vendor/apipkg/__pycache__/_version.cpython-312.pyc
/opt/conda/lib/python3.12/site-packages/menuinst/_vendor/apipkg/_version.py
/opt/conda/lib/python3.12/site-packages/menuinst/__init__.py
/opt/conda/lib/python3.12/site-packages/menuinst/api.py
/opt/conda/lib/python3.12/site-packages/menuinst/_schema.py
/opt/conda/lib/python3.12/site-packages/menuinst/platforms
/opt/conda/lib/python3.12/site-packages/menuinst/platforms/__init__.py
/opt/conda/lib/python3.12/site-packages/menuinst/platforms/osx.py
/opt/conda/lib/python3.12/site-packages/menuinst/platforms/win_utils
/opt/conda/lib/python3.12/site-packages/menuinst/platforms/win_utils/registry.py
/opt/conda/lib/python3.12/site-packages/menuinst/platforms/win_utils/__init__.py
/opt/conda/lib/python3.12/site-packages/menuinst/platforms/win_utils/win_elevate.py
/opt/conda/lib/python3.12/site-packages/menuinst/platforms/win_utils/__pycache__
/opt/conda/lib/python3.12/site-packages/menuinst/platforms/win_utils/__pycache__/win_elevate.cpython-312.pyc
/opt/conda/lib/python3.12/site-packages/menuinst/platforms/win_utils/__pycache__/knownfolders.cpython-312.pyc
/opt/conda/lib/python3.12/site-packages/menuinst/platforms/win_utils/__pycache__/__init__.cpython-312.pyc
/opt/conda/lib/python3.12/site-packages/menuinst/platforms/win_utils/__pycache__/registry.cpython-312.pyc
/opt/conda/lib/python3.12/site-packages/menuinst/platforms/win_utils/knownfolders.py
/opt/conda/lib/python3.12/site-packages/menuinst/platforms/linux.py
/opt/conda/lib/python3.12/site-packages/menuinst/platforms/base.py
/opt/conda/lib/python3.12/site-packages/menuinst/platforms/win.py
/opt/conda/lib/python3.12/site-packages/menuinst/platforms/__pycache__
/opt/conda/lib/python3.12/site-packages/menuinst/platforms/__pycache__/osx.cpython-312.pyc
/opt/conda/lib/python3.12/site-packages/menuinst/platforms/__pycache__/linux.cpython-312.pyc
/opt/conda/lib/python3.12/site-packages/menuinst/platforms/__pycache__/base.cpython-312.pyc
/opt/conda/lib/python3.12/site-packages/menuinst/platforms/__pycache__/__init__.cpython-312.pyc
/opt/conda/lib/python3.12/site-packages/menuinst/platforms/__pycache__/win.cpython-312.pyc
/opt/conda/lib/python3.12/site-packages/menuinst/utils.py
/opt/conda/lib/python3.12/site-packages/menuinst/_legacy
/opt/conda/lib/python3.12/site-packages/menuinst/_legacy/__init__.py
/opt/conda/lib/python3.12/site-packages/menuinst/_legacy/main.py
/opt/conda/lib/python3.12/site-packages/menuinst/_legacy/cwp.py
/opt/conda/lib/python3.12/site-packages/menuinst/_legacy/win32.py
/opt/conda/lib/python3.12/site-packages/menuinst/_legacy/utils.py
/opt/conda/lib/python3.12/site-packages/menuinst/_legacy/__pycache__
/opt/conda/lib/python3.12/site-packages/menuinst/_legacy/__pycache__/cwp.cpython-312.pyc
/opt/conda/lib/python3.12/site-packages/menuinst/_legacy/__pycache__/__init__.cpython-312.pyc
/opt/conda/lib/python3.12/site-packages/menuinst/_legacy/__pycache__/utils.cpython-312.pyc
/opt/conda/lib/python3.12/site-packages/menuinst/_legacy/__pycache__/main.cpython-312.pyc
/opt/conda/lib/python3.12/site-packages/menuinst/_legacy/__pycache__/win32.cpython-312.pyc
/opt/conda/lib/python3.12/site-packages/menuinst/__pycache__
/opt/conda/lib/python3.12/site-packages/menuinst/__pycache__/api.cpython-312.pyc
/opt/conda/lib/python3.12/site-packages/menuinst/__pycache__/__init__.cpython-312.pyc
/opt/conda/lib/python3.12/site-packages/menuinst/__pycache__/_version.cpython-312.pyc
/opt/conda/lib/python3.12/site-packages/menuinst/__pycache__/utils.cpython-312.pyc
/opt/conda/lib/python3.12/site-packages/menuinst/__pycache__/_schema.cpython-312.pyc
/opt/conda/lib/python3.12/site-packages/menuinst/_version.py
/opt/conda/lib/python3.12/site-packages/conda-24.5.0.dist-info
/opt/conda/lib/python3.12/site-packages/conda-24.5.0.dist-info/WHEEL
/opt/conda/lib/python3.12/site-packages/conda-24.5.0.dist-info/direct_url.json
/opt/conda/lib/python3.12/site-packages/conda-24.5.0.dist-info/REQUESTED
/opt/conda/lib/python3.12/site-packages/conda-24.5.0.dist-info/licenses
/opt/conda/lib/python3.12/site-packages/conda-24.5.0.dist-info/licenses/AUTHORS.md
/opt/conda/lib/python3.12/site-packages/conda-24.5.0.dist-info/licenses/LICENSE
/opt/conda/lib/python3.12/site-packages/conda-24.5.0.dist-info/entry_points.txt
/opt/conda/lib/python3.12/site-packages/conda-24.5.0.dist-info/INSTALLER
/opt/conda/lib/python3.12/site-packages/conda-24.5.0.dist-info/RECORD
/opt/conda/lib/python3.12/site-packages/conda-24.5.0.dist-info/METADATA
/opt/conda/lib/python3.12/site-packages/charset_normalizer-2.0.4.dist-info
/opt/conda/lib/python3.12/site-packages/charset_normalizer-2.0.4.dist-info/WHEEL
/opt/conda/lib/python3.12/site-packages/charset_normalizer-2.0.4.dist-info/direct_url.json
/opt/conda/lib/python3.12/site-packages/charset_normalizer-2.0.4.dist-info/REQUESTED
/opt/conda/lib/python3.12/site-packages/charset_normalizer-2.0.4.dist-info/LICENSE
/opt/conda/lib/python3.12/site-packages/charset_normalizer-2.0.4.dist-info/top_level.txt
/opt/conda/lib/python3.12/site-packages/charset_normalizer-2.0.4.dist-info/entry_points.txt
/opt/conda/lib/python3.12/site-packages/charset_normalizer-2.0.4.dist-info/INSTALLER
/opt/conda/lib/python3.12/site-packages/charset_normalizer-2.0.4.dist-info/RECORD
/opt/conda/lib/python3.12/site-packages/charset_normalizer-2.0.4.dist-info/METADATA
/opt/conda/lib/python3.12/site-packages/archspec
/opt/conda/lib/python3.12/site-packages/archspec/cli.py
/opt/conda/lib/python3.12/site-packages/archspec/__main__.py
/opt/conda/lib/python3.12/site-packages/archspec/__init__.py
/opt/conda/lib/python3.12/site-packages/archspec/json
/opt/conda/lib/python3.12/site-packages/archspec/json/README.md
/opt/conda/lib/python3.12/site-packages/archspec/json/LICENSE-APACHE
/opt/conda/lib/python3.12/site-packages/archspec/json/COPYRIGHT
/opt/conda/lib/python3.12/site-packages/archspec/json/LICENSE-MIT
/opt/conda/lib/python3.12/site-packages/archspec/json/cpu
/opt/conda/lib/python3.12/site-packages/archspec/json/cpu/microarchitectures.json
/opt/conda/lib/python3.12/site-packages/archspec/json/cpu/microarchitectures_schema.json
/opt/conda/lib/python3.12/site-packages/archspec/json/cpu/cpuid.json
/opt/conda/lib/python3.12/site-packages/archspec/json/cpu/cpuid_schema.json
/opt/conda/lib/python3.12/site-packages/archspec/json/NOTICE
/opt/conda/lib/python3.12/site-packages/archspec/json/tests
/opt/conda/lib/python3.12/site-packages/archspec/json/tests/targets
/opt/conda/lib/python3.12/site-packages/archspec/json/tests/targets/linux-centos7-thunderx2
/opt/conda/lib/python3.12/site-packages/archspec/json/tests/targets/linux-rhel7-ivybridge
/opt/conda/lib/python3.12/site-packages/archspec/json/tests/targets/linux-ubuntu18.04-broadwell
/opt/conda/lib/python3.12/site-packages/archspec/json/tests/targets/linux-amazon-cortex_a72
/opt/conda/lib/python3.12/site-packages/archspec/json/tests/targets/linux-scientific7-k10
/opt/conda/lib/python3.12/site-packages/archspec/json/tests/targets/linux-amazon-neoverse_n1
/opt/conda/lib/python3.12/site-packages/archspec/json/tests/targets/darwin-monterey-m2
/opt/conda/lib/python3.12/site-packages/archspec/json/tests/targets/darwin-bigsur-m1
/opt/conda/lib/python3.12/site-packages/archspec/json/tests/targets/darwin-mojave-haswell
/opt/conda/lib/python3.12/site-packages/archspec/json/tests/targets/linux-ubuntu22.04-neoverse_v2
/opt/conda/lib/python3.12/site-packages/archspec/json/tests/targets/linux-centos7-cascadelake
/opt/conda/lib/python3.12/site-packages/archspec/json/tests/targets/linux-scientific7-piledriver
/opt/conda/lib/python3.12/site-packages/archspec/json/tests/targets/linux-rhel7-broadwell
/opt/conda/lib/python3.12/site-packages/archspec/json/tests/targets/linux-rocky8-a64fx
/opt/conda/lib/python3.12/site-packages/archspec/json/tests/targets/linux-rhel7-haswell
/opt/conda/lib/python3.12/site-packages/archspec/json/tests/targets/windows-cpuid-broadwell
/opt/conda/lib/python3.12/site-packages/archspec/json/tests/targets/linux-asahi-m2
/opt/conda/lib/python3.12/site-packages/archspec/json/tests/targets/linux-asahi-m1
/opt/conda/lib/python3.12/site-packages/archspec/json/tests/targets/linux-amazon-neoverse_v1
/opt/conda/lib/python3.12/site-packages/archspec/json/tests/targets/darwin-mojave-skylake
/opt/conda/lib/python3.12/site-packages/archspec/json/tests/targets/bgq-rhel6-power7
/opt/conda/lib/python3.12/site-packages/archspec/json/tests/targets/linux-unknown-sapphirerapids
/opt/conda/lib/python3.12/site-packages/archspec/json/tests/targets/linux-rhel7-x86_64_v3
/opt/conda/lib/python3.12/site-packages/archspec/json/tests/targets/linux-centos7-power8le
/opt/conda/lib/python3.12/site-packages/archspec/json/tests/targets/linux-rhel6-piledriver
/opt/conda/lib/python3.12/site-packages/archspec/json/tests/targets/linux-unknown-power10
/opt/conda/lib/python3.12/site-packages/archspec/json/tests/targets/linux-sifive-u74mc
/opt/conda/lib/python3.12/site-packages/archspec/json/tests/targets/linux-rhel8-power9
/opt/conda/lib/python3.12/site-packages/archspec/json/tests/targets/linux-scientificfermi6-piledriver
/opt/conda/lib/python3.12/site-packages/archspec/json/tests/targets/darwin-monterey-m1
/opt/conda/lib/python3.12/site-packages/archspec/json/tests/targets/linux-ubuntu20.04-zen3
/opt/conda/lib/python3.12/site-packages/archspec/json/tests/targets/linux-rocky8.5-zen4
/opt/conda/lib/python3.12/site-packages/archspec/json/tests/targets/linux-rhel7-zen
/opt/conda/lib/python3.12/site-packages/archspec/json/tests/targets/linux-scientificfermi6-bulldozer
/opt/conda/lib/python3.12/site-packages/archspec/json/tests/targets/linux-rhel7-skylake_avx512
/opt/conda/lib/python3.12/site-packages/archspec/json/tests/targets/darwin-mojave-ivybridge
/opt/conda/lib/python3.12/site-packages/archspec/json/tests/targets/windows-cpuid-icelake
/opt/conda/lib/python3.12/site-packages/archspec/json/tests/targets/linux-amazon2-sapphirerapids
/opt/conda/lib/python3.12/site-packages/archspec/__pycache__
/opt/conda/lib/python3.12/site-packages/archspec/__pycache__/cli.cpython-312.pyc
/opt/conda/lib/python3.12/site-packages/archspec/__pycache__/__init__.cpython-312.pyc
/opt/conda/lib/python3.12/site-packages/archspec/__pycache__/__main__.cpython-312.pyc
/opt/conda/lib/python3.12/site-packages/archspec/cpu
/opt/conda/lib/python3.12/site-packages/archspec/cpu/__init__.py
/opt/conda/lib/python3.12/site-packages/archspec/cpu/schema.py
/opt/conda/lib/python3.12/site-packages/archspec/cpu/__pycache__
/opt/conda/lib/python3.12/site-packages/archspec/cpu/__pycache__/schema.cpython-312.pyc
/opt/conda/lib/python3.12/site-packages/archspec/cpu/__pycache__/microarchitecture.cpython-312.pyc
/opt/conda/lib/python3.12/site-packages/archspec/cpu/__pycache__/__init__.cpython-312.pyc
/opt/conda/lib/python3.12/site-packages/archspec/cpu/__pycache__/alias.cpython-312.pyc
/opt/conda/lib/python3.12/site-packages/archspec/cpu/__pycache__/detect.cpython-312.pyc
/opt/conda/lib/python3.12/site-packages/archspec/cpu/alias.py
/opt/conda/lib/python3.12/site-packages/archspec/cpu/detect.py
/opt/conda/lib/python3.12/site-packages/archspec/cpu/microarchitecture.py
/opt/conda/lib/python3.12/site-packages/archspec/vendor
/opt/conda/lib/python3.12/site-packages/archspec/vendor/cpuid
/opt/conda/lib/python3.12/site-packages/archspec/vendor/cpuid/example.py
/opt/conda/lib/python3.12/site-packages/archspec/vendor/cpuid/README.md
/opt/conda/lib/python3.12/site-packages/archspec/vendor/cpuid/.gitignore
/opt/conda/lib/python3.12/site-packages/archspec/vendor/cpuid/LICENSE
/opt/conda/lib/python3.12/site-packages/archspec/vendor/cpuid/__pycache__
/opt/conda/lib/python3.12/site-packages/archspec/vendor/cpuid/__pycache__/cpuid.cpython-312.pyc
/opt/conda/lib/python3.12/site-packages/archspec/vendor/cpuid/__pycache__/example.cpython-312.pyc
/opt/conda/lib/python3.12/site-packages/archspec/vendor/cpuid/cpuid.py
/opt/conda/lib/python3.12/site-packages/truststore-0.8.0.dist-info
/opt/conda/lib/python3.12/site-packages/truststore-0.8.0.dist-info/WHEEL
/opt/conda/lib/python3.12/site-packages/truststore-0.8.0.dist-info/direct_url.json
/opt/conda/lib/python3.12/site-packages/truststore-0.8.0.dist-info/REQUESTED
/opt/conda/lib/python3.12/site-packages/truststore-0.8.0.dist-info/LICENSE
/opt/conda/lib/python3.12/site-packages/truststore-0.8.0.dist-info/INSTALLER
/opt/conda/lib/python3.12/site-packages/truststore-0.8.0.dist-info/RECORD
/opt/conda/lib/python3.12/site-packages/truststore-0.8.0.dist-info/METADATA
/opt/conda/lib/python3.12/site-packages/packaging
/opt/conda/lib/python3.12/site-packages/packaging/_structures.py
/opt/conda/lib/python3.12/site-packages/packaging/__init__.py
/opt/conda/lib/python3.12/site-packages/packaging/requirements.py
/opt/conda/lib/python3.12/site-packages/packaging/py.typed
/opt/conda/lib/python3.12/site-packages/packaging/_manylinux.py
/opt/conda/lib/python3.12/site-packages/packaging/markers.py
/opt/conda/lib/python3.12/site-packages/packaging/metadata.py
/opt/conda/lib/python3.12/site-packages/packaging/specifiers.py
/opt/conda/lib/python3.12/site-packages/packaging/utils.py
/opt/conda/lib/python3.12/site-packages/packaging/tags.py
/opt/conda/lib/python3.12/site-packages/packaging/_musllinux.py
/opt/conda/lib/python3.12/site-packages/packaging/version.py
/opt/conda/lib/python3.12/site-packages/packaging/_tokenizer.py
/opt/conda/lib/python3.12/site-packages/packaging/__pycache__
/opt/conda/lib/python3.12/site-packages/packaging/__pycache__/_tokenizer.cpython-312.pyc
/opt/conda/lib/python3.12/site-packages/packaging/__pycache__/_manylinux.cpython-312.pyc
/opt/conda/lib/python3.12/site-packages/packaging/__pycache__/metadata.cpython-312.pyc
/opt/conda/lib/python3.12/site-packages/packaging/__pycache__/requirements.cpython-312.pyc
/opt/conda/lib/python3.12/site-packages/packaging/__pycache__/specifiers.cpython-312.pyc
/opt/conda/lib/python3.12/site-packages/packaging/__pycache__/tags.cpython-312.pyc
/opt/conda/lib/python3.12/site-packages/packaging/__pycache__/markers.cpython-312.pyc
/opt/conda/lib/python3.12/site-packages/packaging/__pycache__/_musllinux.cpython-312.pyc
/opt/conda/lib/python3.12/site-packages/packaging/__pycache__/_elffile.cpython-312.pyc
/opt/conda/lib/python3.12/site-packages/packaging/__pycache__/_parser.cpython-312.pyc
/opt/conda/lib/python3.12/site-packages/packaging/__pycache__/__init__.cpython-312.pyc
/opt/conda/lib/python3.12/site-packages/packaging/__pycache__/utils.cpython-312.pyc
/opt/conda/lib/python3.12/site-packages/packaging/__pycache__/_structures.cpython-312.pyc
/opt/conda/lib/python3.12/site-packages/packaging/__pycache__/version.cpython-312.pyc
/opt/conda/lib/python3.12/site-packages/packaging/_elffile.py
/opt/conda/lib/python3.12/site-packages/packaging/_parser.py
/opt/conda/lib/python3.12/site-packages/requests
/opt/conda/lib/python3.12/site-packages/requests/models.py
/opt/conda/lib/python3.12/site-packages/requests/__init__.py
/opt/conda/lib/python3.12/site-packages/requests/help.py
/opt/conda/lib/python3.12/site-packages/requests/compat.py
/opt/conda/lib/python3.12/site-packages/requests/packages.py
/opt/conda/lib/python3.12/site-packages/requests/api.py
/opt/conda/lib/python3.12/site-packages/requests/certs.py
/opt/conda/lib/python3.12/site-packages/requests/_internal_utils.py
/opt/conda/lib/python3.12/site-packages/requests/__version__.py
/opt/conda/lib/python3.12/site-packages/requests/utils.py
/opt/conda/lib/python3.12/site-packages/requests/hooks.py
/opt/conda/lib/python3.12/site-packages/requests/cookies.py
/opt/conda/lib/python3.12/site-packages/requests/__pycache__
/opt/conda/lib/python3.12/site-packages/requests/__pycache__/structures.cpython-312.pyc
/opt/conda/lib/python3.12/site-packages/requests/__pycache__/help.cpython-312.pyc
/opt/conda/lib/python3.12/site-packages/requests/__pycache__/packages.cpython-312.pyc
/opt/conda/lib/python3.12/site-packages/requests/__pycache__/auth.cpython-312.pyc
/opt/conda/lib/python3.12/site-packages/requests/__pycache__/_internal_utils.cpython-312.pyc
/opt/conda/lib/python3.12/site-packages/requests/__pycache__/api.cpython-312.pyc
/opt/conda/lib/python3.12/site-packages/requests/__pycache__/status_codes.cpython-312.pyc
/opt/conda/lib/python3.12/site-packages/requests/__pycache__/hooks.cpython-312.pyc
/opt/conda/lib/python3.12/site-packages/requests/__pycache__/__init__.cpython-312.pyc
/opt/conda/lib/python3.12/site-packages/requests/__pycache__/compat.cpython-312.pyc
/opt/conda/lib/python3.12/site-packages/requests/__pycache__/utils.cpython-312.pyc
/opt/conda/lib/python3.12/site-packages/requests/__pycache__/__version__.cpython-312.pyc
/opt/conda/lib/python3.12/site-packages/requests/__pycache__/sessions.cpython-312.pyc
/opt/conda/lib/python3.12/site-packages/requests/__pycache__/certs.cpython-312.pyc
/opt/conda/lib/python3.12/site-packages/requests/__pycache__/models.cpython-312.pyc
/opt/conda/lib/python3.12/site-packages/requests/__pycache__/exceptions.cpython-312.pyc
/opt/conda/lib/python3.12/site-packages/requests/__pycache__/cookies.cpython-312.pyc
/opt/conda/lib/python3.12/site-packages/requests/__pycache__/adapters.cpython-312.pyc
/opt/conda/lib/python3.12/site-packages/requests/sessions.py
/opt/conda/lib/python3.12/site-packages/requests/auth.py
/opt/conda/lib/python3.12/site-packages/requests/structures.py
/opt/conda/lib/python3.12/site-packages/requests/adapters.py
/opt/conda/lib/python3.12/site-packages/requests/exceptions.py
/opt/conda/lib/python3.12/site-packages/requests/status_codes.py
/opt/conda/lib/python3.12/site-packages/tqdm
/opt/conda/lib/python3.12/site-packages/tqdm/_utils.py
/opt/conda/lib/python3.12/site-packages/tqdm/cli.py
/opt/conda/lib/python3.12/site-packages/tqdm/_tqdm_notebook.py
/opt/conda/lib/python3.12/site-packages/tqdm/__main__.py
/opt/conda/lib/python3.12/site-packages/tqdm/_main.py
/opt/conda/lib/python3.12/site-packages/tqdm/_dist_ver.py
/opt/conda/lib/python3.12/site-packages/tqdm/_tqdm_pandas.py
/opt/conda/lib/python3.12/site-packages/tqdm/asyncio.py
/opt/conda/lib/python3.12/site-packages/tqdm/__init__.py
/opt/conda/lib/python3.12/site-packages/tqdm/_tqdm_gui.py
/opt/conda/lib/python3.12/site-packages/tqdm/notebook.py
/opt/conda/lib/python3.12/site-packages/tqdm/auto.py
/opt/conda/lib/python3.12/site-packages/tqdm/tqdm.1
/opt/conda/lib/python3.12/site-packages/tqdm/gui.py
/opt/conda/lib/python3.12/site-packages/tqdm/tk.py
/opt/conda/lib/python3.12/site-packages/tqdm/rich.py
/opt/conda/lib/python3.12/site-packages/tqdm/autonotebook.py
/opt/conda/lib/python3.12/site-packages/tqdm/dask.py
/opt/conda/lib/python3.12/site-packages/tqdm/_monitor.py
/opt/conda/lib/python3.12/site-packages/tqdm/contrib
/opt/conda/lib/python3.12/site-packages/tqdm/contrib/bells.py
/opt/conda/lib/python3.12/site-packages/tqdm/contrib/__init__.py
/opt/conda/lib/python3.12/site-packages/tqdm/contrib/itertools.py
/opt/conda/lib/python3.12/site-packages/tqdm/contrib/utils_worker.py
/opt/conda/lib/python3.12/site-packages/tqdm/contrib/slack.py
/opt/conda/lib/python3.12/site-packages/tqdm/contrib/logging.py
/opt/conda/lib/python3.12/site-packages/tqdm/contrib/concurrent.py
/opt/conda/lib/python3.12/site-packages/tqdm/contrib/__pycache__
/opt/conda/lib/python3.12/site-packages/tqdm/contrib/__pycache__/concurrent.cpython-312.pyc
/opt/conda/lib/python3.12/site-packages/tqdm/contrib/__pycache__/utils_worker.cpython-312.pyc
/opt/conda/lib/python3.12/site-packages/tqdm/contrib/__pycache__/telegram.cpython-312.pyc
/opt/conda/lib/python3.12/site-packages/tqdm/contrib/__pycache__/slack.cpython-312.pyc
/opt/conda/lib/python3.12/site-packages/tqdm/contrib/__pycache__/bells.cpython-312.pyc
/opt/conda/lib/python3.12/site-packages/tqdm/contrib/__pycache__/discord.cpython-312.pyc
/opt/conda/lib/python3.12/site-packages/tqdm/contrib/__pycache__/itertools.cpython-312.pyc
/opt/conda/lib/python3.12/site-packages/tqdm/contrib/__pycache__/logging.cpython-312.pyc
/opt/conda/lib/python3.12/site-packages/tqdm/contrib/__pycache__/__init__.cpython-312.pyc
/opt/conda/lib/python3.12/site-packages/tqdm/contrib/discord.py
/opt/conda/lib/python3.12/site-packages/tqdm/contrib/telegram.py
/opt/conda/lib/python3.12/site-packages/tqdm/utils.py
/opt/conda/lib/python3.12/site-packages/tqdm/version.py
/opt/conda/lib/python3.12/site-packages/tqdm/__pycache__
/opt/conda/lib/python3.12/site-packages/tqdm/__pycache__/rich.cpython-312.pyc
/opt/conda/lib/python3.12/site-packages/tqdm/__pycache__/std.cpython-312.pyc
/opt/conda/lib/python3.12/site-packages/tqdm/__pycache__/_tqdm.cpython-312.pyc
/opt/conda/lib/python3.12/site-packages/tqdm/__pycache__/cli.cpython-312.pyc
/opt/conda/lib/python3.12/site-packages/tqdm/__pycache__/keras.cpython-312.pyc
/opt/conda/lib/python3.12/site-packages/tqdm/__pycache__/_utils.cpython-312.pyc
/opt/conda/lib/python3.12/site-packages/tqdm/__pycache__/tk.cpython-312.pyc
/opt/conda/lib/python3.12/site-packages/tqdm/__pycache__/_main.cpython-312.pyc
/opt/conda/lib/python3.12/site-packages/tqdm/__pycache__/notebook.cpython-312.pyc
/opt/conda/lib/python3.12/site-packages/tqdm/__pycache__/_tqdm_pandas.cpython-312.pyc
/opt/conda/lib/python3.12/site-packages/tqdm/__pycache__/auto.cpython-312.pyc
/opt/conda/lib/python3.12/site-packages/tqdm/__pycache__/dask.cpython-312.pyc
/opt/conda/lib/python3.12/site-packages/tqdm/__pycache__/gui.cpython-312.pyc
/opt/conda/lib/python3.12/site-packages/tqdm/__pycache__/_dist_ver.cpython-312.pyc
/opt/conda/lib/python3.12/site-packages/tqdm/__pycache__/__init__.cpython-312.pyc
/opt/conda/lib/python3.12/site-packages/tqdm/__pycache__/utils.cpython-312.pyc
/opt/conda/lib/python3.12/site-packages/tqdm/__pycache__/_tqdm_notebook.cpython-312.pyc
/opt/conda/lib/python3.12/site-packages/tqdm/__pycache__/_tqdm_gui.cpython-312.pyc
/opt/conda/lib/python3.12/site-packages/tqdm/__pycache__/_monitor.cpython-312.pyc
/opt/conda/lib/python3.12/site-packages/tqdm/__pycache__/asyncio.cpython-312.pyc
/opt/conda/lib/python3.12/site-packages/tqdm/__pycache__/version.cpython-312.pyc
/opt/conda/lib/python3.12/site-packages/tqdm/__pycache__/autonotebook.cpython-312.pyc
/opt/conda/lib/python3.12/site-packages/tqdm/__pycache__/__main__.cpython-312.pyc
/opt/conda/lib/python3.12/site-packages/tqdm/keras.py
/opt/conda/lib/python3.12/site-packages/tqdm/std.py
/opt/conda/lib/python3.12/site-packages/tqdm/_tqdm.py
/opt/conda/lib/python3.12/site-packages/tqdm/completion.sh
/opt/conda/lib/python3.12/site-packages/distro
/opt/conda/lib/python3.12/site-packages/distro/__main__.py
/opt/conda/lib/python3.12/site-packages/distro/__init__.py
/opt/conda/lib/python3.12/site-packages/distro/py.typed
/opt/conda/lib/python3.12/site-packages/distro/__pycache__
/opt/conda/lib/python3.12/site-packages/distro/__pycache__/__init__.cpython-312.pyc
/opt/conda/lib/python3.12/site-packages/distro/__pycache__/distro.cpython-312.pyc
/opt/conda/lib/python3.12/site-packages/distro/__pycache__/__main__.cpython-312.pyc
/opt/conda/lib/python3.12/site-packages/distro/distro.py
/opt/conda/lib/python3.12/site-packages/requests-2.31.0.dist-info
/opt/conda/lib/python3.12/site-packages/requests-2.31.0.dist-info/WHEEL
/opt/conda/lib/python3.12/site-packages/requests-2.31.0.dist-info/direct_url.json
/opt/conda/lib/python3.12/site-packages/requests-2.31.0.dist-info/REQUESTED
/opt/conda/lib/python3.12/site-packages/requests-2.31.0.dist-info/LICENSE
/opt/conda/lib/python3.12/site-packages/requests-2.31.0.dist-info/top_level.txt
/opt/conda/lib/python3.12/site-packages/requests-2.31.0.dist-info/INSTALLER
/opt/conda/lib/python3.12/site-packages/requests-2.31.0.dist-info/RECORD
/opt/conda/lib/python3.12/site-packages/requests-2.31.0.dist-info/METADATA
/opt/conda/lib/python3.12/site-packages/conda_package_streaming
/opt/conda/lib/python3.12/site-packages/conda_package_streaming/package_streaming.py
/opt/conda/lib/python3.12/site-packages/conda_package_streaming/__init__.py
/opt/conda/lib/python3.12/site-packages/conda_package_streaming/lazy_wheel.py
/opt/conda/lib/python3.12/site-packages/conda_package_streaming/url.py
/opt/conda/lib/python3.12/site-packages/conda_package_streaming/extract.py
/opt/conda/lib/python3.12/site-packages/conda_package_streaming/__pycache__
/opt/conda/lib/python3.12/site-packages/conda_package_streaming/__pycache__/lazy_wheel.cpython-312.pyc
/opt/conda/lib/python3.12/site-packages/conda_package_streaming/__pycache__/url.cpython-312.pyc
/opt/conda/lib/python3.12/site-packages/conda_package_streaming/__pycache__/s3.cpython-312.pyc
/opt/conda/lib/python3.12/site-packages/conda_package_streaming/__pycache__/package_streaming.cpython-312.pyc
/opt/conda/lib/python3.12/site-packages/conda_package_streaming/__pycache__/__init__.cpython-312.pyc
/opt/conda/lib/python3.12/site-packages/conda_package_streaming/__pycache__/transmute.cpython-312.pyc
/opt/conda/lib/python3.12/site-packages/conda_package_streaming/__pycache__/exceptions.cpython-312.pyc
/opt/conda/lib/python3.12/site-packages/conda_package_streaming/__pycache__/extract.cpython-312.pyc
/opt/conda/lib/python3.12/site-packages/conda_package_streaming/exceptions.py
/opt/conda/lib/python3.12/site-packages/conda_package_streaming/transmute.py
/opt/conda/lib/python3.12/site-packages/conda_package_streaming/s3.py
/opt/conda/lib/python3.12/site-packages/xontrib
/opt/conda/lib/python3.12/site-packages/xontrib/conda.xsh
/opt/conda/lib/python3.12/site-packages/certifi
/opt/conda/lib/python3.12/site-packages/certifi/__main__.py
/opt/conda/lib/python3.12/site-packages/certifi/__init__.py
/opt/conda/lib/python3.12/site-packages/certifi/py.typed
/opt/conda/lib/python3.12/site-packages/certifi/cacert.pem
/opt/conda/lib/python3.12/site-packages/certifi/__pycache__
/opt/conda/lib/python3.12/site-packages/certifi/__pycache__/core.cpython-312.pyc
/opt/conda/lib/python3.12/site-packages/certifi/__pycache__/__init__.cpython-312.pyc
/opt/conda/lib/python3.12/site-packages/certifi/__pycache__/__main__.cpython-312.pyc
/opt/conda/lib/python3.12/site-packages/certifi/core.py
/opt/conda/lib/python3.12/site-packages/jsonpatch-1.33.dist-info
/opt/conda/lib/python3.12/site-packages/jsonpatch-1.33.dist-info/WHEEL
/opt/conda/lib/python3.12/site-packages/jsonpatch-1.33.dist-info/direct_url.json
/opt/conda/lib/python3.12/site-packages/jsonpatch-1.33.dist-info/AUTHORS
/opt/conda/lib/python3.12/site-packages/jsonpatch-1.33.dist-info/REQUESTED
/opt/conda/lib/python3.12/site-packages/jsonpatch-1.33.dist-info/LICENSE
/opt/conda/lib/python3.12/site-packages/jsonpatch-1.33.dist-info/top_level.txt
/opt/conda/lib/python3.12/site-packages/jsonpatch-1.33.dist-info/INSTALLER
/opt/conda/lib/python3.12/site-packages/jsonpatch-1.33.dist-info/RECORD
/opt/conda/lib/python3.12/site-packages/jsonpatch-1.33.dist-info/METADATA
/opt/conda/lib/python3.12/site-packages/menuinst-2.0.2.dist-info
/opt/conda/lib/python3.12/site-packages/menuinst-2.0.2.dist-info/AUTHORS.md
/opt/conda/lib/python3.12/site-packages/menuinst-2.0.2.dist-info/WHEEL
/opt/conda/lib/python3.12/site-packages/menuinst-2.0.2.dist-info/direct_url.json
/opt/conda/lib/python3.12/site-packages/menuinst-2.0.2.dist-info/REQUESTED
/opt/conda/lib/python3.12/site-packages/menuinst-2.0.2.dist-info/LICENSE.txt
/opt/conda/lib/python3.12/site-packages/menuinst-2.0.2.dist-info/top_level.txt
/opt/conda/lib/python3.12/site-packages/menuinst-2.0.2.dist-info/INSTALLER
/opt/conda/lib/python3.12/site-packages/menuinst-2.0.2.dist-info/RECORD
/opt/conda/lib/python3.12/site-packages/menuinst-2.0.2.dist-info/METADATA
/opt/conda/lib/python3.12/site-packages/zstandard
/opt/conda/lib/python3.12/site-packages/zstandard/__init__.py
/opt/conda/lib/python3.12/site-packages/zstandard/py.typed
/opt/conda/lib/python3.12/site-packages/zstandard/_cffi.cpython-312-x86_64-linux-gnu.so
/opt/conda/lib/python3.12/site-packages/zstandard/backend_cffi.py
/opt/conda/lib/python3.12/site-packages/zstandard/__init__.pyi
/opt/conda/lib/python3.12/site-packages/zstandard/__pycache__
/opt/conda/lib/python3.12/site-packages/zstandard/__pycache__/__init__.cpython-312.pyc
/opt/conda/lib/python3.12/site-packages/zstandard/__pycache__/backend_cffi.cpython-312.pyc
/opt/conda/lib/python3.12/site-packages/zstandard/backend_c.cpython-312-x86_64-linux-gnu.so
/opt/conda/lib/python3.12/site-packages/archspec-0.2.3.dist-info
/opt/conda/lib/python3.12/site-packages/archspec-0.2.3.dist-info/WHEEL
/opt/conda/lib/python3.12/site-packages/archspec-0.2.3.dist-info/direct_url.json
/opt/conda/lib/python3.12/site-packages/archspec-0.2.3.dist-info/REQUESTED
/opt/conda/lib/python3.12/site-packages/archspec-0.2.3.dist-info/entry_points.txt
/opt/conda/lib/python3.12/site-packages/archspec-0.2.3.dist-info/INSTALLER
/opt/conda/lib/python3.12/site-packages/archspec-0.2.3.dist-info/RECORD
/opt/conda/lib/python3.12/site-packages/archspec-0.2.3.dist-info/METADATA
/opt/conda/lib/python3.12/site-packages/pycparser-2.21.dist-info
/opt/conda/lib/python3.12/site-packages/pycparser-2.21.dist-info/WHEEL
/opt/conda/lib/python3.12/site-packages/pycparser-2.21.dist-info/direct_url.json
/opt/conda/lib/python3.12/site-packages/pycparser-2.21.dist-info/REQUESTED
/opt/conda/lib/python3.12/site-packages/pycparser-2.21.dist-info/LICENSE
/opt/conda/lib/python3.12/site-packages/pycparser-2.21.dist-info/top_level.txt
/opt/conda/lib/python3.12/site-packages/pycparser-2.21.dist-info/INSTALLER
/opt/conda/lib/python3.12/site-packages/pycparser-2.21.dist-info/RECORD
/opt/conda/lib/python3.12/site-packages/pycparser-2.21.dist-info/METADATA
/opt/conda/lib/python3.12/site-packages/ruamel.yaml-0.17.21-py3.12-nspkg.pth
/opt/conda/lib/python3.12/site-packages/ruamel.yaml-0.17.21.dist-info
/opt/conda/lib/python3.12/site-packages/ruamel.yaml-0.17.21.dist-info/WHEEL
/opt/conda/lib/python3.12/site-packages/ruamel.yaml-0.17.21.dist-info/direct_url.json
/opt/conda/lib/python3.12/site-packages/ruamel.yaml-0.17.21.dist-info/REQUESTED
/opt/conda/lib/python3.12/site-packages/ruamel.yaml-0.17.21.dist-info/LICENSE
/opt/conda/lib/python3.12/site-packages/ruamel.yaml-0.17.21.dist-info/top_level.txt
/opt/conda/lib/python3.12/site-packages/ruamel.yaml-0.17.21.dist-info/INSTALLER
/opt/conda/lib/python3.12/site-packages/ruamel.yaml-0.17.21.dist-info/namespace_packages.txt
/opt/conda/lib/python3.12/site-packages/ruamel.yaml-0.17.21.dist-info/RECORD
/opt/conda/lib/python3.12/site-packages/ruamel.yaml-0.17.21.dist-info/METADATA
/opt/conda/lib/python3.12/site-packages/conda_package_handling
/opt/conda/lib/python3.12/site-packages/conda_package_handling/cli.py
/opt/conda/lib/python3.12/site-packages/conda_package_handling/__main__.py
/opt/conda/lib/python3.12/site-packages/conda_package_handling/__init__.py
/opt/conda/lib/python3.12/site-packages/conda_package_handling/tarball.py
/opt/conda/lib/python3.12/site-packages/conda_package_handling/conda_fmt.py
/opt/conda/lib/python3.12/site-packages/conda_package_handling/api.py
/opt/conda/lib/python3.12/site-packages/conda_package_handling/interface.py
/opt/conda/lib/python3.12/site-packages/conda_package_handling/utils.py
/opt/conda/lib/python3.12/site-packages/conda_package_handling/__pycache__
/opt/conda/lib/python3.12/site-packages/conda_package_handling/__pycache__/cli.cpython-312.pyc
/opt/conda/lib/python3.12/site-packages/conda_package_handling/__pycache__/interface.cpython-312.pyc
/opt/conda/lib/python3.12/site-packages/conda_package_handling/__pycache__/api.cpython-312.pyc
/opt/conda/lib/python3.12/site-packages/conda_package_handling/__pycache__/tarball.cpython-312.pyc
/opt/conda/lib/python3.12/site-packages/conda_package_handling/__pycache__/__init__.cpython-312.pyc
/opt/conda/lib/python3.12/site-packages/conda_package_handling/__pycache__/utils.cpython-312.pyc
/opt/conda/lib/python3.12/site-packages/conda_package_handling/__pycache__/conda_fmt.cpython-312.pyc
/opt/conda/lib/python3.12/site-packages/conda_package_handling/__pycache__/streaming.cpython-312.pyc
/opt/conda/lib/python3.12/site-packages/conda_package_handling/__pycache__/validate.cpython-312.pyc
/opt/conda/lib/python3.12/site-packages/conda_package_handling/__pycache__/exceptions.cpython-312.pyc
/opt/conda/lib/python3.12/site-packages/conda_package_handling/__pycache__/__main__.cpython-312.pyc
/opt/conda/lib/python3.12/site-packages/conda_package_handling/validate.py
/opt/conda/lib/python3.12/site-packages/conda_package_handling/exceptions.py
/opt/conda/lib/python3.12/site-packages/conda_package_handling/streaming.py
/opt/conda/lib/python3.12/site-packages/README.txt
/opt/conda/lib/python3.12/site-packages/brotli.py
/opt/conda/lib/python3.12/site-packages/pycparser
/opt/conda/lib/python3.12/site-packages/pycparser/ply
/opt/conda/lib/python3.12/site-packages/pycparser/ply/ctokens.py
/opt/conda/lib/python3.12/site-packages/pycparser/ply/ygen.py
/opt/conda/lib/python3.12/site-packages/pycparser/ply/__init__.py
/opt/conda/lib/python3.12/site-packages/pycparser/ply/cpp.py
/opt/conda/lib/python3.12/site-packages/pycparser/ply/lex.py
/opt/conda/lib/python3.12/site-packages/pycparser/ply/yacc.py
/opt/conda/lib/python3.12/site-packages/pycparser/ply/__pycache__
/opt/conda/lib/python3.12/site-packages/pycparser/ply/__pycache__/yacc.cpython-312.pyc
/opt/conda/lib/python3.12/site-packages/pycparser/ply/__pycache__/lex.cpython-312.pyc
/opt/conda/lib/python3.12/site-packages/pycparser/ply/__pycache__/cpp.cpython-312.pyc
/opt/conda/lib/python3.12/site-packages/pycparser/ply/__pycache__/__init__.cpython-312.pyc
/opt/conda/lib/python3.12/site-packages/pycparser/ply/__pycache__/ygen.cpython-312.pyc
/opt/conda/lib/python3.12/site-packages/pycparser/ply/__pycache__/ctokens.cpython-312.pyc
/opt/conda/lib/python3.12/site-packages/pycparser/__init__.py
/opt/conda/lib/python3.12/site-packages/pycparser/ast_transforms.py
/opt/conda/lib/python3.12/site-packages/pycparser/c_parser.py
/opt/conda/lib/python3.12/site-packages/pycparser/_build_tables.py
/opt/conda/lib/python3.12/site-packages/pycparser/lextab.py
/opt/conda/lib/python3.12/site-packages/pycparser/__pycache__
/opt/conda/lib/python3.12/site-packages/pycparser/__pycache__/_build_tables.cpython-312.pyc
/opt/conda/lib/python3.12/site-packages/pycparser/__pycache__/yacctab.cpython-312.pyc
/opt/conda/lib/python3.12/site-packages/pycparser/__pycache__/lextab.cpython-312.pyc
/opt/conda/lib/python3.12/site-packages/pycparser/__pycache__/c_parser.cpython-312.pyc
/opt/conda/lib/python3.12/site-packages/pycparser/__pycache__/c_generator.cpython-312.pyc
/opt/conda/lib/python3.12/site-packages/pycparser/__pycache__/c_ast.cpython-312.pyc
/opt/conda/lib/python3.12/site-packages/pycparser/__pycache__/ast_transforms.cpython-312.pyc
/opt/conda/lib/python3.12/site-packages/pycparser/__pycache__/_ast_gen.cpython-312.pyc
/opt/conda/lib/python3.12/site-packages/pycparser/__pycache__/__init__.cpython-312.pyc
/opt/conda/lib/python3.12/site-packages/pycparser/__pycache__/c_lexer.cpython-312.pyc
/opt/conda/lib/python3.12/site-packages/pycparser/__pycache__/plyparser.cpython-312.pyc
/opt/conda/lib/python3.12/site-packages/pycparser/_c_ast.cfg
/opt/conda/lib/python3.12/site-packages/pycparser/_ast_gen.py
/opt/conda/lib/python3.12/site-packages/pycparser/yacctab.py
/opt/conda/lib/python3.12/site-packages/pycparser/c_ast.py
/opt/conda/lib/python3.12/site-packages/pycparser/c_generator.py
/opt/conda/lib/python3.12/site-packages/pycparser/plyparser.py
/opt/conda/lib/python3.12/site-packages/pycparser/c_lexer.py
/opt/conda/lib/python3.12/site-packages/pycosat-0.6.6.dist-info
/opt/conda/lib/python3.12/site-packages/pycosat-0.6.6.dist-info/AUTHORS.md
/opt/conda/lib/python3.12/site-packages/pycosat-0.6.6.dist-info/WHEEL
/opt/conda/lib/python3.12/site-packages/pycosat-0.6.6.dist-info/direct_url.json
/opt/conda/lib/python3.12/site-packages/pycosat-0.6.6.dist-info/REQUESTED
/opt/conda/lib/python3.12/site-packages/pycosat-0.6.6.dist-info/LICENSE
/opt/conda/lib/python3.12/site-packages/pycosat-0.6.6.dist-info/top_level.txt
/opt/conda/lib/python3.12/site-packages/pycosat-0.6.6.dist-info/INSTALLER
/opt/conda/lib/python3.12/site-packages/pycosat-0.6.6.dist-info/RECORD
/opt/conda/lib/python3.12/site-packages/pycosat-0.6.6.dist-info/METADATA
/opt/conda/lib/python3.12/site-packages/idna-3.7.dist-info
/opt/conda/lib/python3.12/site-packages/idna-3.7.dist-info/WHEEL
/opt/conda/lib/python3.12/site-packages/idna-3.7.dist-info/direct_url.json
/opt/conda/lib/python3.12/site-packages/idna-3.7.dist-info/REQUESTED
/opt/conda/lib/python3.12/site-packages/idna-3.7.dist-info/LICENSE.md
/opt/conda/lib/python3.12/site-packages/idna-3.7.dist-info/INSTALLER
/opt/conda/lib/python3.12/site-packages/idna-3.7.dist-info/RECORD
/opt/conda/lib/python3.12/site-packages/idna-3.7.dist-info/METADATA
/opt/conda/lib/python3.12/site-packages/packaging-23.2.dist-info
/opt/conda/lib/python3.12/site-packages/packaging-23.2.dist-info/LICENSE.APACHE
/opt/conda/lib/python3.12/site-packages/packaging-23.2.dist-info/WHEEL
/opt/conda/lib/python3.12/site-packages/packaging-23.2.dist-info/direct_url.json
/opt/conda/lib/python3.12/site-packages/packaging-23.2.dist-info/REQUESTED
/opt/conda/lib/python3.12/site-packages/packaging-23.2.dist-info/LICENSE.BSD
/opt/conda/lib/python3.12/site-packages/packaging-23.2.dist-info/LICENSE
/opt/conda/lib/python3.12/site-packages/packaging-23.2.dist-info/INSTALLER
/opt/conda/lib/python3.12/site-packages/packaging-23.2.dist-info/RECORD
/opt/conda/lib/python3.12/site-packages/packaging-23.2.dist-info/METADATA
/opt/conda/lib/python3.12/site-packages/charset_normalizer
/opt/conda/lib/python3.12/site-packages/charset_normalizer/models.py
/opt/conda/lib/python3.12/site-packages/charset_normalizer/__init__.py
/opt/conda/lib/python3.12/site-packages/charset_normalizer/py.typed
/opt/conda/lib/python3.12/site-packages/charset_normalizer/api.py
/opt/conda/lib/python3.12/site-packages/charset_normalizer/md.py
/opt/conda/lib/python3.12/site-packages/charset_normalizer/cd.py
/opt/conda/lib/python3.12/site-packages/charset_normalizer/utils.py
/opt/conda/lib/python3.12/site-packages/charset_normalizer/version.py
/opt/conda/lib/python3.12/site-packages/charset_normalizer/__pycache__
/opt/conda/lib/python3.12/site-packages/charset_normalizer/__pycache__/legacy.cpython-312.pyc
/opt/conda/lib/python3.12/site-packages/charset_normalizer/__pycache__/api.cpython-312.pyc
/opt/conda/lib/python3.12/site-packages/charset_normalizer/__pycache__/__init__.cpython-312.pyc
/opt/conda/lib/python3.12/site-packages/charset_normalizer/__pycache__/utils.cpython-312.pyc
/opt/conda/lib/python3.12/site-packages/charset_normalizer/__pycache__/cd.cpython-312.pyc
/opt/conda/lib/python3.12/site-packages/charset_normalizer/__pycache__/models.cpython-312.pyc
/opt/conda/lib/python3.12/site-packages/charset_normalizer/__pycache__/version.cpython-312.pyc
/opt/conda/lib/python3.12/site-packages/charset_normalizer/__pycache__/md.cpython-312.pyc
/opt/conda/lib/python3.12/site-packages/charset_normalizer/__pycache__/constant.cpython-312.pyc
/opt/conda/lib/python3.12/site-packages/charset_normalizer/assets
/opt/conda/lib/python3.12/site-packages/charset_normalizer/assets/__init__.py
/opt/conda/lib/python3.12/site-packages/charset_normalizer/assets/__pycache__
/opt/conda/lib/python3.12/site-packages/charset_normalizer/assets/__pycache__/__init__.cpython-312.pyc
/opt/conda/lib/python3.12/site-packages/charset_normalizer/legacy.py
/opt/conda/lib/python3.12/site-packages/charset_normalizer/constant.py
/opt/conda/lib/python3.12/site-packages/charset_normalizer/cli
/opt/conda/lib/python3.12/site-packages/charset_normalizer/cli/__init__.py
/opt/conda/lib/python3.12/site-packages/charset_normalizer/cli/__pycache__
/opt/conda/lib/python3.12/site-packages/charset_normalizer/cli/__pycache__/normalizer.cpython-312.pyc
/opt/conda/lib/python3.12/site-packages/charset_normalizer/cli/__pycache__/__init__.cpython-312.pyc
/opt/conda/lib/python3.12/site-packages/charset_normalizer/cli/normalizer.py
/opt/conda/lib/python3.12/site-packages/urllib3
/opt/conda/lib/python3.12/site-packages/urllib3/__init__.py
/opt/conda/lib/python3.12/site-packages/urllib3/connectionpool.py
/opt/conda/lib/python3.12/site-packages/urllib3/py.typed
/opt/conda/lib/python3.12/site-packages/urllib3/response.py
/opt/conda/lib/python3.12/site-packages/urllib3/util
/opt/conda/lib/python3.12/site-packages/urllib3/util/ssl_.py
/opt/conda/lib/python3.12/site-packages/urllib3/util/__init__.py
/opt/conda/lib/python3.12/site-packages/urllib3/util/response.py
/opt/conda/lib/python3.12/site-packages/urllib3/util/ssltransport.py
/opt/conda/lib/python3.12/site-packages/urllib3/util/retry.py
/opt/conda/lib/python3.12/site-packages/urllib3/util/url.py
/opt/conda/lib/python3.12/site-packages/urllib3/util/util.py
/opt/conda/lib/python3.12/site-packages/urllib3/util/wait.py
/opt/conda/lib/python3.12/site-packages/urllib3/util/connection.py
/opt/conda/lib/python3.12/site-packages/urllib3/util/proxy.py
/opt/conda/lib/python3.12/site-packages/urllib3/util/request.py
/opt/conda/lib/python3.12/site-packages/urllib3/util/__pycache__
/opt/conda/lib/python3.12/site-packages/urllib3/util/__pycache__/util.cpython-312.pyc
/opt/conda/lib/python3.12/site-packages/urllib3/util/__pycache__/response.cpython-312.pyc
/opt/conda/lib/python3.12/site-packages/urllib3/util/__pycache__/wait.cpython-312.pyc
/opt/conda/lib/python3.12/site-packages/urllib3/util/__pycache__/timeout.cpython-312.pyc
/opt/conda/lib/python3.12/site-packages/urllib3/util/__pycache__/ssltransport.cpython-312.pyc
/opt/conda/lib/python3.12/site-packages/urllib3/util/__pycache__/ssl_.cpython-312.pyc
/opt/conda/lib/python3.12/site-packages/urllib3/util/__pycache__/proxy.cpython-312.pyc
/opt/conda/lib/python3.12/site-packages/urllib3/util/__pycache__/connection.cpython-312.pyc
/opt/conda/lib/python3.12/site-packages/urllib3/util/__pycache__/url.cpython-312.pyc
/opt/conda/lib/python3.12/site-packages/urllib3/util/__pycache__/retry.cpython-312.pyc
/opt/conda/lib/python3.12/site-packages/urllib3/util/__pycache__/__init__.cpython-312.pyc
/opt/conda/lib/python3.12/site-packages/urllib3/util/__pycache__/ssl_match_hostname.cpython-312.pyc
/opt/conda/lib/python3.12/site-packages/urllib3/util/__pycache__/request.cpython-312.pyc
/opt/conda/lib/python3.12/site-packages/urllib3/util/timeout.py
/opt/conda/lib/python3.12/site-packages/urllib3/util/ssl_match_hostname.py
/opt/conda/lib/python3.12/site-packages/urllib3/_request_methods.py
/opt/conda/lib/python3.12/site-packages/urllib3/poolmanager.py
/opt/conda/lib/python3.12/site-packages/urllib3/filepost.py
/opt/conda/lib/python3.12/site-packages/urllib3/contrib
/opt/conda/lib/python3.12/site-packages/urllib3/contrib/__init__.py
/opt/conda/lib/python3.12/site-packages/urllib3/contrib/pyopenssl.py
/opt/conda/lib/python3.12/site-packages/urllib3/contrib/emscripten
/opt/conda/lib/python3.12/site-packages/urllib3/contrib/emscripten/__init__.py
/opt/conda/lib/python3.12/site-packages/urllib3/contrib/emscripten/response.py
/opt/conda/lib/python3.12/site-packages/urllib3/contrib/emscripten/emscripten_fetch_worker.js
/opt/conda/lib/python3.12/site-packages/urllib3/contrib/emscripten/fetch.py
/opt/conda/lib/python3.12/site-packages/urllib3/contrib/emscripten/connection.py
/opt/conda/lib/python3.12/site-packages/urllib3/contrib/emscripten/request.py
/opt/conda/lib/python3.12/site-packages/urllib3/contrib/emscripten/__pycache__
/opt/conda/lib/python3.12/site-packages/urllib3/contrib/emscripten/__pycache__/response.cpython-312.pyc
/opt/conda/lib/python3.12/site-packages/urllib3/contrib/emscripten/__pycache__/connection.cpython-312.pyc
/opt/conda/lib/python3.12/site-packages/urllib3/contrib/emscripten/__pycache__/fetch.cpython-312.pyc
/opt/conda/lib/python3.12/site-packages/urllib3/contrib/emscripten/__pycache__/__init__.cpython-312.pyc
/opt/conda/lib/python3.12/site-packages/urllib3/contrib/emscripten/__pycache__/request.cpython-312.pyc
/opt/conda/lib/python3.12/site-packages/urllib3/contrib/__pycache__
/opt/conda/lib/python3.12/site-packages/urllib3/contrib/__pycache__/pyopenssl.cpython-312.pyc
/opt/conda/lib/python3.12/site-packages/urllib3/contrib/__pycache__/__init__.cpython-312.pyc
/opt/conda/lib/python3.12/site-packages/urllib3/contrib/__pycache__/socks.cpython-312.pyc
/opt/conda/lib/python3.12/site-packages/urllib3/contrib/socks.py
/opt/conda/lib/python3.12/site-packages/urllib3/connection.py
/opt/conda/lib/python3.12/site-packages/urllib3/__pycache__
/opt/conda/lib/python3.12/site-packages/urllib3/__pycache__/filepost.cpython-312.pyc
/opt/conda/lib/python3.12/site-packages/urllib3/__pycache__/response.cpython-312.pyc
/opt/conda/lib/python3.12/site-packages/urllib3/__pycache__/_base_connection.cpython-312.pyc
/opt/conda/lib/python3.12/site-packages/urllib3/__pycache__/connection.cpython-312.pyc
/opt/conda/lib/python3.12/site-packages/urllib3/__pycache__/connectionpool.cpython-312.pyc
/opt/conda/lib/python3.12/site-packages/urllib3/__pycache__/fields.cpython-312.pyc
/opt/conda/lib/python3.12/site-packages/urllib3/__pycache__/_request_methods.cpython-312.pyc
/opt/conda/lib/python3.12/site-packages/urllib3/__pycache__/__init__.cpython-312.pyc
/opt/conda/lib/python3.12/site-packages/urllib3/__pycache__/_version.cpython-312.pyc
/opt/conda/lib/python3.12/site-packages/urllib3/__pycache__/_collections.cpython-312.pyc
/opt/conda/lib/python3.12/site-packages/urllib3/__pycache__/exceptions.cpython-312.pyc
/opt/conda/lib/python3.12/site-packages/urllib3/__pycache__/poolmanager.cpython-312.pyc
/opt/conda/lib/python3.12/site-packages/urllib3/__pycache__/http2.cpython-312.pyc
/opt/conda/lib/python3.12/site-packages/urllib3/_version.py
/opt/conda/lib/python3.12/site-packages/urllib3/_collections.py
/opt/conda/lib/python3.12/site-packages/urllib3/http2.py
/opt/conda/lib/python3.12/site-packages/urllib3/_base_connection.py
/opt/conda/lib/python3.12/site-packages/urllib3/exceptions.py
/opt/conda/lib/python3.12/site-packages/urllib3/fields.py
/opt/conda/lib/python3.12/site-packages/libmambapy-1.5.8.dist-info
/opt/conda/lib/python3.12/site-packages/libmambapy-1.5.8.dist-info/WHEEL
/opt/conda/lib/python3.12/site-packages/libmambapy-1.5.8.dist-info/direct_url.json
/opt/conda/lib/python3.12/site-packages/libmambapy-1.5.8.dist-info/REQUESTED
/opt/conda/lib/python3.12/site-packages/libmambapy-1.5.8.dist-info/LICENSE
/opt/conda/lib/python3.12/site-packages/libmambapy-1.5.8.dist-info/top_level.txt
/opt/conda/lib/python3.12/site-packages/libmambapy-1.5.8.dist-info/INSTALLER
/opt/conda/lib/python3.12/site-packages/libmambapy-1.5.8.dist-info/RECORD
/opt/conda/lib/python3.12/site-packages/libmambapy-1.5.8.dist-info/METADATA
/opt/conda/lib/python3.12/site-packages/distutils-precedence.pth
/opt/conda/lib/python3.12/site-packages/__pycache__
/opt/conda/lib/python3.12/site-packages/__pycache__/jsonpatch.cpython-312.pyc
/opt/conda/lib/python3.12/site-packages/__pycache__/test_pycosat.cpython-312.pyc
/opt/conda/lib/python3.12/site-packages/__pycache__/brotli.cpython-312.pyc
/opt/conda/lib/python3.12/site-packages/__pycache__/jsonpointer.cpython-312.pyc
/opt/conda/lib/python3.12/site-packages/__pycache__/socks.cpython-312.pyc
/opt/conda/lib/python3.12/site-packages/__pycache__/sockshandler.cpython-312.pyc
/opt/conda/lib/python3.12/site-packages/socks.py
/opt/conda/lib/python3.12/site-packages/wheel
/opt/conda/lib/python3.12/site-packages/wheel/__main__.py
/opt/conda/lib/python3.12/site-packages/wheel/vendored
/opt/conda/lib/python3.12/site-packages/wheel/vendored/__init__.py
/opt/conda/lib/python3.12/site-packages/wheel/vendored/vendor.txt
/opt/conda/lib/python3.12/site-packages/wheel/vendored/packaging
/opt/conda/lib/python3.12/site-packages/wheel/vendored/packaging/_structures.py
/opt/conda/lib/python3.12/site-packages/wheel/vendored/packaging/__init__.py
/opt/conda/lib/python3.12/site-packages/wheel/vendored/packaging/requirements.py
/opt/conda/lib/python3.12/site-packages/wheel/vendored/packaging/_manylinux.py
/opt/conda/lib/python3.12/site-packages/wheel/vendored/packaging/markers.py
/opt/conda/lib/python3.12/site-packages/wheel/vendored/packaging/specifiers.py
/opt/conda/lib/python3.12/site-packages/wheel/vendored/packaging/utils.py
/opt/conda/lib/python3.12/site-packages/wheel/vendored/packaging/tags.py
/opt/conda/lib/python3.12/site-packages/wheel/vendored/packaging/_musllinux.py
/opt/conda/lib/python3.12/site-packages/wheel/vendored/packaging/version.py
/opt/conda/lib/python3.12/site-packages/wheel/vendored/packaging/_tokenizer.py
/opt/conda/lib/python3.12/site-packages/wheel/vendored/packaging/__pycache__
/opt/conda/lib/python3.12/site-packages/wheel/vendored/packaging/__pycache__/_tokenizer.cpython-312.pyc
/opt/conda/lib/python3.12/site-packages/wheel/vendored/packaging/__pycache__/_manylinux.cpython-312.pyc
/opt/conda/lib/python3.12/site-packages/wheel/vendored/packaging/__pycache__/requirements.cpython-312.pyc
/opt/conda/lib/python3.12/site-packages/wheel/vendored/packaging/__pycache__/specifiers.cpython-312.pyc
/opt/conda/lib/python3.12/site-packages/wheel/vendored/packaging/__pycache__/tags.cpython-312.pyc
/opt/conda/lib/python3.12/site-packages/wheel/vendored/packaging/__pycache__/markers.cpython-312.pyc
/opt/conda/lib/python3.12/site-packages/wheel/vendored/packaging/__pycache__/_musllinux.cpython-312.pyc
/opt/conda/lib/python3.12/site-packages/wheel/vendored/packaging/__pycache__/_elffile.cpython-312.pyc
/opt/conda/lib/python3.12/site-packages/wheel/vendored/packaging/__pycache__/_parser.cpython-312.pyc
/opt/conda/lib/python3.12/site-packages/wheel/vendored/packaging/__pycache__/__init__.cpython-312.pyc
/opt/conda/lib/python3.12/site-packages/wheel/vendored/packaging/__pycache__/utils.cpython-312.pyc
/opt/conda/lib/python3.12/site-packages/wheel/vendored/packaging/__pycache__/_structures.cpython-312.pyc
/opt/conda/lib/python3.12/site-packages/wheel/vendored/packaging/__pycache__/version.cpython-312.pyc
/opt/conda/lib/python3.12/site-packages/wheel/vendored/packaging/_elffile.py
/opt/conda/lib/python3.12/site-packages/wheel/vendored/packaging/_parser.py
/opt/conda/lib/python3.12/site-packages/wheel/vendored/__pycache__
/opt/conda/lib/python3.12/site-packages/wheel/vendored/__pycache__/__init__.cpython-312.pyc
/opt/conda/lib/python3.12/site-packages/wheel/__init__.py
/opt/conda/lib/python3.12/site-packages/wheel/wheelfile.py
/opt/conda/lib/python3.12/site-packages/wheel/metadata.py
/opt/conda/lib/python3.12/site-packages/wheel/bdist_wheel.py
/opt/conda/lib/python3.12/site-packages/wheel/util.py
/opt/conda/lib/python3.12/site-packages/wheel/__pycache__
/opt/conda/lib/python3.12/site-packages/wheel/__pycache__/util.cpython-312.pyc
/opt/conda/lib/python3.12/site-packages/wheel/__pycache__/metadata.cpython-312.pyc
/opt/conda/lib/python3.12/site-packages/wheel/__pycache__/_setuptools_logging.cpython-312.pyc
/opt/conda/lib/python3.12/site-packages/wheel/__pycache__/__init__.cpython-312.pyc
/opt/conda/lib/python3.12/site-packages/wheel/__pycache__/bdist_wheel.cpython-312.pyc
/opt/conda/lib/python3.12/site-packages/wheel/__pycache__/macosx_libfile.cpython-312.pyc
/opt/conda/lib/python3.12/site-packages/wheel/__pycache__/wheelfile.cpython-312.pyc
/opt/conda/lib/python3.12/site-packages/wheel/__pycache__/__main__.cpython-312.pyc
/opt/conda/lib/python3.12/site-packages/wheel/_setuptools_logging.py
/opt/conda/lib/python3.12/site-packages/wheel/cli
/opt/conda/lib/python3.12/site-packages/wheel/cli/__init__.py
/opt/conda/lib/python3.12/site-packages/wheel/cli/unpack.py
/opt/conda/lib/python3.12/site-packages/wheel/cli/convert.py
/opt/conda/lib/python3.12/site-packages/wheel/cli/tags.py
/opt/conda/lib/python3.12/site-packages/wheel/cli/pack.py
/opt/conda/lib/python3.12/site-packages/wheel/cli/__pycache__
/opt/conda/lib/python3.12/site-packages/wheel/cli/__pycache__/pack.cpython-312.pyc
/opt/conda/lib/python3.12/site-packages/wheel/cli/__pycache__/tags.cpython-312.pyc
/opt/conda/lib/python3.12/site-packages/wheel/cli/__pycache__/__init__.cpython-312.pyc
/opt/conda/lib/python3.12/site-packages/wheel/cli/__pycache__/convert.cpython-312.pyc
/opt/conda/lib/python3.12/site-packages/wheel/cli/__pycache__/unpack.cpython-312.pyc
/opt/conda/lib/python3.12/site-packages/wheel/macosx_libfile.py
/opt/conda/lib/python3.12/site-packages/boltons-23.0.0.dist-info
/opt/conda/lib/python3.12/site-packages/boltons-23.0.0.dist-info/WHEEL
/opt/conda/lib/python3.12/site-packages/boltons-23.0.0.dist-info/direct_url.json
/opt/conda/lib/python3.12/site-packages/boltons-23.0.0.dist-info/REQUESTED
/opt/conda/lib/python3.12/site-packages/boltons-23.0.0.dist-info/LICENSE
/opt/conda/lib/python3.12/site-packages/boltons-23.0.0.dist-info/top_level.txt
/opt/conda/lib/python3.12/site-packages/boltons-23.0.0.dist-info/INSTALLER
/opt/conda/lib/python3.12/site-packages/boltons-23.0.0.dist-info/RECORD
/opt/conda/lib/python3.12/site-packages/boltons-23.0.0.dist-info/METADATA
/opt/conda/lib/python3.12/site-packages/libmambapy
/opt/conda/lib/python3.12/site-packages/libmambapy/__init__.py
/opt/conda/lib/python3.12/site-packages/libmambapy/__pycache__
/opt/conda/lib/python3.12/site-packages/libmambapy/__pycache__/__init__.cpython-312.pyc
/opt/conda/lib/python3.12/site-packages/libmambapy/__pycache__/_version.cpython-312.pyc
/opt/conda/lib/python3.12/site-packages/libmambapy/_version.py
/opt/conda/lib/python3.12/site-packages/libmambapy/bindings.cpython-312-x86_64-linux-gnu.so
/opt/conda/lib/python3.12/site-packages/setuptools
/opt/conda/lib/python3.12/site-packages/setuptools/warnings.py
/opt/conda/lib/python3.12/site-packages/setuptools/_imp.py
/opt/conda/lib/python3.12/site-packages/setuptools/errors.py
/opt/conda/lib/python3.12/site-packages/setuptools/archive_util.py
/opt/conda/lib/python3.12/site-packages/setuptools/_entry_points.py
/opt/conda/lib/python3.12/site-packages/setuptools/gui-arm64.exe
/opt/conda/lib/python3.12/site-packages/setuptools/_vendor
/opt/conda/lib/python3.12/site-packages/setuptools/_vendor/zipp.py
/opt/conda/lib/python3.12/site-packages/setuptools/_vendor/__init__.py
/opt/conda/lib/python3.12/site-packages/setuptools/_vendor/ordered_set.py
/opt/conda/lib/python3.12/site-packages/setuptools/_vendor/importlib_resources
/opt/conda/lib/python3.12/site-packages/setuptools/_vendor/importlib_resources/readers.py
/opt/conda/lib/python3.12/site-packages/setuptools/_vendor/importlib_resources/__init__.py
/opt/conda/lib/python3.12/site-packages/setuptools/_vendor/importlib_resources/py.typed
/opt/conda/lib/python3.12/site-packages/setuptools/_vendor/importlib_resources/abc.py
/opt/conda/lib/python3.12/site-packages/setuptools/_vendor/importlib_resources/_itertools.py
/opt/conda/lib/python3.12/site-packages/setuptools/_vendor/importlib_resources/_common.py
/opt/conda/lib/python3.12/site-packages/setuptools/_vendor/importlib_resources/_legacy.py
/opt/conda/lib/python3.12/site-packages/setuptools/_vendor/importlib_resources/__pycache__
/opt/conda/lib/python3.12/site-packages/setuptools/_vendor/importlib_resources/__pycache__/_legacy.cpython-312.pyc
/opt/conda/lib/python3.12/site-packages/setuptools/_vendor/importlib_resources/__pycache__/_common.cpython-312.pyc
/opt/conda/lib/python3.12/site-packages/setuptools/_vendor/importlib_resources/__pycache__/__init__.cpython-312.pyc
/opt/conda/lib/python3.12/site-packages/setuptools/_vendor/importlib_resources/__pycache__/simple.cpython-312.pyc
/opt/conda/lib/python3.12/site-packages/setuptools/_vendor/importlib_resources/__pycache__/_adapters.cpython-312.pyc
/opt/conda/lib/python3.12/site-packages/setuptools/_vendor/importlib_resources/__pycache__/abc.cpython-312.pyc
/opt/conda/lib/python3.12/site-packages/setuptools/_vendor/importlib_resources/__pycache__/_compat.cpython-312.pyc
/opt/conda/lib/python3.12/site-packages/setuptools/_vendor/importlib_resources/__pycache__/readers.cpython-312.pyc
/opt/conda/lib/python3.12/site-packages/setuptools/_vendor/importlib_resources/__pycache__/_itertools.cpython-312.pyc
/opt/conda/lib/python3.12/site-packages/setuptools/_vendor/importlib_resources/_compat.py
/opt/conda/lib/python3.12/site-packages/setuptools/_vendor/importlib_resources/_adapters.py
/opt/conda/lib/python3.12/site-packages/setuptools/_vendor/importlib_resources/simple.py
/opt/conda/lib/python3.12/site-packages/setuptools/_vendor/jaraco
/opt/conda/lib/python3.12/site-packages/setuptools/_vendor/jaraco/functools
/opt/conda/lib/python3.12/site-packages/setuptools/_vendor/jaraco/functools/__init__.py
/opt/conda/lib/python3.12/site-packages/setuptools/_vendor/jaraco/functools/py.typed
/opt/conda/lib/python3.12/site-packages/setuptools/_vendor/jaraco/functools/__init__.pyi
/opt/conda/lib/python3.12/site-packages/setuptools/_vendor/jaraco/functools/__pycache__
/opt/conda/lib/python3.12/site-packages/setuptools/_vendor/jaraco/functools/__pycache__/__init__.cpython-312.pyc
/opt/conda/lib/python3.12/site-packages/setuptools/_vendor/jaraco/__init__.py
/opt/conda/lib/python3.12/site-packages/setuptools/_vendor/jaraco/context.py
/opt/conda/lib/python3.12/site-packages/setuptools/_vendor/jaraco/text
/opt/conda/lib/python3.12/site-packages/setuptools/_vendor/jaraco/text/__init__.py
/opt/conda/lib/python3.12/site-packages/setuptools/_vendor/jaraco/text/__pycache__
/opt/conda/lib/python3.12/site-packages/setuptools/_vendor/jaraco/text/__pycache__/__init__.cpython-312.pyc
/opt/conda/lib/python3.12/site-packages/setuptools/_vendor/jaraco/__pycache__
/opt/conda/lib/python3.12/site-packages/setuptools/_vendor/jaraco/__pycache__/__init__.cpython-312.pyc
/opt/conda/lib/python3.12/site-packages/setuptools/_vendor/jaraco/__pycache__/context.cpython-312.pyc
/opt/conda/lib/python3.12/site-packages/setuptools/_vendor/packaging
/opt/conda/lib/python3.12/site-packages/setuptools/_vendor/packaging/_structures.py
/opt/conda/lib/python3.12/site-packages/setuptools/_vendor/packaging/__init__.py
/opt/conda/lib/python3.12/site-packages/setuptools/_vendor/packaging/requirements.py
/opt/conda/lib/python3.12/site-packages/setuptools/_vendor/packaging/py.typed
/opt/conda/lib/python3.12/site-packages/setuptools/_vendor/packaging/_manylinux.py
/opt/conda/lib/python3.12/site-packages/setuptools/_vendor/packaging/markers.py
/opt/conda/lib/python3.12/site-packages/setuptools/_vendor/packaging/metadata.py
/opt/conda/lib/python3.12/site-packages/setuptools/_vendor/packaging/specifiers.py
/opt/conda/lib/python3.12/site-packages/setuptools/_vendor/packaging/utils.py
/opt/conda/lib/python3.12/site-packages/setuptools/_vendor/packaging/tags.py
/opt/conda/lib/python3.12/site-packages/setuptools/_vendor/packaging/_musllinux.py
/opt/conda/lib/python3.12/site-packages/setuptools/_vendor/packaging/version.py
/opt/conda/lib/python3.12/site-packages/setuptools/_vendor/packaging/_tokenizer.py
/opt/conda/lib/python3.12/site-packages/setuptools/_vendor/packaging/__pycache__
/opt/conda/lib/python3.12/site-packages/setuptools/_vendor/packaging/__pycache__/_tokenizer.cpython-312.pyc
/opt/conda/lib/python3.12/site-packages/setuptools/_vendor/packaging/__pycache__/_manylinux.cpython-312.pyc
/opt/conda/lib/python3.12/site-packages/setuptools/_vendor/packaging/__pycache__/metadata.cpython-312.pyc
/opt/conda/lib/python3.12/site-packages/setuptools/_vendor/packaging/__pycache__/requirements.cpython-312.pyc
/opt/conda/lib/python3.12/site-packages/setuptools/_vendor/packaging/__pycache__/specifiers.cpython-312.pyc
/opt/conda/lib/python3.12/site-packages/setuptools/_vendor/packaging/__pycache__/tags.cpython-312.pyc
/opt/conda/lib/python3.12/site-packages/setuptools/_vendor/packaging/__pycache__/markers.cpython-312.pyc
/opt/conda/lib/python3.12/site-packages/setuptools/_vendor/packaging/__pycache__/_musllinux.cpython-312.pyc
/opt/conda/lib/python3.12/site-packages/setuptools/_vendor/packaging/__pycache__/_elffile.cpython-312.pyc
/opt/conda/lib/python3.12/site-packages/setuptools/_vendor/packaging/__pycache__/_parser.cpython-312.pyc
/opt/conda/lib/python3.12/site-packages/setuptools/_vendor/packaging/__pycache__/__init__.cpython-312.pyc
/opt/conda/lib/python3.12/site-packages/setuptools/_vendor/packaging/__pycache__/utils.cpython-312.pyc
/opt/conda/lib/python3.12/site-packages/setuptools/_vendor/packaging/__pycache__/_structures.cpython-312.pyc
/opt/conda/lib/python3.12/site-packages/setuptools/_vendor/packaging/__pycache__/version.cpython-312.pyc
/opt/conda/lib/python3.12/site-packages/setuptools/_vendor/packaging/_elffile.py
/opt/conda/lib/python3.12/site-packages/setuptools/_vendor/packaging/_parser.py
/opt/conda/lib/python3.12/site-packages/setuptools/_vendor/typing_extensions.py
/opt/conda/lib/python3.12/site-packages/setuptools/_vendor/__pycache__
/opt/conda/lib/python3.12/site-packages/setuptools/_vendor/__pycache__/typing_extensions.cpython-312.pyc
/opt/conda/lib/python3.12/site-packages/setuptools/_vendor/__pycache__/ordered_set.cpython-312.pyc
/opt/conda/lib/python3.12/site-packages/setuptools/_vendor/__pycache__/zipp.cpython-312.pyc
/opt/conda/lib/python3.12/site-packages/setuptools/_vendor/__pycache__/__init__.cpython-312.pyc
/opt/conda/lib/python3.12/site-packages/setuptools/_vendor/tomli
/opt/conda/lib/python3.12/site-packages/setuptools/_vendor/tomli/_types.py
/opt/conda/lib/python3.12/site-packages/setuptools/_vendor/tomli/_re.py
/opt/conda/lib/python3.12/site-packages/setuptools/_vendor/tomli/__init__.py
/opt/conda/lib/python3.12/site-packages/setuptools/_vendor/tomli/py.typed
/opt/conda/lib/python3.12/site-packages/setuptools/_vendor/tomli/__pycache__
/opt/conda/lib/python3.12/site-packages/setuptools/_vendor/tomli/__pycache__/_types.cpython-312.pyc
/opt/conda/lib/python3.12/site-packages/setuptools/_vendor/tomli/__pycache__/_re.cpython-312.pyc
/opt/conda/lib/python3.12/site-packages/setuptools/_vendor/tomli/__pycache__/_parser.cpython-312.pyc
/opt/conda/lib/python3.12/site-packages/setuptools/_vendor/tomli/__pycache__/__init__.cpython-312.pyc
/opt/conda/lib/python3.12/site-packages/setuptools/_vendor/tomli/_parser.py
/opt/conda/lib/python3.12/site-packages/setuptools/_vendor/more_itertools
/opt/conda/lib/python3.12/site-packages/setuptools/_vendor/more_itertools/__init__.py
/opt/conda/lib/python3.12/site-packages/setuptools/_vendor/more_itertools/py.typed
/opt/conda/lib/python3.12/site-packages/setuptools/_vendor/more_itertools/recipes.py
/opt/conda/lib/python3.12/site-packages/setuptools/_vendor/more_itertools/more.py
/opt/conda/lib/python3.12/site-packages/setuptools/_vendor/more_itertools/__init__.pyi
/opt/conda/lib/python3.12/site-packages/setuptools/_vendor/more_itertools/recipes.pyi
/opt/conda/lib/python3.12/site-packages/setuptools/_vendor/more_itertools/__pycache__
/opt/conda/lib/python3.12/site-packages/setuptools/_vendor/more_itertools/__pycache__/__init__.cpython-312.pyc
/opt/conda/lib/python3.12/site-packages/setuptools/_vendor/more_itertools/__pycache__/recipes.cpython-312.pyc
/opt/conda/lib/python3.12/site-packages/setuptools/_vendor/more_itertools/__pycache__/more.cpython-312.pyc
/opt/conda/lib/python3.12/site-packages/setuptools/_vendor/more_itertools/more.pyi
/opt/conda/lib/python3.12/site-packages/setuptools/_vendor/backports
/opt/conda/lib/python3.12/site-packages/setuptools/_vendor/backports/__init__.py
/opt/conda/lib/python3.12/site-packages/setuptools/_vendor/backports/tarfile.py
/opt/conda/lib/python3.12/site-packages/setuptools/_vendor/backports/__pycache__
/opt/conda/lib/python3.12/site-packages/setuptools/_vendor/backports/__pycache__/tarfile.cpython-312.pyc
/opt/conda/lib/python3.12/site-packages/setuptools/_vendor/backports/__pycache__/__init__.cpython-312.pyc
/opt/conda/lib/python3.12/site-packages/setuptools/_vendor/importlib_metadata
/opt/conda/lib/python3.12/site-packages/setuptools/_vendor/importlib_metadata/__init__.py
/opt/conda/lib/python3.12/site-packages/setuptools/_vendor/importlib_metadata/py.typed
/opt/conda/lib/python3.12/site-packages/setuptools/_vendor/importlib_metadata/_text.py
/opt/conda/lib/python3.12/site-packages/setuptools/_vendor/importlib_metadata/_meta.py
/opt/conda/lib/python3.12/site-packages/setuptools/_vendor/importlib_metadata/_py39compat.py
/opt/conda/lib/python3.12/site-packages/setuptools/_vendor/importlib_metadata/_functools.py
/opt/conda/lib/python3.12/site-packages/setuptools/_vendor/importlib_metadata/_itertools.py
/opt/conda/lib/python3.12/site-packages/setuptools/_vendor/importlib_metadata/__pycache__
/opt/conda/lib/python3.12/site-packages/setuptools/_vendor/importlib_metadata/__pycache__/_py39compat.cpython-312.pyc
/opt/conda/lib/python3.12/site-packages/setuptools/_vendor/importlib_metadata/__pycache__/_functools.cpython-312.pyc
/opt/conda/lib/python3.12/site-packages/setuptools/_vendor/importlib_metadata/__pycache__/_text.cpython-312.pyc
/opt/conda/lib/python3.12/site-packages/setuptools/_vendor/importlib_metadata/__pycache__/_meta.cpython-312.pyc
/opt/conda/lib/python3.12/site-packages/setuptools/_vendor/importlib_metadata/__pycache__/__init__.cpython-312.pyc
/opt/conda/lib/python3.12/site-packages/setuptools/_vendor/importlib_metadata/__pycache__/_collections.cpython-312.pyc
/opt/conda/lib/python3.12/site-packages/setuptools/_vendor/importlib_metadata/__pycache__/_adapters.cpython-312.pyc
/opt/conda/lib/python3.12/site-packages/setuptools/_vendor/importlib_metadata/__pycache__/_compat.cpython-312.pyc
/opt/conda/lib/python3.12/site-packages/setuptools/_vendor/importlib_metadata/__pycache__/_itertools.cpython-312.pyc
/opt/conda/lib/python3.12/site-packages/setuptools/_vendor/importlib_metadata/_compat.py
/opt/conda/lib/python3.12/site-packages/setuptools/_vendor/importlib_metadata/_collections.py
/opt/conda/lib/python3.12/site-packages/setuptools/_vendor/importlib_metadata/_adapters.py
/opt/conda/lib/python3.12/site-packages/setuptools/__init__.py
/opt/conda/lib/python3.12/site-packages/setuptools/package_index.py
/opt/conda/lib/python3.12/site-packages/setuptools/dep_util.py
/opt/conda/lib/python3.12/site-packages/setuptools/cli.exe
/opt/conda/lib/python3.12/site-packages/setuptools/build_meta.py
/opt/conda/lib/python3.12/site-packages/setuptools/msvc.py
/opt/conda/lib/python3.12/site-packages/setuptools/script.tmpl
/opt/conda/lib/python3.12/site-packages/setuptools/windows_support.py
/opt/conda/lib/python3.12/site-packages/setuptools/command
/opt/conda/lib/python3.12/site-packages/setuptools/command/editable_wheel.py
/opt/conda/lib/python3.12/site-packages/setuptools/command/build_py.py
/opt/conda/lib/python3.12/site-packages/setuptools/command/setopt.py
/opt/conda/lib/python3.12/site-packages/setuptools/command/develop.py
/opt/conda/lib/python3.12/site-packages/setuptools/command/__init__.py
/opt/conda/lib/python3.12/site-packages/setuptools/command/bdist_rpm.py
/opt/conda/lib/python3.12/site-packages/setuptools/command/build.py
/opt/conda/lib/python3.12/site-packages/setuptools/command/test.py
/opt/conda/lib/python3.12/site-packages/setuptools/command/easy_install.py
/opt/conda/lib/python3.12/site-packages/setuptools/command/_requirestxt.py
/opt/conda/lib/python3.12/site-packages/setuptools/command/saveopts.py
/opt/conda/lib/python3.12/site-packages/setuptools/command/register.py
/opt/conda/lib/python3.12/site-packages/setuptools/command/install_scripts.py
/opt/conda/lib/python3.12/site-packages/setuptools/command/build_clib.py
/opt/conda/lib/python3.12/site-packages/setuptools/command/install_lib.py
/opt/conda/lib/python3.12/site-packages/setuptools/command/install_egg_info.py
/opt/conda/lib/python3.12/site-packages/setuptools/command/upload.py
/opt/conda/lib/python3.12/site-packages/setuptools/command/launcher manifest.xml
/opt/conda/lib/python3.12/site-packages/setuptools/command/upload_docs.py
/opt/conda/lib/python3.12/site-packages/setuptools/command/bdist_egg.py
/opt/conda/lib/python3.12/site-packages/setuptools/command/__pycache__
/opt/conda/lib/python3.12/site-packages/setuptools/command/__pycache__/install_scripts.cpython-312.pyc
/opt/conda/lib/python3.12/site-packages/setuptools/command/__pycache__/setopt.cpython-312.pyc
/opt/conda/lib/python3.12/site-packages/setuptools/command/__pycache__/rotate.cpython-312.pyc
/opt/conda/lib/python3.12/site-packages/setuptools/command/__pycache__/develop.cpython-312.pyc
/opt/conda/lib/python3.12/site-packages/setuptools/command/__pycache__/upload.cpython-312.pyc
/opt/conda/lib/python3.12/site-packages/setuptools/command/__pycache__/saveopts.cpython-312.pyc
/opt/conda/lib/python3.12/site-packages/setuptools/command/__pycache__/install_egg_info.cpython-312.pyc
/opt/conda/lib/python3.12/site-packages/setuptools/command/__pycache__/register.cpython-312.pyc
/opt/conda/lib/python3.12/site-packages/setuptools/command/__pycache__/build_py.cpython-312.pyc
/opt/conda/lib/python3.12/site-packages/setuptools/command/__pycache__/egg_info.cpython-312.pyc
/opt/conda/lib/python3.12/site-packages/setuptools/command/__pycache__/build_clib.cpython-312.pyc
/opt/conda/lib/python3.12/site-packages/setuptools/command/__pycache__/install.cpython-312.pyc
/opt/conda/lib/python3.12/site-packages/setuptools/command/__pycache__/dist_info.cpython-312.pyc
/opt/conda/lib/python3.12/site-packages/setuptools/command/__pycache__/sdist.cpython-312.pyc
/opt/conda/lib/python3.12/site-packages/setuptools/command/__pycache__/install_lib.cpython-312.pyc
/opt/conda/lib/python3.12/site-packages/setuptools/command/__pycache__/build_ext.cpython-312.pyc
/opt/conda/lib/python3.12/site-packages/setuptools/command/__pycache__/bdist_rpm.cpython-312.pyc
/opt/conda/lib/python3.12/site-packages/setuptools/command/__pycache__/easy_install.cpython-312.pyc
/opt/conda/lib/python3.12/site-packages/setuptools/command/__pycache__/_requirestxt.cpython-312.pyc
/opt/conda/lib/python3.12/site-packages/setuptools/command/__pycache__/__init__.cpython-312.pyc
/opt/conda/lib/python3.12/site-packages/setuptools/command/__pycache__/alias.cpython-312.pyc
/opt/conda/lib/python3.12/site-packages/setuptools/command/__pycache__/bdist_egg.cpython-312.pyc
/opt/conda/lib/python3.12/site-packages/setuptools/command/__pycache__/upload_docs.cpython-312.pyc
/opt/conda/lib/python3.12/site-packages/setuptools/command/__pycache__/build.cpython-312.pyc
/opt/conda/lib/python3.12/site-packages/setuptools/command/__pycache__/editable_wheel.cpython-312.pyc
/opt/conda/lib/python3.12/site-packages/setuptools/command/__pycache__/test.cpython-312.pyc
/opt/conda/lib/python3.12/site-packages/setuptools/command/rotate.py
/opt/conda/lib/python3.12/site-packages/setuptools/command/sdist.py
/opt/conda/lib/python3.12/site-packages/setuptools/command/alias.py
/opt/conda/lib/python3.12/site-packages/setuptools/command/build_ext.py
/opt/conda/lib/python3.12/site-packages/setuptools/command/egg_info.py
/opt/conda/lib/python3.12/site-packages/setuptools/command/install.py
/opt/conda/lib/python3.12/site-packages/setuptools/command/dist_info.py
/opt/conda/lib/python3.12/site-packages/setuptools/_reqs.py
/opt/conda/lib/python3.12/site-packages/setuptools/launch.py
/opt/conda/lib/python3.12/site-packages/setuptools/gui-32.exe
/opt/conda/lib/python3.12/site-packages/setuptools/config
/opt/conda/lib/python3.12/site-packages/setuptools/config/__init__.py
/opt/conda/lib/python3.12/site-packages/setuptools/config/expand.py
/opt/conda/lib/python3.12/site-packages/setuptools/config/setupcfg.py
/opt/conda/lib/python3.12/site-packages/setuptools/config/pyprojecttoml.py
/opt/conda/lib/python3.12/site-packages/setuptools/config/__pycache__
/opt/conda/lib/python3.12/site-packages/setuptools/config/__pycache__/_apply_pyprojecttoml.cpython-312.pyc
/opt/conda/lib/python3.12/site-packages/setuptools/config/__pycache__/pyprojecttoml.cpython-312.pyc
/opt/conda/lib/python3.12/site-packages/setuptools/config/__pycache__/__init__.cpython-312.pyc
/opt/conda/lib/python3.12/site-packages/setuptools/config/__pycache__/expand.cpython-312.pyc
/opt/conda/lib/python3.12/site-packages/setuptools/config/__pycache__/setupcfg.cpython-312.pyc
/opt/conda/lib/python3.12/site-packages/setuptools/config/_apply_pyprojecttoml.py
/opt/conda/lib/python3.12/site-packages/setuptools/config/_validate_pyproject
/opt/conda/lib/python3.12/site-packages/setuptools/config/_validate_pyproject/formats.py
/opt/conda/lib/python3.12/site-packages/setuptools/config/_validate_pyproject/__init__.py
/opt/conda/lib/python3.12/site-packages/setuptools/config/_validate_pyproject/fastjsonschema_exceptions.py
/opt/conda/lib/python3.12/site-packages/setuptools/config/_validate_pyproject/__pycache__
/opt/conda/lib/python3.12/site-packages/setuptools/config/_validate_pyproject/__pycache__/extra_validations.cpython-312.pyc
/opt/conda/lib/python3.12/site-packages/setuptools/config/_validate_pyproject/__pycache__/formats.cpython-312.pyc
/opt/conda/lib/python3.12/site-packages/setuptools/config/_validate_pyproject/__pycache__/__init__.cpython-312.pyc
/opt/conda/lib/python3.12/site-packages/setuptools/config/_validate_pyproject/__pycache__/fastjsonschema_validations.cpython-312.pyc
/opt/conda/lib/python3.12/site-packages/setuptools/config/_validate_pyproject/__pycache__/fastjsonschema_exceptions.cpython-312.pyc
/opt/conda/lib/python3.12/site-packages/setuptools/config/_validate_pyproject/__pycache__/error_reporting.cpython-312.pyc
/opt/conda/lib/python3.12/site-packages/setuptools/config/_validate_pyproject/fastjsonschema_validations.py
/opt/conda/lib/python3.12/site-packages/setuptools/config/_validate_pyproject/error_reporting.py
/opt/conda/lib/python3.12/site-packages/setuptools/config/_validate_pyproject/extra_validations.py
/opt/conda/lib/python3.12/site-packages/setuptools/dist.py
/opt/conda/lib/python3.12/site-packages/setuptools/glob.py
/opt/conda/lib/python3.12/site-packages/setuptools/modified.py
/opt/conda/lib/python3.12/site-packages/setuptools/extension.py
/opt/conda/lib/python3.12/site-packages/setuptools/namespaces.py
/opt/conda/lib/python3.12/site-packages/setuptools/_itertools.py
/opt/conda/lib/python3.12/site-packages/setuptools/logging.py
/opt/conda/lib/python3.12/site-packages/setuptools/_distutils
/opt/conda/lib/python3.12/site-packages/setuptools/_distutils/file_util.py
/opt/conda/lib/python3.12/site-packages/setuptools/_distutils/log.py
/opt/conda/lib/python3.12/site-packages/setuptools/_distutils/cmd.py
/opt/conda/lib/python3.12/site-packages/setuptools/_distutils/_msvccompiler.py
/opt/conda/lib/python3.12/site-packages/setuptools/_distutils/errors.py
/opt/conda/lib/python3.12/site-packages/setuptools/_distutils/archive_util.py
/opt/conda/lib/python3.12/site-packages/setuptools/_distutils/unixccompiler.py
/opt/conda/lib/python3.12/site-packages/setuptools/_distutils/__init__.py
/opt/conda/lib/python3.12/site-packages/setuptools/_distutils/spawn.py
/opt/conda/lib/python3.12/site-packages/setuptools/_distutils/config.py
/opt/conda/lib/python3.12/site-packages/setuptools/_distutils/debug.py
/opt/conda/lib/python3.12/site-packages/setuptools/_distutils/dep_util.py
/opt/conda/lib/python3.12/site-packages/setuptools/_distutils/zosccompiler.py
/opt/conda/lib/python3.12/site-packages/setuptools/_distutils/cygwinccompiler.py
/opt/conda/lib/python3.12/site-packages/setuptools/_distutils/command
/opt/conda/lib/python3.12/site-packages/setuptools/_distutils/command/check.py
/opt/conda/lib/python3.12/site-packages/setuptools/_distutils/command/build_py.py
/opt/conda/lib/python3.12/site-packages/setuptools/_distutils/command/__init__.py
/opt/conda/lib/python3.12/site-packages/setuptools/_distutils/command/config.py
/opt/conda/lib/python3.12/site-packages/setuptools/_distutils/command/install_headers.py
/opt/conda/lib/python3.12/site-packages/setuptools/_distutils/command/bdist_dumb.py
/opt/conda/lib/python3.12/site-packages/setuptools/_distutils/command/bdist_rpm.py
/opt/conda/lib/python3.12/site-packages/setuptools/_distutils/command/build.py
/opt/conda/lib/python3.12/site-packages/setuptools/_distutils/command/install_data.py
/opt/conda/lib/python3.12/site-packages/setuptools/_distutils/command/register.py
/opt/conda/lib/python3.12/site-packages/setuptools/_distutils/command/install_scripts.py
/opt/conda/lib/python3.12/site-packages/setuptools/_distutils/command/build_clib.py
/opt/conda/lib/python3.12/site-packages/setuptools/_distutils/command/install_lib.py
/opt/conda/lib/python3.12/site-packages/setuptools/_distutils/command/install_egg_info.py
/opt/conda/lib/python3.12/site-packages/setuptools/_distutils/command/upload.py
/opt/conda/lib/python3.12/site-packages/setuptools/_distutils/command/_framework_compat.py
/opt/conda/lib/python3.12/site-packages/setuptools/_distutils/command/__pycache__
/opt/conda/lib/python3.12/site-packages/setuptools/_distutils/command/__pycache__/install_scripts.cpython-312.pyc
/opt/conda/lib/python3.12/site-packages/setuptools/_distutils/command/__pycache__/bdist.cpython-312.pyc
/opt/conda/lib/python3.12/site-packages/setuptools/_distutils/command/__pycache__/build_scripts.cpython-312.pyc
/opt/conda/lib/python3.12/site-packages/setuptools/_distutils/command/__pycache__/clean.cpython-312.pyc
/opt/conda/lib/python3.12/site-packages/setuptools/_distutils/command/__pycache__/upload.cpython-312.pyc
/opt/conda/lib/python3.12/site-packages/setuptools/_distutils/command/__pycache__/install_data.cpython-312.pyc
/opt/conda/lib/python3.12/site-packages/setuptools/_distutils/command/__pycache__/install_egg_info.cpython-312.pyc
/opt/conda/lib/python3.12/site-packages/setuptools/_distutils/command/__pycache__/register.cpython-312.pyc
/opt/conda/lib/python3.12/site-packages/setuptools/_distutils/command/__pycache__/build_py.cpython-312.pyc
/opt/conda/lib/python3.12/site-packages/setuptools/_distutils/command/__pycache__/build_clib.cpython-312.pyc
/opt/conda/lib/python3.12/site-packages/setuptools/_distutils/command/__pycache__/install.cpython-312.pyc
/opt/conda/lib/python3.12/site-packages/setuptools/_distutils/command/__pycache__/_framework_compat.cpython-312.pyc
/opt/conda/lib/python3.12/site-packages/setuptools/_distutils/command/__pycache__/bdist_dumb.cpython-312.pyc
/opt/conda/lib/python3.12/site-packages/setuptools/_distutils/command/__pycache__/sdist.cpython-312.pyc
/opt/conda/lib/python3.12/site-packages/setuptools/_distutils/command/__pycache__/install_lib.cpython-312.pyc
/opt/conda/lib/python3.12/site-packages/setuptools/_distutils/command/__pycache__/build_ext.cpython-312.pyc
/opt/conda/lib/python3.12/site-packages/setuptools/_distutils/command/__pycache__/bdist_rpm.cpython-312.pyc
/opt/conda/lib/python3.12/site-packages/setuptools/_distutils/command/__pycache__/__init__.cpython-312.pyc
/opt/conda/lib/python3.12/site-packages/setuptools/_distutils/command/__pycache__/install_headers.cpython-312.pyc
/opt/conda/lib/python3.12/site-packages/setuptools/_distutils/command/__pycache__/config.cpython-312.pyc
/opt/conda/lib/python3.12/site-packages/setuptools/_distutils/command/__pycache__/build.cpython-312.pyc
/opt/conda/lib/python3.12/site-packages/setuptools/_distutils/command/__pycache__/check.cpython-312.pyc
/opt/conda/lib/python3.12/site-packages/setuptools/_distutils/command/build_scripts.py
/opt/conda/lib/python3.12/site-packages/setuptools/_distutils/command/sdist.py
/opt/conda/lib/python3.12/site-packages/setuptools/_distutils/command/bdist.py
/opt/conda/lib/python3.12/site-packages/setuptools/_distutils/command/build_ext.py
/opt/conda/lib/python3.12/site-packages/setuptools/_distutils/command/clean.py
/opt/conda/lib/python3.12/site-packages/setuptools/_distutils/command/install.py
/opt/conda/lib/python3.12/site-packages/setuptools/_distutils/dist.py
/opt/conda/lib/python3.12/site-packages/setuptools/_distutils/_functools.py
/opt/conda/lib/python3.12/site-packages/setuptools/_distutils/extension.py
/opt/conda/lib/python3.12/site-packages/setuptools/_distutils/_itertools.py
/opt/conda/lib/python3.12/site-packages/setuptools/_distutils/util.py
/opt/conda/lib/python3.12/site-packages/setuptools/_distutils/bcppcompiler.py
/opt/conda/lib/python3.12/site-packages/setuptools/_distutils/msvccompiler.py
/opt/conda/lib/python3.12/site-packages/setuptools/_distutils/version.py
/opt/conda/lib/python3.12/site-packages/setuptools/_distutils/ccompiler.py
/opt/conda/lib/python3.12/site-packages/setuptools/_distutils/__pycache__
/opt/conda/lib/python3.12/site-packages/setuptools/_distutils/__pycache__/util.cpython-312.pyc
/opt/conda/lib/python3.12/site-packages/setuptools/_distutils/__pycache__/py39compat.cpython-312.pyc
/opt/conda/lib/python3.12/site-packages/setuptools/_distutils/__pycache__/msvc9compiler.cpython-312.pyc
/opt/conda/lib/python3.12/site-packages/setuptools/_distutils/__pycache__/cygwinccompiler.cpython-312.pyc
/opt/conda/lib/python3.12/site-packages/setuptools/_distutils/__pycache__/archive_util.cpython-312.pyc
/opt/conda/lib/python3.12/site-packages/setuptools/_distutils/__pycache__/_functools.cpython-312.pyc
/opt/conda/lib/python3.12/site-packages/setuptools/_distutils/__pycache__/errors.cpython-312.pyc
/opt/conda/lib/python3.12/site-packages/setuptools/_distutils/__pycache__/msvccompiler.cpython-312.pyc
/opt/conda/lib/python3.12/site-packages/setuptools/_distutils/__pycache__/log.cpython-312.pyc
/opt/conda/lib/python3.12/site-packages/setuptools/_distutils/__pycache__/dist.cpython-312.pyc
/opt/conda/lib/python3.12/site-packages/setuptools/_distutils/__pycache__/unixccompiler.cpython-312.pyc
/opt/conda/lib/python3.12/site-packages/setuptools/_distutils/__pycache__/debug.cpython-312.pyc
/opt/conda/lib/python3.12/site-packages/setuptools/_distutils/__pycache__/extension.cpython-312.pyc
/opt/conda/lib/python3.12/site-packages/setuptools/_distutils/__pycache__/cmd.cpython-312.pyc
/opt/conda/lib/python3.12/site-packages/setuptools/_distutils/__pycache__/filelist.cpython-312.pyc
/opt/conda/lib/python3.12/site-packages/setuptools/_distutils/__pycache__/dep_util.cpython-312.pyc
/opt/conda/lib/python3.12/site-packages/setuptools/_distutils/__pycache__/_log.cpython-312.pyc
/opt/conda/lib/python3.12/site-packages/setuptools/_distutils/__pycache__/versionpredicate.cpython-312.pyc
/opt/conda/lib/python3.12/site-packages/setuptools/_distutils/__pycache__/_modified.cpython-312.pyc
/opt/conda/lib/python3.12/site-packages/setuptools/_distutils/__pycache__/core.cpython-312.pyc
/opt/conda/lib/python3.12/site-packages/setuptools/_distutils/__pycache__/bcppcompiler.cpython-312.pyc
/opt/conda/lib/python3.12/site-packages/setuptools/_distutils/__pycache__/__init__.cpython-312.pyc
/opt/conda/lib/python3.12/site-packages/setuptools/_distutils/__pycache__/_msvccompiler.cpython-312.pyc
/opt/conda/lib/python3.12/site-packages/setuptools/_distutils/__pycache__/file_util.cpython-312.pyc
/opt/conda/lib/python3.12/site-packages/setuptools/_distutils/__pycache__/_macos_compat.cpython-312.pyc
/opt/conda/lib/python3.12/site-packages/setuptools/_distutils/__pycache__/config.cpython-312.pyc
/opt/conda/lib/python3.12/site-packages/setuptools/_distutils/__pycache__/fancy_getopt.cpython-312.pyc
/opt/conda/lib/python3.12/site-packages/setuptools/_distutils/__pycache__/py38compat.cpython-312.pyc
/opt/conda/lib/python3.12/site-packages/setuptools/_distutils/__pycache__/zosccompiler.cpython-312.pyc
/opt/conda/lib/python3.12/site-packages/setuptools/_distutils/__pycache__/_collections.cpython-312.pyc
/opt/conda/lib/python3.12/site-packages/setuptools/_distutils/__pycache__/sysconfig.cpython-312.pyc
/opt/conda/lib/python3.12/site-packages/setuptools/_distutils/__pycache__/ccompiler.cpython-312.pyc
/opt/conda/lib/python3.12/site-packages/setuptools/_distutils/__pycache__/text_file.cpython-312.pyc
/opt/conda/lib/python3.12/site-packages/setuptools/_distutils/__pycache__/spawn.cpython-312.pyc
/opt/conda/lib/python3.12/site-packages/setuptools/_distutils/__pycache__/version.cpython-312.pyc
/opt/conda/lib/python3.12/site-packages/setuptools/_distutils/__pycache__/dir_util.cpython-312.pyc
/opt/conda/lib/python3.12/site-packages/setuptools/_distutils/__pycache__/_itertools.cpython-312.pyc
/opt/conda/lib/python3.12/site-packages/setuptools/_distutils/py38compat.py
/opt/conda/lib/python3.12/site-packages/setuptools/_distutils/msvc9compiler.py
/opt/conda/lib/python3.12/site-packages/setuptools/_distutils/compat
/opt/conda/lib/python3.12/site-packages/setuptools/_distutils/compat/__init__.py
/opt/conda/lib/python3.12/site-packages/setuptools/_distutils/compat/__pycache__
/opt/conda/lib/python3.12/site-packages/setuptools/_distutils/compat/__pycache__/__init__.cpython-312.pyc
/opt/conda/lib/python3.12/site-packages/setuptools/_distutils/compat/__pycache__/py38.cpython-312.pyc
/opt/conda/lib/python3.12/site-packages/setuptools/_distutils/compat/py38.py
/opt/conda/lib/python3.12/site-packages/setuptools/_distutils/_collections.py
/opt/conda/lib/python3.12/site-packages/setuptools/_distutils/fancy_getopt.py
/opt/conda/lib/python3.12/site-packages/setuptools/_distutils/core.py
/opt/conda/lib/python3.12/site-packages/setuptools/_distutils/versionpredicate.py
/opt/conda/lib/python3.12/site-packages/setuptools/_distutils/sysconfig.py
/opt/conda/lib/python3.12/site-packages/setuptools/_distutils/dir_util.py
/opt/conda/lib/python3.12/site-packages/setuptools/_distutils/_log.py
/opt/conda/lib/python3.12/site-packages/setuptools/_distutils/py39compat.py
/opt/conda/lib/python3.12/site-packages/setuptools/_distutils/filelist.py
/opt/conda/lib/python3.12/site-packages/setuptools/_distutils/text_file.py
/opt/conda/lib/python3.12/site-packages/setuptools/_distutils/_modified.py
/opt/conda/lib/python3.12/site-packages/setuptools/_distutils/_macos_compat.py
/opt/conda/lib/python3.12/site-packages/setuptools/_path.py
/opt/conda/lib/python3.12/site-packages/setuptools/wheel.py
/opt/conda/lib/python3.12/site-packages/setuptools/_normalization.py
/opt/conda/lib/python3.12/site-packages/setuptools/gui-64.exe
/opt/conda/lib/python3.12/site-packages/setuptools/version.py
/opt/conda/lib/python3.12/site-packages/setuptools/installer.py
/opt/conda/lib/python3.12/site-packages/setuptools/__pycache__
/opt/conda/lib/python3.12/site-packages/setuptools/__pycache__/unicode_utils.cpython-312.pyc
/opt/conda/lib/python3.12/site-packages/setuptools/__pycache__/discovery.cpython-312.pyc
/opt/conda/lib/python3.12/site-packages/setuptools/__pycache__/archive_util.cpython-312.pyc
/opt/conda/lib/python3.12/site-packages/setuptools/__pycache__/modified.cpython-312.pyc
/opt/conda/lib/python3.12/site-packages/setuptools/__pycache__/errors.cpython-312.pyc
/opt/conda/lib/python3.12/site-packages/setuptools/__pycache__/_path.cpython-312.pyc
/opt/conda/lib/python3.12/site-packages/setuptools/__pycache__/msvc.cpython-312.pyc
/opt/conda/lib/python3.12/site-packages/setuptools/__pycache__/_normalization.cpython-312.pyc
/opt/conda/lib/python3.12/site-packages/setuptools/__pycache__/_core_metadata.cpython-312.pyc
/opt/conda/lib/python3.12/site-packages/setuptools/__pycache__/dist.cpython-312.pyc
/opt/conda/lib/python3.12/site-packages/setuptools/__pycache__/wheel.cpython-312.pyc
/opt/conda/lib/python3.12/site-packages/setuptools/__pycache__/namespaces.cpython-312.pyc
/opt/conda/lib/python3.12/site-packages/setuptools/__pycache__/glob.cpython-312.pyc
/opt/conda/lib/python3.12/site-packages/setuptools/__pycache__/_importlib.cpython-312.pyc
/opt/conda/lib/python3.12/site-packages/setuptools/__pycache__/launch.cpython-312.pyc
/opt/conda/lib/python3.12/site-packages/setuptools/__pycache__/package_index.cpython-312.pyc
/opt/conda/lib/python3.12/site-packages/setuptools/__pycache__/warnings.cpython-312.pyc
/opt/conda/lib/python3.12/site-packages/setuptools/__pycache__/_reqs.cpython-312.pyc
/opt/conda/lib/python3.12/site-packages/setuptools/__pycache__/windows_support.cpython-312.pyc
/opt/conda/lib/python3.12/site-packages/setuptools/__pycache__/extension.cpython-312.pyc
/opt/conda/lib/python3.12/site-packages/setuptools/__pycache__/_imp.cpython-312.pyc
/opt/conda/lib/python3.12/site-packages/setuptools/__pycache__/_entry_points.cpython-312.pyc
/opt/conda/lib/python3.12/site-packages/setuptools/__pycache__/depends.cpython-312.pyc
/opt/conda/lib/python3.12/site-packages/setuptools/__pycache__/installer.cpython-312.pyc
/opt/conda/lib/python3.12/site-packages/setuptools/__pycache__/dep_util.cpython-312.pyc
/opt/conda/lib/python3.12/site-packages/setuptools/__pycache__/sandbox.cpython-312.pyc
/opt/conda/lib/python3.12/site-packages/setuptools/__pycache__/monkey.cpython-312.pyc
/opt/conda/lib/python3.12/site-packages/setuptools/__pycache__/build_meta.cpython-312.pyc
/opt/conda/lib/python3.12/site-packages/setuptools/__pycache__/logging.cpython-312.pyc
/opt/conda/lib/python3.12/site-packages/setuptools/__pycache__/__init__.cpython-312.pyc
/opt/conda/lib/python3.12/site-packages/setuptools/__pycache__/version.cpython-312.pyc
/opt/conda/lib/python3.12/site-packages/setuptools/__pycache__/_itertools.cpython-312.pyc
/opt/conda/lib/python3.12/site-packages/setuptools/sandbox.py
/opt/conda/lib/python3.12/site-packages/setuptools/_importlib.py
/opt/conda/lib/python3.12/site-packages/setuptools/cli-arm64.exe
/opt/conda/lib/python3.12/site-packages/setuptools/compat
/opt/conda/lib/python3.12/site-packages/setuptools/compat/py39.py
/opt/conda/lib/python3.12/site-packages/setuptools/compat/__init__.py
/opt/conda/lib/python3.12/site-packages/setuptools/compat/py311.py
/opt/conda/lib/python3.12/site-packages/setuptools/compat/py310.py
/opt/conda/lib/python3.12/site-packages/setuptools/compat/__pycache__
/opt/conda/lib/python3.12/site-packages/setuptools/compat/__pycache__/py310.cpython-312.pyc
/opt/conda/lib/python3.12/site-packages/setuptools/compat/__pycache__/py39.cpython-312.pyc
/opt/conda/lib/python3.12/site-packages/setuptools/compat/__pycache__/py311.cpython-312.pyc
/opt/conda/lib/python3.12/site-packages/setuptools/compat/__pycache__/__init__.cpython-312.pyc
/opt/conda/lib/python3.12/site-packages/setuptools/monkey.py
/opt/conda/lib/python3.12/site-packages/setuptools/extern
/opt/conda/lib/python3.12/site-packages/setuptools/extern/__init__.py
/opt/conda/lib/python3.12/site-packages/setuptools/extern/__pycache__
/opt/conda/lib/python3.12/site-packages/setuptools/extern/__pycache__/__init__.cpython-312.pyc
/opt/conda/lib/python3.12/site-packages/setuptools/depends.py
/opt/conda/lib/python3.12/site-packages/setuptools/cli-64.exe
/opt/conda/lib/python3.12/site-packages/setuptools/_core_metadata.py
/opt/conda/lib/python3.12/site-packages/setuptools/cli-32.exe
/opt/conda/lib/python3.12/site-packages/setuptools/unicode_utils.py
/opt/conda/lib/python3.12/site-packages/setuptools/gui.exe
/opt/conda/lib/python3.12/site-packages/setuptools/discovery.py
/opt/conda/lib/python3.12/site-packages/setuptools/script (dev).tmpl
/opt/conda/lib/python3.12/site-packages/pip-24.0-py3.12.egg-info
/opt/conda/lib/python3.12/site-packages/pip-24.0-py3.12.egg-info/SOURCES.txt
/opt/conda/lib/python3.12/site-packages/pip-24.0-py3.12.egg-info/PKG-INFO
/opt/conda/lib/python3.12/site-packages/pip-24.0-py3.12.egg-info/top_level.txt
/opt/conda/lib/python3.12/site-packages/pip-24.0-py3.12.egg-info/entry_points.txt
/opt/conda/lib/python3.12/site-packages/pip-24.0-py3.12.egg-info/dependency_links.txt
/opt/conda/lib/python3.12/site-packages/sockshandler.py
/opt/conda/lib/python3.12/site-packages/conda
/opt/conda/lib/python3.12/site-packages/conda/__main__.py
/opt/conda/lib/python3.12/site-packages/conda/notices
/opt/conda/lib/python3.12/site-packages/conda/notices/cache.py
/opt/conda/lib/python3.12/site-packages/conda/notices/__init__.py
/opt/conda/lib/python3.12/site-packages/conda/notices/views.py
/opt/conda/lib/python3.12/site-packages/conda/notices/fetch.py
/opt/conda/lib/python3.12/site-packages/conda/notices/__pycache__
/opt/conda/lib/python3.12/site-packages/conda/notices/__pycache__/fetch.cpython-312.pyc
/opt/conda/lib/python3.12/site-packages/conda/notices/__pycache__/views.cpython-312.pyc
/opt/conda/lib/python3.12/site-packages/conda/notices/__pycache__/core.cpython-312.pyc
/opt/conda/lib/python3.12/site-packages/conda/notices/__pycache__/cache.cpython-312.pyc
/opt/conda/lib/python3.12/site-packages/conda/notices/__pycache__/__init__.cpython-312.pyc
/opt/conda/lib/python3.12/site-packages/conda/notices/__pycache__/types.cpython-312.pyc
/opt/conda/lib/python3.12/site-packages/conda/notices/core.py
/opt/conda/lib/python3.12/site-packages/conda/notices/types.py
/opt/conda/lib/python3.12/site-packages/conda/gateways
/opt/conda/lib/python3.12/site-packages/conda/gateways/repodata
/opt/conda/lib/python3.12/site-packages/conda/gateways/repodata/__init__.py
/opt/conda/lib/python3.12/site-packages/conda/gateways/repodata/__pycache__
/opt/conda/lib/python3.12/site-packages/conda/gateways/repodata/__pycache__/lock.cpython-312.pyc
/opt/conda/lib/python3.12/site-packages/conda/gateways/repodata/__pycache__/__init__.cpython-312.pyc
/opt/conda/lib/python3.12/site-packages/conda/gateways/repodata/jlap
/opt/conda/lib/python3.12/site-packages/conda/gateways/repodata/jlap/__init__.py
/opt/conda/lib/python3.12/site-packages/conda/gateways/repodata/jlap/interface.py
/opt/conda/lib/python3.12/site-packages/conda/gateways/repodata/jlap/fetch.py
/opt/conda/lib/python3.12/site-packages/conda/gateways/repodata/jlap/__pycache__
/opt/conda/lib/python3.12/site-packages/conda/gateways/repodata/jlap/__pycache__/interface.cpython-312.pyc
/opt/conda/lib/python3.12/site-packages/conda/gateways/repodata/jlap/__pycache__/fetch.cpython-312.pyc
/opt/conda/lib/python3.12/site-packages/conda/gateways/repodata/jlap/__pycache__/core.cpython-312.pyc
/opt/conda/lib/python3.12/site-packages/conda/gateways/repodata/jlap/__pycache__/__init__.cpython-312.pyc
/opt/conda/lib/python3.12/site-packages/conda/gateways/repodata/jlap/core.py
/opt/conda/lib/python3.12/site-packages/conda/gateways/repodata/lock.py
/opt/conda/lib/python3.12/site-packages/conda/gateways/__init__.py
/opt/conda/lib/python3.12/site-packages/conda/gateways/disk
/opt/conda/lib/python3.12/site-packages/conda/gateways/disk/__init__.py
/opt/conda/lib/python3.12/site-packages/conda/gateways/disk/delete.py
/opt/conda/lib/python3.12/site-packages/conda/gateways/disk/create.py
/opt/conda/lib/python3.12/site-packages/conda/gateways/disk/test.py
/opt/conda/lib/python3.12/site-packages/conda/gateways/disk/permissions.py
/opt/conda/lib/python3.12/site-packages/conda/gateways/disk/update.py
/opt/conda/lib/python3.12/site-packages/conda/gateways/disk/__pycache__
/opt/conda/lib/python3.12/site-packages/conda/gateways/disk/__pycache__/delete.cpython-312.pyc
/opt/conda/lib/python3.12/site-packages/conda/gateways/disk/__pycache__/lock.cpython-312.pyc
/opt/conda/lib/python3.12/site-packages/conda/gateways/disk/__pycache__/create.cpython-312.pyc
/opt/conda/lib/python3.12/site-packages/conda/gateways/disk/__pycache__/update.cpython-312.pyc
/opt/conda/lib/python3.12/site-packages/conda/gateways/disk/__pycache__/permissions.cpython-312.pyc
/opt/conda/lib/python3.12/site-packages/conda/gateways/disk/__pycache__/read.cpython-312.pyc
/opt/conda/lib/python3.12/site-packages/conda/gateways/disk/__pycache__/__init__.cpython-312.pyc
/opt/conda/lib/python3.12/site-packages/conda/gateways/disk/__pycache__/test.cpython-312.pyc
/opt/conda/lib/python3.12/site-packages/conda/gateways/disk/__pycache__/link.cpython-312.pyc
/opt/conda/lib/python3.12/site-packages/conda/gateways/disk/read.py
/opt/conda/lib/python3.12/site-packages/conda/gateways/disk/link.py
/opt/conda/lib/python3.12/site-packages/conda/gateways/disk/lock.py
/opt/conda/lib/python3.12/site-packages/conda/gateways/connection
/opt/conda/lib/python3.12/site-packages/conda/gateways/connection/session.py
/opt/conda/lib/python3.12/site-packages/conda/gateways/connection/__init__.py
/opt/conda/lib/python3.12/site-packages/conda/gateways/connection/adapters
/opt/conda/lib/python3.12/site-packages/conda/gateways/connection/adapters/__init__.py
/opt/conda/lib/python3.12/site-packages/conda/gateways/connection/adapters/localfs.py
/opt/conda/lib/python3.12/site-packages/conda/gateways/connection/adapters/http.py
/opt/conda/lib/python3.12/site-packages/conda/gateways/connection/adapters/__pycache__
/opt/conda/lib/python3.12/site-packages/conda/gateways/connection/adapters/__pycache__/localfs.cpython-312.pyc
/opt/conda/lib/python3.12/site-packages/conda/gateways/connection/adapters/__pycache__/http.cpython-312.pyc
/opt/conda/lib/python3.12/site-packages/conda/gateways/connection/adapters/__pycache__/ftp.cpython-312.pyc
/opt/conda/lib/python3.12/site-packages/conda/gateways/connection/adapters/__pycache__/s3.cpython-312.pyc
/opt/conda/lib/python3.12/site-packages/conda/gateways/connection/adapters/__pycache__/__init__.cpython-312.pyc
/opt/conda/lib/python3.12/site-packages/conda/gateways/connection/adapters/ftp.py
/opt/conda/lib/python3.12/site-packages/conda/gateways/connection/adapters/s3.py
/opt/conda/lib/python3.12/site-packages/conda/gateways/connection/__pycache__
/opt/conda/lib/python3.12/site-packages/conda/gateways/connection/__pycache__/__init__.cpython-312.pyc
/opt/conda/lib/python3.12/site-packages/conda/gateways/connection/__pycache__/session.cpython-312.pyc
/opt/conda/lib/python3.12/site-packages/conda/gateways/connection/__pycache__/download.cpython-312.pyc
/opt/conda/lib/python3.12/site-packages/conda/gateways/connection/download.py
/opt/conda/lib/python3.12/site-packages/conda/gateways/anaconda_client.py
/opt/conda/lib/python3.12/site-packages/conda/gateways/logging.py
/opt/conda/lib/python3.12/site-packages/conda/gateways/subprocess.py
/opt/conda/lib/python3.12/site-packages/conda/gateways/__pycache__
/opt/conda/lib/python3.12/site-packages/conda/gateways/__pycache__/anaconda_client.cpython-312.pyc
/opt/conda/lib/python3.12/site-packages/conda/gateways/__pycache__/logging.cpython-312.pyc
/opt/conda/lib/python3.12/site-packages/conda/gateways/__pycache__/__init__.cpython-312.pyc
/opt/conda/lib/python3.12/site-packages/conda/gateways/__pycache__/subprocess.cpython-312.pyc
/opt/conda/lib/python3.12/site-packages/conda/_vendor
/opt/conda/lib/python3.12/site-packages/conda/_vendor/appdirs.py
/opt/conda/lib/python3.12/site-packages/conda/_vendor/cpuinfo
/opt/conda/lib/python3.12/site-packages/conda/_vendor/cpuinfo/__init__.py
/opt/conda/lib/python3.12/site-packages/conda/_vendor/cpuinfo/__pycache__
/opt/conda/lib/python3.12/site-packages/conda/_vendor/cpuinfo/__pycache__/__init__.cpython-312.pyc
/opt/conda/lib/python3.12/site-packages/conda/_vendor/cpuinfo/__pycache__/cpuinfo.cpython-312.pyc
/opt/conda/lib/python3.12/site-packages/conda/_vendor/cpuinfo/cpuinfo.py
/opt/conda/lib/python3.12/site-packages/conda/_vendor/__init__.py
/opt/conda/lib/python3.12/site-packages/conda/_vendor/py_cpuinfo.LICENSE
/opt/conda/lib/python3.12/site-packages/conda/_vendor/vendor.txt
/opt/conda/lib/python3.12/site-packages/conda/_vendor/__pycache__
/opt/conda/lib/python3.12/site-packages/conda/_vendor/__pycache__/appdirs.cpython-312.pyc
/opt/conda/lib/python3.12/site-packages/conda/_vendor/__pycache__/__init__.cpython-312.pyc
/opt/conda/lib/python3.12/site-packages/conda/_vendor/__pycache__/distro.cpython-312.pyc
/opt/conda/lib/python3.12/site-packages/conda/_vendor/distro.LICENSE.txt
/opt/conda/lib/python3.12/site-packages/conda/_vendor/distro.py
/opt/conda/lib/python3.12/site-packages/conda/_vendor/appdirs.LICENSE.txt
/opt/conda/lib/python3.12/site-packages/conda/_vendor/frozendict
/opt/conda/lib/python3.12/site-packages/conda/_vendor/frozendict/__init__.py
/opt/conda/lib/python3.12/site-packages/conda/_vendor/frozendict/LICENSE.txt
/opt/conda/lib/python3.12/site-packages/conda/_vendor/frozendict/__pycache__
/opt/conda/lib/python3.12/site-packages/conda/_vendor/frozendict/__pycache__/__init__.cpython-312.pyc
/opt/conda/lib/python3.12/site-packages/conda/__init__.py
/opt/conda/lib/python3.12/site-packages/conda/instructions.py
/opt/conda/lib/python3.12/site-packages/conda/py.typed
/opt/conda/lib/python3.12/site-packages/conda/common
/opt/conda/lib/python3.12/site-packages/conda/common/__init__.py
/opt/conda/lib/python3.12/site-packages/conda/common/toposort.py
/opt/conda/lib/python3.12/site-packages/conda/common/_os
/opt/conda/lib/python3.12/site-packages/conda/common/_os/__init__.py
/opt/conda/lib/python3.12/site-packages/conda/common/_os/windows.py
/opt/conda/lib/python3.12/site-packages/conda/common/_os/linux.py
/opt/conda/lib/python3.12/site-packages/conda/common/_os/unix.py
/opt/conda/lib/python3.12/site-packages/conda/common/_os/__pycache__
/opt/conda/lib/python3.12/site-packages/conda/common/_os/__pycache__/linux.cpython-312.pyc
/opt/conda/lib/python3.12/site-packages/conda/common/_os/__pycache__/unix.cpython-312.pyc
/opt/conda/lib/python3.12/site-packages/conda/common/_os/__pycache__/__init__.cpython-312.pyc
/opt/conda/lib/python3.12/site-packages/conda/common/_os/__pycache__/windows.cpython-312.pyc
/opt/conda/lib/python3.12/site-packages/conda/common/compat.py
/opt/conda/lib/python3.12/site-packages/conda/common/path.py
/opt/conda/lib/python3.12/site-packages/conda/common/serialize.py
/opt/conda/lib/python3.12/site-packages/conda/common/io.py
/opt/conda/lib/python3.12/site-packages/conda/common/signals.py
/opt/conda/lib/python3.12/site-packages/conda/common/disk.py
/opt/conda/lib/python3.12/site-packages/conda/common/iterators.py
/opt/conda/lib/python3.12/site-packages/conda/common/url.py
/opt/conda/lib/python3.12/site-packages/conda/common/configuration.py
/opt/conda/lib/python3.12/site-packages/conda/common/_logic.py
/opt/conda/lib/python3.12/site-packages/conda/common/pkg_formats
/opt/conda/lib/python3.12/site-packages/conda/common/pkg_formats/__init__.py
/opt/conda/lib/python3.12/site-packages/conda/common/pkg_formats/python.py
/opt/conda/lib/python3.12/site-packages/conda/common/pkg_formats/__pycache__
/opt/conda/lib/python3.12/site-packages/conda/common/pkg_formats/__pycache__/__init__.cpython-312.pyc
/opt/conda/lib/python3.12/site-packages/conda/common/pkg_formats/__pycache__/python.cpython-312.pyc
/opt/conda/lib/python3.12/site-packages/conda/common/logic.py
/opt/conda/lib/python3.12/site-packages/conda/common/__pycache__
/opt/conda/lib/python3.12/site-packages/conda/common/__pycache__/io.cpython-312.pyc
/opt/conda/lib/python3.12/site-packages/conda/common/__pycache__/configuration.cpython-312.pyc
/opt/conda/lib/python3.12/site-packages/conda/common/__pycache__/disk.cpython-312.pyc
/opt/conda/lib/python3.12/site-packages/conda/common/__pycache__/url.cpython-312.pyc
/opt/conda/lib/python3.12/site-packages/conda/common/__pycache__/toposort.cpython-312.pyc
/opt/conda/lib/python3.12/site-packages/conda/common/__pycache__/iterators.cpython-312.pyc
/opt/conda/lib/python3.12/site-packages/conda/common/__pycache__/logic.cpython-312.pyc
/opt/conda/lib/python3.12/site-packages/conda/common/__pycache__/_logic.cpython-312.pyc
/opt/conda/lib/python3.12/site-packages/conda/common/__pycache__/decorators.cpython-312.pyc
/opt/conda/lib/python3.12/site-packages/conda/common/__pycache__/path.cpython-312.pyc
/opt/conda/lib/python3.12/site-packages/conda/common/__pycache__/signals.cpython-312.pyc
/opt/conda/lib/python3.12/site-packages/conda/common/__pycache__/__init__.cpython-312.pyc
/opt/conda/lib/python3.12/site-packages/conda/common/__pycache__/serialize.cpython-312.pyc
/opt/conda/lib/python3.12/site-packages/conda/common/__pycache__/compat.cpython-312.pyc
/opt/conda/lib/python3.12/site-packages/conda/common/__pycache__/constants.cpython-312.pyc
/opt/conda/lib/python3.12/site-packages/conda/common/decorators.py
/opt/conda/lib/python3.12/site-packages/conda/common/constants.py
/opt/conda/lib/python3.12/site-packages/conda/trust
/opt/conda/lib/python3.12/site-packages/conda/trust/__init__.py
/opt/conda/lib/python3.12/site-packages/conda/trust/__pycache__
/opt/conda/lib/python3.12/site-packages/conda/trust/__pycache__/signature_verification.cpython-312.pyc
/opt/conda/lib/python3.12/site-packages/conda/trust/__pycache__/__init__.cpython-312.pyc
/opt/conda/lib/python3.12/site-packages/conda/trust/__pycache__/constants.cpython-312.pyc
/opt/conda/lib/python3.12/site-packages/conda/trust/signature_verification.py
/opt/conda/lib/python3.12/site-packages/conda/trust/constants.py
/opt/conda/lib/python3.12/site-packages/conda/base
/opt/conda/lib/python3.12/site-packages/conda/base/__init__.py
/opt/conda/lib/python3.12/site-packages/conda/base/context.py
/opt/conda/lib/python3.12/site-packages/conda/base/__pycache__
/opt/conda/lib/python3.12/site-packages/conda/base/__pycache__/__init__.cpython-312.pyc
/opt/conda/lib/python3.12/site-packages/conda/base/__pycache__/constants.cpython-312.pyc
/opt/conda/lib/python3.12/site-packages/conda/base/__pycache__/exceptions.cpython-312.pyc
/opt/conda/lib/python3.12/site-packages/conda/base/__pycache__/context.cpython-312.pyc
/opt/conda/lib/python3.12/site-packages/conda/base/exceptions.py
/opt/conda/lib/python3.12/site-packages/conda/base/constants.py
/opt/conda/lib/python3.12/site-packages/conda/testing
/opt/conda/lib/python3.12/site-packages/conda/testing/notices
/opt/conda/lib/python3.12/site-packages/conda/testing/notices/__init__.py
/opt/conda/lib/python3.12/site-packages/conda/testing/notices/helpers.py
/opt/conda/lib/python3.12/site-packages/conda/testing/notices/__pycache__
/opt/conda/lib/python3.12/site-packages/conda/testing/notices/__pycache__/fixtures.cpython-312.pyc
/opt/conda/lib/python3.12/site-packages/conda/testing/notices/__pycache__/__init__.cpython-312.pyc
/opt/conda/lib/python3.12/site-packages/conda/testing/notices/__pycache__/helpers.cpython-312.pyc
/opt/conda/lib/python3.12/site-packages/conda/testing/notices/fixtures.py
/opt/conda/lib/python3.12/site-packages/conda/testing/integration.py
/opt/conda/lib/python3.12/site-packages/conda/testing/gateways
/opt/conda/lib/python3.12/site-packages/conda/testing/gateways/__init__.py
/opt/conda/lib/python3.12/site-packages/conda/testing/gateways/__pycache__
/opt/conda/lib/python3.12/site-packages/conda/testing/gateways/__pycache__/fixtures.cpython-312.pyc
/opt/conda/lib/python3.12/site-packages/conda/testing/gateways/__pycache__/__init__.cpython-312.pyc
/opt/conda/lib/python3.12/site-packages/conda/testing/gateways/fixtures.py
/opt/conda/lib/python3.12/site-packages/conda/testing/__init__.py
/opt/conda/lib/python3.12/site-packages/conda/testing/helpers.py
/opt/conda/lib/python3.12/site-packages/conda/testing/solver_helpers.py
/opt/conda/lib/python3.12/site-packages/conda/testing/cases.py
/opt/conda/lib/python3.12/site-packages/conda/testing/__pycache__
/opt/conda/lib/python3.12/site-packages/conda/testing/__pycache__/cases.cpython-312.pyc
/opt/conda/lib/python3.12/site-packages/conda/testing/__pycache__/fixtures.cpython-312.pyc
/opt/conda/lib/python3.12/site-packages/conda/testing/__pycache__/solver_helpers.cpython-312.pyc
/opt/conda/lib/python3.12/site-packages/conda/testing/__pycache__/__init__.cpython-312.pyc
/opt/conda/lib/python3.12/site-packages/conda/testing/__pycache__/helpers.cpython-312.pyc
/opt/conda/lib/python3.12/site-packages/conda/testing/__pycache__/integration.cpython-312.pyc
/opt/conda/lib/python3.12/site-packages/conda/testing/fixtures.py
/opt/conda/lib/python3.12/site-packages/conda/exports.py
/opt/conda/lib/python3.12/site-packages/conda/api.py
/opt/conda/lib/python3.12/site-packages/conda/history.py
/opt/conda/lib/python3.12/site-packages/conda/resolve.py
/opt/conda/lib/python3.12/site-packages/conda/misc.py
/opt/conda/lib/python3.12/site-packages/conda/env
/opt/conda/lib/python3.12/site-packages/conda/env/__init__.py
/opt/conda/lib/python3.12/site-packages/conda/env/installers
/opt/conda/lib/python3.12/site-packages/conda/env/installers/__init__.py
/opt/conda/lib/python3.12/site-packages/conda/env/installers/pip.py
/opt/conda/lib/python3.12/site-packages/conda/env/installers/base.py
/opt/conda/lib/python3.12/site-packages/conda/env/installers/conda.py
/opt/conda/lib/python3.12/site-packages/conda/env/installers/__pycache__
/opt/conda/lib/python3.12/site-packages/conda/env/installers/__pycache__/base.cpython-312.pyc
/opt/conda/lib/python3.12/site-packages/conda/env/installers/__pycache__/conda.cpython-312.pyc
/opt/conda/lib/python3.12/site-packages/conda/env/installers/__pycache__/__init__.cpython-312.pyc
/opt/conda/lib/python3.12/site-packages/conda/env/installers/__pycache__/pip.cpython-312.pyc
/opt/conda/lib/python3.12/site-packages/conda/env/pip_util.py
/opt/conda/lib/python3.12/site-packages/conda/env/env.py
/opt/conda/lib/python3.12/site-packages/conda/env/__pycache__
/opt/conda/lib/python3.12/site-packages/conda/env/__pycache__/pip_util.cpython-312.pyc
/opt/conda/lib/python3.12/site-packages/conda/env/__pycache__/env.cpython-312.pyc
/opt/conda/lib/python3.12/site-packages/conda/env/__pycache__/__init__.cpython-312.pyc
/opt/conda/lib/python3.12/site-packages/conda/env/specs
/opt/conda/lib/python3.12/site-packages/conda/env/specs/__init__.py
/opt/conda/lib/python3.12/site-packages/conda/env/specs/requirements.py
/opt/conda/lib/python3.12/site-packages/conda/env/specs/yaml_file.py
/opt/conda/lib/python3.12/site-packages/conda/env/specs/__pycache__
/opt/conda/lib/python3.12/site-packages/conda/env/specs/__pycache__/binstar.cpython-312.pyc
/opt/conda/lib/python3.12/site-packages/conda/env/specs/__pycache__/requirements.cpython-312.pyc
/opt/conda/lib/python3.12/site-packages/conda/env/specs/__pycache__/yaml_file.cpython-312.pyc
/opt/conda/lib/python3.12/site-packages/conda/env/specs/__pycache__/__init__.cpython-312.pyc
/opt/conda/lib/python3.12/site-packages/conda/env/specs/binstar.py
/opt/conda/lib/python3.12/site-packages/conda/shell
/opt/conda/lib/python3.12/site-packages/conda/shell/bin
/opt/conda/lib/python3.12/site-packages/conda/shell/bin/deactivate
/opt/conda/lib/python3.12/site-packages/conda/shell/bin/activate
/opt/conda/lib/python3.12/site-packages/conda/shell/bin/conda
/opt/conda/lib/python3.12/site-packages/conda/shell/Library
/opt/conda/lib/python3.12/site-packages/conda/shell/Library/bin
/opt/conda/lib/python3.12/site-packages/conda/shell/Library/bin/conda.bat
/opt/conda/lib/python3.12/site-packages/conda/shell/conda_icon.ico
/opt/conda/lib/python3.12/site-packages/conda/shell/Scripts
/opt/conda/lib/python3.12/site-packages/conda/shell/Scripts/activate.bat
/opt/conda/lib/python3.12/site-packages/conda/shell/conda.xsh
/opt/conda/lib/python3.12/site-packages/conda/shell/condabin
/opt/conda/lib/python3.12/site-packages/conda/shell/condabin/Conda.psm1
/opt/conda/lib/python3.12/site-packages/conda/shell/condabin/rename_tmp.bat
/opt/conda/lib/python3.12/site-packages/conda/shell/condabin/conda_auto_activate.bat
/opt/conda/lib/python3.12/site-packages/conda/shell/condabin/conda-hook.ps1
/opt/conda/lib/python3.12/site-packages/conda/shell/condabin/conda.bat
/opt/conda/lib/python3.12/site-packages/conda/shell/condabin/_conda_activate.bat
/opt/conda/lib/python3.12/site-packages/conda/shell/condabin/activate.bat
/opt/conda/lib/python3.12/site-packages/conda/shell/condabin/deactivate.bat
/opt/conda/lib/python3.12/site-packages/conda/shell/condabin/conda_hook.bat
/opt/conda/lib/python3.12/site-packages/conda/shell/cli-64.exe
/opt/conda/lib/python3.12/site-packages/conda/shell/cli-32.exe
/opt/conda/lib/python3.12/site-packages/conda/shell/etc
/opt/conda/lib/python3.12/site-packages/conda/shell/etc/fish
/opt/conda/lib/python3.12/site-packages/conda/shell/etc/fish/conf.d
/opt/conda/lib/python3.12/site-packages/conda/shell/etc/fish/conf.d/conda.fish
/opt/conda/lib/python3.12/site-packages/conda/shell/etc/profile.d
/opt/conda/lib/python3.12/site-packages/conda/shell/etc/profile.d/conda.csh
/opt/conda/lib/python3.12/site-packages/conda/shell/etc/profile.d/conda.sh
/opt/conda/lib/python3.12/site-packages/conda/plan.py
/opt/conda/lib/python3.12/site-packages/conda/utils.py
/opt/conda/lib/python3.12/site-packages/conda/auxlib
/opt/conda/lib/python3.12/site-packages/conda/auxlib/__init__.py
/opt/conda/lib/python3.12/site-packages/conda/auxlib/type_coercion.py
/opt/conda/lib/python3.12/site-packages/conda/auxlib/compat.py
/opt/conda/lib/python3.12/site-packages/conda/auxlib/collection.py
/opt/conda/lib/python3.12/site-packages/conda/auxlib/LICENSE
/opt/conda/lib/python3.12/site-packages/conda/auxlib/entity.py
/opt/conda/lib/python3.12/site-packages/conda/auxlib/__pycache__
/opt/conda/lib/python3.12/site-packages/conda/auxlib/__pycache__/entity.cpython-312.pyc
/opt/conda/lib/python3.12/site-packages/conda/auxlib/__pycache__/collection.cpython-312.pyc
/opt/conda/lib/python3.12/site-packages/conda/auxlib/__pycache__/decorators.cpython-312.pyc
/opt/conda/lib/python3.12/site-packages/conda/auxlib/__pycache__/type_coercion.cpython-312.pyc
/opt/conda/lib/python3.12/site-packages/conda/auxlib/__pycache__/__init__.cpython-312.pyc
/opt/conda/lib/python3.12/site-packages/conda/auxlib/__pycache__/compat.cpython-312.pyc
/opt/conda/lib/python3.12/site-packages/conda/auxlib/__pycache__/ish.cpython-312.pyc
/opt/conda/lib/python3.12/site-packages/conda/auxlib/__pycache__/exceptions.cpython-312.pyc
/opt/conda/lib/python3.12/site-packages/conda/auxlib/__pycache__/logz.cpython-312.pyc
/opt/conda/lib/python3.12/site-packages/conda/auxlib/logz.py
/opt/conda/lib/python3.12/site-packages/conda/auxlib/decorators.py
/opt/conda/lib/python3.12/site-packages/conda/auxlib/ish.py
/opt/conda/lib/python3.12/site-packages/conda/auxlib/exceptions.py
/opt/conda/lib/python3.12/site-packages/conda/__pycache__
/opt/conda/lib/python3.12/site-packages/conda/__pycache__/exception_handler.cpython-312.pyc
/opt/conda/lib/python3.12/site-packages/conda/__pycache__/instructions.cpython-312.pyc
/opt/conda/lib/python3.12/site-packages/conda/__pycache__/plan.cpython-312.pyc
/opt/conda/lib/python3.12/site-packages/conda/__pycache__/history.cpython-312.pyc
/opt/conda/lib/python3.12/site-packages/conda/__pycache__/misc.cpython-312.pyc
/opt/conda/lib/python3.12/site-packages/conda/__pycache__/deprecations.cpython-312.pyc
/opt/conda/lib/python3.12/site-packages/conda/__pycache__/resolve.cpython-312.pyc
/opt/conda/lib/python3.12/site-packages/conda/__pycache__/api.cpython-312.pyc
/opt/conda/lib/python3.12/site-packages/conda/__pycache__/__init__.cpython-312.pyc
/opt/conda/lib/python3.12/site-packages/conda/__pycache__/_version.cpython-312.pyc
/opt/conda/lib/python3.12/site-packages/conda/__pycache__/utils.cpython-312.pyc
/opt/conda/lib/python3.12/site-packages/conda/__pycache__/exceptions.cpython-312.pyc
/opt/conda/lib/python3.12/site-packages/conda/__pycache__/activate.cpython-312.pyc
/opt/conda/lib/python3.12/site-packages/conda/__pycache__/exports.cpython-312.pyc
/opt/conda/lib/python3.12/site-packages/conda/__pycache__/__main__.cpython-312.pyc
/opt/conda/lib/python3.12/site-packages/conda/_version.py
/opt/conda/lib/python3.12/site-packages/conda/cli
/opt/conda/lib/python3.12/site-packages/conda/cli/main_env_config.py
/opt/conda/lib/python3.12/site-packages/conda/cli/main_init.py
/opt/conda/lib/python3.12/site-packages/conda/cli/main_info.py
/opt/conda/lib/python3.12/site-packages/conda/cli/find_commands.py
/opt/conda/lib/python3.12/site-packages/conda/cli/main_mock_activate.py
/opt/conda/lib/python3.12/site-packages/conda/cli/__init__.py
/opt/conda/lib/python3.12/site-packages/conda/cli/main.py
/opt/conda/lib/python3.12/site-packages/conda/cli/main_create.py
/opt/conda/lib/python3.12/site-packages/conda/cli/main_env_list.py
/opt/conda/lib/python3.12/site-packages/conda/cli/python_api.py
/opt/conda/lib/python3.12/site-packages/conda/cli/main_env_vars.py
/opt/conda/lib/python3.12/site-packages/conda/cli/main_notices.py
/opt/conda/lib/python3.12/site-packages/conda/cli/main_pip.py
/opt/conda/lib/python3.12/site-packages/conda/cli/main_config.py
/opt/conda/lib/python3.12/site-packages/conda/cli/main_clean.py
/opt/conda/lib/python3.12/site-packages/conda/cli/helpers.py
/opt/conda/lib/python3.12/site-packages/conda/cli/main_install.py
/opt/conda/lib/python3.12/site-packages/conda/cli/main_rename.py
/opt/conda/lib/python3.12/site-packages/conda/cli/main_env.py
/opt/conda/lib/python3.12/site-packages/conda/cli/main_list.py
/opt/conda/lib/python3.12/site-packages/conda/cli/main_remove.py
/opt/conda/lib/python3.12/site-packages/conda/cli/main_mock_deactivate.py
/opt/conda/lib/python3.12/site-packages/conda/cli/main_compare.py
/opt/conda/lib/python3.12/site-packages/conda/cli/main_package.py
/opt/conda/lib/python3.12/site-packages/conda/cli/main_search.py
/opt/conda/lib/python3.12/site-packages/conda/cli/main_run.py
/opt/conda/lib/python3.12/site-packages/conda/cli/main_env_remove.py
/opt/conda/lib/python3.12/site-packages/conda/cli/__pycache__
/opt/conda/lib/python3.12/site-packages/conda/cli/__pycache__/actions.cpython-312.pyc
/opt/conda/lib/python3.12/site-packages/conda/cli/__pycache__/main_update.cpython-312.pyc
/opt/conda/lib/python3.12/site-packages/conda/cli/__pycache__/main_init.cpython-312.pyc
/opt/conda/lib/python3.12/site-packages/conda/cli/__pycache__/main_remove.cpython-312.pyc
/opt/conda/lib/python3.12/site-packages/conda/cli/__pycache__/main_export.cpython-312.pyc
/opt/conda/lib/python3.12/site-packages/conda/cli/__pycache__/main_env_update.cpython-312.pyc
/opt/conda/lib/python3.12/site-packages/conda/cli/__pycache__/main_list.cpython-312.pyc
/opt/conda/lib/python3.12/site-packages/conda/cli/__pycache__/find_commands.cpython-312.pyc
/opt/conda/lib/python3.12/site-packages/conda/cli/__pycache__/main_create.cpython-312.pyc
/opt/conda/lib/python3.12/site-packages/conda/cli/__pycache__/main_env_list.cpython-312.pyc
/opt/conda/lib/python3.12/site-packages/conda/cli/__pycache__/python_api.cpython-312.pyc
/opt/conda/lib/python3.12/site-packages/conda/cli/__pycache__/main_config.cpython-312.pyc
/opt/conda/lib/python3.12/site-packages/conda/cli/__pycache__/main_pip.cpython-312.pyc
/opt/conda/lib/python3.12/site-packages/conda/cli/__pycache__/main_info.cpython-312.pyc
/opt/conda/lib/python3.12/site-packages/conda/cli/__pycache__/install.cpython-312.pyc
/opt/conda/lib/python3.12/site-packages/conda/cli/__pycache__/main_notices.cpython-312.pyc
/opt/conda/lib/python3.12/site-packages/conda/cli/__pycache__/main_mock_deactivate.cpython-312.pyc
/opt/conda/lib/python3.12/site-packages/conda/cli/__pycache__/main_env_remove.cpython-312.pyc
/opt/conda/lib/python3.12/site-packages/conda/cli/__pycache__/common.cpython-312.pyc
/opt/conda/lib/python3.12/site-packages/conda/cli/__pycache__/conda_argparse.cpython-312.pyc
/opt/conda/lib/python3.12/site-packages/conda/cli/__pycache__/main_run.cpython-312.pyc
/opt/conda/lib/python3.12/site-packages/conda/cli/__pycache__/main_package.cpython-312.pyc
/opt/conda/lib/python3.12/site-packages/conda/cli/__pycache__/main_mock_activate.cpython-312.pyc
/opt/conda/lib/python3.12/site-packages/conda/cli/__pycache__/__init__.cpython-312.pyc
/opt/conda/lib/python3.12/site-packages/conda/cli/__pycache__/helpers.cpython-312.pyc
/opt/conda/lib/python3.12/site-packages/conda/cli/__pycache__/main_compare.cpython-312.pyc
/opt/conda/lib/python3.12/site-packages/conda/cli/__pycache__/main_env_config.cpython-312.pyc
/opt/conda/lib/python3.12/site-packages/conda/cli/__pycache__/main_env_export.cpython-312.pyc
/opt/conda/lib/python3.12/site-packages/conda/cli/__pycache__/main_env_create.cpython-312.pyc
/opt/conda/lib/python3.12/site-packages/conda/cli/__pycache__/main.cpython-312.pyc
/opt/conda/lib/python3.12/site-packages/conda/cli/__pycache__/main_install.cpython-312.pyc
/opt/conda/lib/python3.12/site-packages/conda/cli/__pycache__/main_rename.cpython-312.pyc
/opt/conda/lib/python3.12/site-packages/conda/cli/__pycache__/main_env.cpython-312.pyc
/opt/conda/lib/python3.12/site-packages/conda/cli/__pycache__/main_search.cpython-312.pyc
/opt/conda/lib/python3.12/site-packages/conda/cli/__pycache__/main_clean.cpython-312.pyc
/opt/conda/lib/python3.12/site-packages/conda/cli/__pycache__/main_env_vars.cpython-312.pyc
/opt/conda/lib/python3.12/site-packages/conda/cli/main_env_create.py
/opt/conda/lib/python3.12/site-packages/conda/cli/main_export.py
/opt/conda/lib/python3.12/site-packages/conda/cli/main_env_update.py
/opt/conda/lib/python3.12/site-packages/conda/cli/main_env_export.py
/opt/conda/lib/python3.12/site-packages/conda/cli/common.py
/opt/conda/lib/python3.12/site-packages/conda/cli/conda_argparse.py
/opt/conda/lib/python3.12/site-packages/conda/cli/install.py
/opt/conda/lib/python3.12/site-packages/conda/cli/main_update.py
/opt/conda/lib/python3.12/site-packages/conda/cli/actions.py
/opt/conda/lib/python3.12/site-packages/conda/models
/opt/conda/lib/python3.12/site-packages/conda/models/leased_path_entry.py
/opt/conda/lib/python3.12/site-packages/conda/models/package_info.py
/opt/conda/lib/python3.12/site-packages/conda/models/__init__.py
/opt/conda/lib/python3.12/site-packages/conda/models/dist.py
/opt/conda/lib/python3.12/site-packages/conda/models/records.py
/opt/conda/lib/python3.12/site-packages/conda/models/version.py
/opt/conda/lib/python3.12/site-packages/conda/models/__pycache__
/opt/conda/lib/python3.12/site-packages/conda/models/__pycache__/prefix_graph.cpython-312.pyc
/opt/conda/lib/python3.12/site-packages/conda/models/__pycache__/channel.cpython-312.pyc
/opt/conda/lib/python3.12/site-packages/conda/models/__pycache__/records.cpython-312.pyc
/opt/conda/lib/python3.12/site-packages/conda/models/__pycache__/dist.cpython-312.pyc
/opt/conda/lib/python3.12/site-packages/conda/models/__pycache__/enums.cpython-312.pyc
/opt/conda/lib/python3.12/site-packages/conda/models/__pycache__/package_info.cpython-312.pyc
/opt/conda/lib/python3.12/site-packages/conda/models/__pycache__/leased_path_entry.cpython-312.pyc
/opt/conda/lib/python3.12/site-packages/conda/models/__pycache__/match_spec.cpython-312.pyc
/opt/conda/lib/python3.12/site-packages/conda/models/__pycache__/__init__.cpython-312.pyc
/opt/conda/lib/python3.12/site-packages/conda/models/__pycache__/version.cpython-312.pyc
/opt/conda/lib/python3.12/site-packages/conda/models/enums.py
/opt/conda/lib/python3.12/site-packages/conda/models/channel.py
/opt/conda/lib/python3.12/site-packages/conda/models/prefix_graph.py
/opt/conda/lib/python3.12/site-packages/conda/models/match_spec.py
/opt/conda/lib/python3.12/site-packages/conda/deprecations.py
/opt/conda/lib/python3.12/site-packages/conda/exceptions.py
/opt/conda/lib/python3.12/site-packages/conda/core
/opt/conda/lib/python3.12/site-packages/conda/core/initialize.py
/opt/conda/lib/python3.12/site-packages/conda/core/__init__.py
/opt/conda/lib/python3.12/site-packages/conda/core/solve.py
/opt/conda/lib/python3.12/site-packages/conda/core/envs_manager.py
/opt/conda/lib/python3.12/site-packages/conda/core/package_cache_data.py
/opt/conda/lib/python3.12/site-packages/conda/core/subdir_data.py
/opt/conda/lib/python3.12/site-packages/conda/core/package_cache.py
/opt/conda/lib/python3.12/site-packages/conda/core/portability.py
/opt/conda/lib/python3.12/site-packages/conda/core/__pycache__
/opt/conda/lib/python3.12/site-packages/conda/core/__pycache__/index.cpython-312.pyc
/opt/conda/lib/python3.12/site-packages/conda/core/__pycache__/initialize.cpython-312.pyc
/opt/conda/lib/python3.12/site-packages/conda/core/__pycache__/envs_manager.cpython-312.pyc
/opt/conda/lib/python3.12/site-packages/conda/core/__pycache__/path_actions.cpython-312.pyc
/opt/conda/lib/python3.12/site-packages/conda/core/__pycache__/package_cache.cpython-312.pyc
/opt/conda/lib/python3.12/site-packages/conda/core/__pycache__/prefix_data.cpython-312.pyc
/opt/conda/lib/python3.12/site-packages/conda/core/__pycache__/subdir_data.cpython-312.pyc
/opt/conda/lib/python3.12/site-packages/conda/core/__pycache__/__init__.cpython-312.pyc
/opt/conda/lib/python3.12/site-packages/conda/core/__pycache__/portability.cpython-312.pyc
/opt/conda/lib/python3.12/site-packages/conda/core/__pycache__/package_cache_data.cpython-312.pyc
/opt/conda/lib/python3.12/site-packages/conda/core/__pycache__/link.cpython-312.pyc
/opt/conda/lib/python3.12/site-packages/conda/core/__pycache__/solve.cpython-312.pyc
/opt/conda/lib/python3.12/site-packages/conda/core/prefix_data.py
/opt/conda/lib/python3.12/site-packages/conda/core/index.py
/opt/conda/lib/python3.12/site-packages/conda/core/path_actions.py
/opt/conda/lib/python3.12/site-packages/conda/core/link.py
/opt/conda/lib/python3.12/site-packages/conda/activate.py
/opt/conda/lib/python3.12/site-packages/conda/plugins
/opt/conda/lib/python3.12/site-packages/conda/plugins/__init__.py
/opt/conda/lib/python3.12/site-packages/conda/plugins/hookspec.py
/opt/conda/lib/python3.12/site-packages/conda/plugins/virtual_packages
/opt/conda/lib/python3.12/site-packages/conda/plugins/virtual_packages/freebsd.py
/opt/conda/lib/python3.12/site-packages/conda/plugins/virtual_packages/__init__.py
/opt/conda/lib/python3.12/site-packages/conda/plugins/virtual_packages/osx.py
/opt/conda/lib/python3.12/site-packages/conda/plugins/virtual_packages/windows.py
/opt/conda/lib/python3.12/site-packages/conda/plugins/virtual_packages/cuda.py
/opt/conda/lib/python3.12/site-packages/conda/plugins/virtual_packages/linux.py
/opt/conda/lib/python3.12/site-packages/conda/plugins/virtual_packages/conda.py
/opt/conda/lib/python3.12/site-packages/conda/plugins/virtual_packages/__pycache__
/opt/conda/lib/python3.12/site-packages/conda/plugins/virtual_packages/__pycache__/osx.cpython-312.pyc
/opt/conda/lib/python3.12/site-packages/conda/plugins/virtual_packages/__pycache__/cuda.cpython-312.pyc
/opt/conda/lib/python3.12/site-packages/conda/plugins/virtual_packages/__pycache__/linux.cpython-312.pyc
/opt/conda/lib/python3.12/site-packages/conda/plugins/virtual_packages/__pycache__/conda.cpython-312.pyc
/opt/conda/lib/python3.12/site-packages/conda/plugins/virtual_packages/__pycache__/__init__.cpython-312.pyc
/opt/conda/lib/python3.12/site-packages/conda/plugins/virtual_packages/__pycache__/archspec.cpython-312.pyc
/opt/conda/lib/python3.12/site-packages/conda/plugins/virtual_packages/__pycache__/freebsd.cpython-312.pyc
/opt/conda/lib/python3.12/site-packages/conda/plugins/virtual_packages/__pycache__/windows.cpython-312.pyc
/opt/conda/lib/python3.12/site-packages/conda/plugins/virtual_packages/archspec.py
/opt/conda/lib/python3.12/site-packages/conda/plugins/subcommands
/opt/conda/lib/python3.12/site-packages/conda/plugins/subcommands/__init__.py
/opt/conda/lib/python3.12/site-packages/conda/plugins/subcommands/__pycache__
/opt/conda/lib/python3.12/site-packages/conda/plugins/subcommands/__pycache__/__init__.cpython-312.pyc
/opt/conda/lib/python3.12/site-packages/conda/plugins/subcommands/doctor
/opt/conda/lib/python3.12/site-packages/conda/plugins/subcommands/doctor/__init__.py
/opt/conda/lib/python3.12/site-packages/conda/plugins/subcommands/doctor/health_checks.py
/opt/conda/lib/python3.12/site-packages/conda/plugins/subcommands/doctor/__pycache__
/opt/conda/lib/python3.12/site-packages/conda/plugins/subcommands/doctor/__pycache__/__init__.cpython-312.pyc
/opt/conda/lib/python3.12/site-packages/conda/plugins/subcommands/doctor/__pycache__/health_checks.cpython-312.pyc
/opt/conda/lib/python3.12/site-packages/conda/plugins/manager.py
/opt/conda/lib/python3.12/site-packages/conda/plugins/solvers.py
/opt/conda/lib/python3.12/site-packages/conda/plugins/__pycache__
/opt/conda/lib/python3.12/site-packages/conda/plugins/__pycache__/hookspec.cpython-312.pyc
/opt/conda/lib/python3.12/site-packages/conda/plugins/__pycache__/manager.cpython-312.pyc
/opt/conda/lib/python3.12/site-packages/conda/plugins/__pycache__/__init__.cpython-312.pyc
/opt/conda/lib/python3.12/site-packages/conda/plugins/__pycache__/solvers.cpython-312.pyc
/opt/conda/lib/python3.12/site-packages/conda/plugins/__pycache__/types.cpython-312.pyc
/opt/conda/lib/python3.12/site-packages/conda/plugins/types.py
/opt/conda/lib/python3.12/site-packages/conda/plugins/post_solves
/opt/conda/lib/python3.12/site-packages/conda/plugins/post_solves/__init__.py
/opt/conda/lib/python3.12/site-packages/conda/plugins/post_solves/__pycache__
/opt/conda/lib/python3.12/site-packages/conda/plugins/post_solves/__pycache__/signature_verification.cpython-312.pyc
/opt/conda/lib/python3.12/site-packages/conda/plugins/post_solves/__pycache__/__init__.cpython-312.pyc
/opt/conda/lib/python3.12/site-packages/conda/plugins/post_solves/signature_verification.py
/opt/conda/lib/python3.12/site-packages/conda/exception_handler.py
/opt/conda/lib/python3.12/site-packages/urllib3-2.2.1.dist-info
/opt/conda/lib/python3.12/site-packages/urllib3-2.2.1.dist-info/WHEEL
/opt/conda/lib/python3.12/site-packages/urllib3-2.2.1.dist-info/direct_url.json
/opt/conda/lib/python3.12/site-packages/urllib3-2.2.1.dist-info/REQUESTED
/opt/conda/lib/python3.12/site-packages/urllib3-2.2.1.dist-info/licenses
/opt/conda/lib/python3.12/site-packages/urllib3-2.2.1.dist-info/licenses/LICENSE.txt
/opt/conda/lib/python3.12/site-packages/urllib3-2.2.1.dist-info/INSTALLER
/opt/conda/lib/python3.12/site-packages/urllib3-2.2.1.dist-info/RECORD
/opt/conda/lib/python3.12/site-packages/urllib3-2.2.1.dist-info/METADATA
/opt/conda/lib/python3.12/site-packages/platformdirs
/opt/conda/lib/python3.12/site-packages/platformdirs/android.py
/opt/conda/lib/python3.12/site-packages/platformdirs/__main__.py
/opt/conda/lib/python3.12/site-packages/platformdirs/__init__.py
/opt/conda/lib/python3.12/site-packages/platformdirs/py.typed
/opt/conda/lib/python3.12/site-packages/platformdirs/macos.py
/opt/conda/lib/python3.12/site-packages/platformdirs/windows.py
/opt/conda/lib/python3.12/site-packages/platformdirs/api.py
/opt/conda/lib/python3.12/site-packages/platformdirs/unix.py
/opt/conda/lib/python3.12/site-packages/platformdirs/version.py
/opt/conda/lib/python3.12/site-packages/platformdirs/__pycache__
/opt/conda/lib/python3.12/site-packages/platformdirs/__pycache__/api.cpython-312.pyc
/opt/conda/lib/python3.12/site-packages/platformdirs/__pycache__/unix.cpython-312.pyc
/opt/conda/lib/python3.12/site-packages/platformdirs/__pycache__/__init__.cpython-312.pyc
/opt/conda/lib/python3.12/site-packages/platformdirs/__pycache__/macos.cpython-312.pyc
/opt/conda/lib/python3.12/site-packages/platformdirs/__pycache__/version.cpython-312.pyc
/opt/conda/lib/python3.12/site-packages/platformdirs/__pycache__/android.cpython-312.pyc
/opt/conda/lib/python3.12/site-packages/platformdirs/__pycache__/windows.cpython-312.pyc
/opt/conda/lib/python3.12/site-packages/platformdirs/__pycache__/__main__.cpython-312.pyc
/opt/conda/lib/python3.12/site-packages/frozendict
/opt/conda/lib/python3.12/site-packages/frozendict/_frozendict_py.py
/opt/conda/lib/python3.12/site-packages/frozendict/__init__.py
/opt/conda/lib/python3.12/site-packages/frozendict/py.typed
/opt/conda/lib/python3.12/site-packages/frozendict/monkeypatch.py
/opt/conda/lib/python3.12/site-packages/frozendict/__init__.pyi
/opt/conda/lib/python3.12/site-packages/frozendict/version.py
/opt/conda/lib/python3.12/site-packages/frozendict/cool.py
/opt/conda/lib/python3.12/site-packages/frozendict/__pycache__
/opt/conda/lib/python3.12/site-packages/frozendict/__pycache__/monkeypatch.cpython-312.pyc
/opt/conda/lib/python3.12/site-packages/frozendict/__pycache__/_frozendict_py.cpython-312.pyc
/opt/conda/lib/python3.12/site-packages/frozendict/__pycache__/core.cpython-312.pyc
/opt/conda/lib/python3.12/site-packages/frozendict/__pycache__/__init__.cpython-312.pyc
/opt/conda/lib/python3.12/site-packages/frozendict/__pycache__/version.cpython-312.pyc
/opt/conda/lib/python3.12/site-packages/frozendict/__pycache__/cool.cpython-312.pyc
/opt/conda/lib/python3.12/site-packages/frozendict/core.py
/opt/conda/lib/python3.12/site-packages/conda_libmamba_solver-24.1.0.dist-info
/opt/conda/lib/python3.12/site-packages/conda_libmamba_solver-24.1.0.dist-info/WHEEL
/opt/conda/lib/python3.12/site-packages/conda_libmamba_solver-24.1.0.dist-info/direct_url.json
/opt/conda/lib/python3.12/site-packages/conda_libmamba_solver-24.1.0.dist-info/REQUESTED
/opt/conda/lib/python3.12/site-packages/conda_libmamba_solver-24.1.0.dist-info/licenses
/opt/conda/lib/python3.12/site-packages/conda_libmamba_solver-24.1.0.dist-info/licenses/AUTHORS.md
/opt/conda/lib/python3.12/site-packages/conda_libmamba_solver-24.1.0.dist-info/licenses/LICENSE
/opt/conda/lib/python3.12/site-packages/conda_libmamba_solver-24.1.0.dist-info/entry_points.txt
/opt/conda/lib/python3.12/site-packages/conda_libmamba_solver-24.1.0.dist-info/INSTALLER
/opt/conda/lib/python3.12/site-packages/conda_libmamba_solver-24.1.0.dist-info/RECORD
/opt/conda/lib/python3.12/site-packages/conda_libmamba_solver-24.1.0.dist-info/METADATA
/opt/conda/lib/python3.12/site-packages/test_pycosat.py
/opt/conda/lib/python3.12/site-packages/truststore
/opt/conda/lib/python3.12/site-packages/truststore/_ssl_constants.py
/opt/conda/lib/python3.12/site-packages/truststore/__init__.py
/opt/conda/lib/python3.12/site-packages/truststore/py.typed
/opt/conda/lib/python3.12/site-packages/truststore/_macos.py
/opt/conda/lib/python3.12/site-packages/truststore/_windows.py
/opt/conda/lib/python3.12/site-packages/truststore/_openssl.py
/opt/conda/lib/python3.12/site-packages/truststore/__pycache__
/opt/conda/lib/python3.12/site-packages/truststore/__pycache__/_api.cpython-312.pyc
/opt/conda/lib/python3.12/site-packages/truststore/__pycache__/_macos.cpython-312.pyc
/opt/conda/lib/python3.12/site-packages/truststore/__pycache__/_windows.cpython-312.pyc
/opt/conda/lib/python3.12/site-packages/truststore/__pycache__/__init__.cpython-312.pyc
/opt/conda/lib/python3.12/site-packages/truststore/__pycache__/_openssl.cpython-312.pyc
/opt/conda/lib/python3.12/site-packages/truststore/__pycache__/_ssl_constants.cpython-312.pyc
/opt/conda/lib/python3.12/site-packages/truststore/_api.py
/opt/conda/lib/python3.12/site-packages/cffi
/opt/conda/lib/python3.12/site-packages/cffi/vengine_cpy.py
/opt/conda/lib/python3.12/site-packages/cffi/cffi_opcode.py
/opt/conda/lib/python3.12/site-packages/cffi/__init__.py
/opt/conda/lib/python3.12/site-packages/cffi/parse_c_type.h
/opt/conda/lib/python3.12/site-packages/cffi/setuptools_ext.py
/opt/conda/lib/python3.12/site-packages/cffi/_cffi_errors.h
/opt/conda/lib/python3.12/site-packages/cffi/backend_ctypes.py
/opt/conda/lib/python3.12/site-packages/cffi/vengine_gen.py
/opt/conda/lib/python3.12/site-packages/cffi/cparser.py
/opt/conda/lib/python3.12/site-packages/cffi/_cffi_include.h
/opt/conda/lib/python3.12/site-packages/cffi/error.py
/opt/conda/lib/python3.12/site-packages/cffi/recompiler.py
/opt/conda/lib/python3.12/site-packages/cffi/api.py
/opt/conda/lib/python3.12/site-packages/cffi/_shimmed_dist_utils.py
/opt/conda/lib/python3.12/site-packages/cffi/ffiplatform.py
/opt/conda/lib/python3.12/site-packages/cffi/pkgconfig.py
/opt/conda/lib/python3.12/site-packages/cffi/_imp_emulation.py
/opt/conda/lib/python3.12/site-packages/cffi/commontypes.py
/opt/conda/lib/python3.12/site-packages/cffi/verifier.py
/opt/conda/lib/python3.12/site-packages/cffi/_embedding.h
/opt/conda/lib/python3.12/site-packages/cffi/__pycache__
/opt/conda/lib/python3.12/site-packages/cffi/__pycache__/error.cpython-312.pyc
/opt/conda/lib/python3.12/site-packages/cffi/__pycache__/lock.cpython-312.pyc
/opt/conda/lib/python3.12/site-packages/cffi/__pycache__/cffi_opcode.cpython-312.pyc
/opt/conda/lib/python3.12/site-packages/cffi/__pycache__/recompiler.cpython-312.pyc
/opt/conda/lib/python3.12/site-packages/cffi/__pycache__/backend_ctypes.cpython-312.pyc
/opt/conda/lib/python3.12/site-packages/cffi/__pycache__/_shimmed_dist_utils.cpython-312.pyc
/opt/conda/lib/python3.12/site-packages/cffi/__pycache__/_imp_emulation.cpython-312.pyc
/opt/conda/lib/python3.12/site-packages/cffi/__pycache__/api.cpython-312.pyc
/opt/conda/lib/python3.12/site-packages/cffi/__pycache__/verifier.cpython-312.pyc
/opt/conda/lib/python3.12/site-packages/cffi/__pycache__/cparser.cpython-312.pyc
/opt/conda/lib/python3.12/site-packages/cffi/__pycache__/ffiplatform.cpython-312.pyc
/opt/conda/lib/python3.12/site-packages/cffi/__pycache__/__init__.cpython-312.pyc
/opt/conda/lib/python3.12/site-packages/cffi/__pycache__/commontypes.cpython-312.pyc
/opt/conda/lib/python3.12/site-packages/cffi/__pycache__/vengine_cpy.cpython-312.pyc
/opt/conda/lib/python3.12/site-packages/cffi/__pycache__/model.cpython-312.pyc
/opt/conda/lib/python3.12/site-packages/cffi/__pycache__/vengine_gen.cpython-312.pyc
/opt/conda/lib/python3.12/site-packages/cffi/__pycache__/pkgconfig.cpython-312.pyc
/opt/conda/lib/python3.12/site-packages/cffi/__pycache__/setuptools_ext.cpython-312.pyc
/opt/conda/lib/python3.12/site-packages/cffi/model.py
/opt/conda/lib/python3.12/site-packages/cffi/lock.py
/opt/conda/lib/python3.12/site-packages/PySocks-1.7.1.dist-info
/opt/conda/lib/python3.12/site-packages/PySocks-1.7.1.dist-info/WHEEL
/opt/conda/lib/python3.12/site-packages/PySocks-1.7.1.dist-info/direct_url.json
/opt/conda/lib/python3.12/site-packages/PySocks-1.7.1.dist-info/REQUESTED
/opt/conda/lib/python3.12/site-packages/PySocks-1.7.1.dist-info/LICENSE
/opt/conda/lib/python3.12/site-packages/PySocks-1.7.1.dist-info/top_level.txt
/opt/conda/lib/python3.12/site-packages/PySocks-1.7.1.dist-info/INSTALLER
/opt/conda/lib/python3.12/site-packages/PySocks-1.7.1.dist-info/RECORD
/opt/conda/lib/python3.12/site-packages/PySocks-1.7.1.dist-info/METADATA
/opt/conda/lib/python3.12/site-packages/pip
/opt/conda/lib/python3.12/site-packages/pip/__main__.py
/opt/conda/lib/python3.12/site-packages/pip/_vendor
/opt/conda/lib/python3.12/site-packages/pip/_vendor/idna
/opt/conda/lib/python3.12/site-packages/pip/_vendor/idna/uts46data.py
/opt/conda/lib/python3.12/site-packages/pip/_vendor/idna/idnadata.py
/opt/conda/lib/python3.12/site-packages/pip/_vendor/idna/__init__.py
/opt/conda/lib/python3.12/site-packages/pip/_vendor/idna/compat.py
/opt/conda/lib/python3.12/site-packages/pip/_vendor/idna/py.typed
/opt/conda/lib/python3.12/site-packages/pip/_vendor/idna/__pycache__
/opt/conda/lib/python3.12/site-packages/pip/_vendor/idna/__pycache__/idnadata.cpython-312.pyc
/opt/conda/lib/python3.12/site-packages/pip/_vendor/idna/__pycache__/core.cpython-312.pyc
/opt/conda/lib/python3.12/site-packages/pip/_vendor/idna/__pycache__/package_data.cpython-312.pyc
/opt/conda/lib/python3.12/site-packages/pip/_vendor/idna/__pycache__/codec.cpython-312.pyc
/opt/conda/lib/python3.12/site-packages/pip/_vendor/idna/__pycache__/__init__.cpython-312.pyc
/opt/conda/lib/python3.12/site-packages/pip/_vendor/idna/__pycache__/compat.cpython-312.pyc
/opt/conda/lib/python3.12/site-packages/pip/_vendor/idna/__pycache__/intranges.cpython-312.pyc
/opt/conda/lib/python3.12/site-packages/pip/_vendor/idna/__pycache__/uts46data.cpython-312.pyc
/opt/conda/lib/python3.12/site-packages/pip/_vendor/idna/core.py
/opt/conda/lib/python3.12/site-packages/pip/_vendor/idna/codec.py
/opt/conda/lib/python3.12/site-packages/pip/_vendor/idna/intranges.py
/opt/conda/lib/python3.12/site-packages/pip/_vendor/idna/package_data.py
/opt/conda/lib/python3.12/site-packages/pip/_vendor/pyparsing
/opt/conda/lib/python3.12/site-packages/pip/_vendor/pyparsing/testing.py
/opt/conda/lib/python3.12/site-packages/pip/_vendor/pyparsing/__init__.py
/opt/conda/lib/python3.12/site-packages/pip/_vendor/pyparsing/unicode.py
/opt/conda/lib/python3.12/site-packages/pip/_vendor/pyparsing/py.typed
/opt/conda/lib/python3.12/site-packages/pip/_vendor/pyparsing/helpers.py
/opt/conda/lib/python3.12/site-packages/pip/_vendor/pyparsing/util.py
/opt/conda/lib/python3.12/site-packages/pip/_vendor/pyparsing/diagram
/opt/conda/lib/python3.12/site-packages/pip/_vendor/pyparsing/diagram/__init__.py
/opt/conda/lib/python3.12/site-packages/pip/_vendor/pyparsing/diagram/__pycache__
/opt/conda/lib/python3.12/site-packages/pip/_vendor/pyparsing/diagram/__pycache__/__init__.cpython-312.pyc
/opt/conda/lib/python3.12/site-packages/pip/_vendor/pyparsing/__pycache__
/opt/conda/lib/python3.12/site-packages/pip/_vendor/pyparsing/__pycache__/actions.cpython-312.pyc
/opt/conda/lib/python3.12/site-packages/pip/_vendor/pyparsing/__pycache__/util.cpython-312.pyc
/opt/conda/lib/python3.12/site-packages/pip/_vendor/pyparsing/__pycache__/common.cpython-312.pyc
/opt/conda/lib/python3.12/site-packages/pip/_vendor/pyparsing/__pycache__/core.cpython-312.pyc
/opt/conda/lib/python3.12/site-packages/pip/_vendor/pyparsing/__pycache__/__init__.cpython-312.pyc
/opt/conda/lib/python3.12/site-packages/pip/_vendor/pyparsing/__pycache__/helpers.cpython-312.pyc
/opt/conda/lib/python3.12/site-packages/pip/_vendor/pyparsing/__pycache__/results.cpython-312.pyc
/opt/conda/lib/python3.12/site-packages/pip/_vendor/pyparsing/__pycache__/testing.cpython-312.pyc
/opt/conda/lib/python3.12/site-packages/pip/_vendor/pyparsing/__pycache__/exceptions.cpython-312.pyc
/opt/conda/lib/python3.12/site-packages/pip/_vendor/pyparsing/__pycache__/unicode.cpython-312.pyc
/opt/conda/lib/python3.12/site-packages/pip/_vendor/pyparsing/core.py
/opt/conda/lib/python3.12/site-packages/pip/_vendor/pyparsing/common.py
/opt/conda/lib/python3.12/site-packages/pip/_vendor/pyparsing/exceptions.py
/opt/conda/lib/python3.12/site-packages/pip/_vendor/pyparsing/results.py
/opt/conda/lib/python3.12/site-packages/pip/_vendor/pyparsing/actions.py
/opt/conda/lib/python3.12/site-packages/pip/_vendor/pkg_resources
/opt/conda/lib/python3.12/site-packages/pip/_vendor/pkg_resources/__init__.py
/opt/conda/lib/python3.12/site-packages/pip/_vendor/pkg_resources/__pycache__
/opt/conda/lib/python3.12/site-packages/pip/_vendor/pkg_resources/__pycache__/__init__.cpython-312.pyc
/opt/conda/lib/python3.12/site-packages/pip/_vendor/__init__.py
/opt/conda/lib/python3.12/site-packages/pip/_vendor/tenacity
/opt/conda/lib/python3.12/site-packages/pip/_vendor/tenacity/_utils.py
/opt/conda/lib/python3.12/site-packages/pip/_vendor/tenacity/before.py
/opt/conda/lib/python3.12/site-packages/pip/_vendor/tenacity/__init__.py
/opt/conda/lib/python3.12/site-packages/pip/_vendor/tenacity/_asyncio.py
/opt/conda/lib/python3.12/site-packages/pip/_vendor/tenacity/py.typed
/opt/conda/lib/python3.12/site-packages/pip/_vendor/tenacity/after.py
/opt/conda/lib/python3.12/site-packages/pip/_vendor/tenacity/nap.py
/opt/conda/lib/python3.12/site-packages/pip/_vendor/tenacity/retry.py
/opt/conda/lib/python3.12/site-packages/pip/_vendor/tenacity/before_sleep.py
/opt/conda/lib/python3.12/site-packages/pip/_vendor/tenacity/wait.py
/opt/conda/lib/python3.12/site-packages/pip/_vendor/tenacity/__pycache__
/opt/conda/lib/python3.12/site-packages/pip/_vendor/tenacity/__pycache__/wait.cpython-312.pyc
/opt/conda/lib/python3.12/site-packages/pip/_vendor/tenacity/__pycache__/_utils.cpython-312.pyc
/opt/conda/lib/python3.12/site-packages/pip/_vendor/tenacity/__pycache__/before_sleep.cpython-312.pyc
/opt/conda/lib/python3.12/site-packages/pip/_vendor/tenacity/__pycache__/before.cpython-312.pyc
/opt/conda/lib/python3.12/site-packages/pip/_vendor/tenacity/__pycache__/retry.cpython-312.pyc
/opt/conda/lib/python3.12/site-packages/pip/_vendor/tenacity/__pycache__/stop.cpython-312.pyc
/opt/conda/lib/python3.12/site-packages/pip/_vendor/tenacity/__pycache__/after.cpython-312.pyc
/opt/conda/lib/python3.12/site-packages/pip/_vendor/tenacity/__pycache__/__init__.cpython-312.pyc
/opt/conda/lib/python3.12/site-packages/pip/_vendor/tenacity/__pycache__/_asyncio.cpython-312.pyc
/opt/conda/lib/python3.12/site-packages/pip/_vendor/tenacity/__pycache__/nap.cpython-312.pyc
/opt/conda/lib/python3.12/site-packages/pip/_vendor/tenacity/__pycache__/tornadoweb.cpython-312.pyc
/opt/conda/lib/python3.12/site-packages/pip/_vendor/tenacity/tornadoweb.py
/opt/conda/lib/python3.12/site-packages/pip/_vendor/tenacity/stop.py
/opt/conda/lib/python3.12/site-packages/pip/_vendor/vendor.txt
/opt/conda/lib/python3.12/site-packages/pip/_vendor/packaging
/opt/conda/lib/python3.12/site-packages/pip/_vendor/packaging/_structures.py
/opt/conda/lib/python3.12/site-packages/pip/_vendor/packaging/__init__.py
/opt/conda/lib/python3.12/site-packages/pip/_vendor/packaging/requirements.py
/opt/conda/lib/python3.12/site-packages/pip/_vendor/packaging/py.typed
/opt/conda/lib/python3.12/site-packages/pip/_vendor/packaging/_manylinux.py
/opt/conda/lib/python3.12/site-packages/pip/_vendor/packaging/markers.py
/opt/conda/lib/python3.12/site-packages/pip/_vendor/packaging/specifiers.py
/opt/conda/lib/python3.12/site-packages/pip/_vendor/packaging/utils.py
/opt/conda/lib/python3.12/site-packages/pip/_vendor/packaging/tags.py
/opt/conda/lib/python3.12/site-packages/pip/_vendor/packaging/_musllinux.py
/opt/conda/lib/python3.12/site-packages/pip/_vendor/packaging/version.py
/opt/conda/lib/python3.12/site-packages/pip/_vendor/packaging/__pycache__
/opt/conda/lib/python3.12/site-packages/pip/_vendor/packaging/__pycache__/_manylinux.cpython-312.pyc
/opt/conda/lib/python3.12/site-packages/pip/_vendor/packaging/__pycache__/requirements.cpython-312.pyc
/opt/conda/lib/python3.12/site-packages/pip/_vendor/packaging/__pycache__/specifiers.cpython-312.pyc
/opt/conda/lib/python3.12/site-packages/pip/_vendor/packaging/__pycache__/__about__.cpython-312.pyc
/opt/conda/lib/python3.12/site-packages/pip/_vendor/packaging/__pycache__/tags.cpython-312.pyc
/opt/conda/lib/python3.12/site-packages/pip/_vendor/packaging/__pycache__/markers.cpython-312.pyc
/opt/conda/lib/python3.12/site-packages/pip/_vendor/packaging/__pycache__/_musllinux.cpython-312.pyc
/opt/conda/lib/python3.12/site-packages/pip/_vendor/packaging/__pycache__/__init__.cpython-312.pyc
/opt/conda/lib/python3.12/site-packages/pip/_vendor/packaging/__pycache__/utils.cpython-312.pyc
/opt/conda/lib/python3.12/site-packages/pip/_vendor/packaging/__pycache__/_structures.cpython-312.pyc
/opt/conda/lib/python3.12/site-packages/pip/_vendor/packaging/__pycache__/version.cpython-312.pyc
/opt/conda/lib/python3.12/site-packages/pip/_vendor/packaging/__about__.py
/opt/conda/lib/python3.12/site-packages/pip/_vendor/requests
/opt/conda/lib/python3.12/site-packages/pip/_vendor/requests/models.py
/opt/conda/lib/python3.12/site-packages/pip/_vendor/requests/__init__.py
/opt/conda/lib/python3.12/site-packages/pip/_vendor/requests/help.py
/opt/conda/lib/python3.12/site-packages/pip/_vendor/requests/compat.py
/opt/conda/lib/python3.12/site-packages/pip/_vendor/requests/packages.py
/opt/conda/lib/python3.12/site-packages/pip/_vendor/requests/api.py
/opt/conda/lib/python3.12/site-packages/pip/_vendor/requests/certs.py
/opt/conda/lib/python3.12/site-packages/pip/_vendor/requests/_internal_utils.py
/opt/conda/lib/python3.12/site-packages/pip/_vendor/requests/__version__.py
/opt/conda/lib/python3.12/site-packages/pip/_vendor/requests/utils.py
/opt/conda/lib/python3.12/site-packages/pip/_vendor/requests/hooks.py
/opt/conda/lib/python3.12/site-packages/pip/_vendor/requests/cookies.py
/opt/conda/lib/python3.12/site-packages/pip/_vendor/requests/__pycache__
/opt/conda/lib/python3.12/site-packages/pip/_vendor/requests/__pycache__/structures.cpython-312.pyc
/opt/conda/lib/python3.12/site-packages/pip/_vendor/requests/__pycache__/help.cpython-312.pyc
/opt/conda/lib/python3.12/site-packages/pip/_vendor/requests/__pycache__/packages.cpython-312.pyc
/opt/conda/lib/python3.12/site-packages/pip/_vendor/requests/__pycache__/auth.cpython-312.pyc
/opt/conda/lib/python3.12/site-packages/pip/_vendor/requests/__pycache__/_internal_utils.cpython-312.pyc
/opt/conda/lib/python3.12/site-packages/pip/_vendor/requests/__pycache__/api.cpython-312.pyc
/opt/conda/lib/python3.12/site-packages/pip/_vendor/requests/__pycache__/status_codes.cpython-312.pyc
/opt/conda/lib/python3.12/site-packages/pip/_vendor/requests/__pycache__/hooks.cpython-312.pyc
/opt/conda/lib/python3.12/site-packages/pip/_vendor/requests/__pycache__/__init__.cpython-312.pyc
/opt/conda/lib/python3.12/site-packages/pip/_vendor/requests/__pycache__/compat.cpython-312.pyc
/opt/conda/lib/python3.12/site-packages/pip/_vendor/requests/__pycache__/utils.cpython-312.pyc
/opt/conda/lib/python3.12/site-packages/pip/_vendor/requests/__pycache__/__version__.cpython-312.pyc
/opt/conda/lib/python3.12/site-packages/pip/_vendor/requests/__pycache__/sessions.cpython-312.pyc
/opt/conda/lib/python3.12/site-packages/pip/_vendor/requests/__pycache__/certs.cpython-312.pyc
/opt/conda/lib/python3.12/site-packages/pip/_vendor/requests/__pycache__/models.cpython-312.pyc
/opt/conda/lib/python3.12/site-packages/pip/_vendor/requests/__pycache__/exceptions.cpython-312.pyc
/opt/conda/lib/python3.12/site-packages/pip/_vendor/requests/__pycache__/cookies.cpython-312.pyc
/opt/conda/lib/python3.12/site-packages/pip/_vendor/requests/__pycache__/adapters.cpython-312.pyc
/opt/conda/lib/python3.12/site-packages/pip/_vendor/requests/sessions.py
/opt/conda/lib/python3.12/site-packages/pip/_vendor/requests/auth.py
/opt/conda/lib/python3.12/site-packages/pip/_vendor/requests/structures.py
/opt/conda/lib/python3.12/site-packages/pip/_vendor/requests/adapters.py
/opt/conda/lib/python3.12/site-packages/pip/_vendor/requests/exceptions.py
/opt/conda/lib/python3.12/site-packages/pip/_vendor/requests/status_codes.py
/opt/conda/lib/python3.12/site-packages/pip/_vendor/cachecontrol
/opt/conda/lib/python3.12/site-packages/pip/_vendor/cachecontrol/cache.py
/opt/conda/lib/python3.12/site-packages/pip/_vendor/cachecontrol/__init__.py
/opt/conda/lib/python3.12/site-packages/pip/_vendor/cachecontrol/py.typed
/opt/conda/lib/python3.12/site-packages/pip/_vendor/cachecontrol/serialize.py
/opt/conda/lib/python3.12/site-packages/pip/_vendor/cachecontrol/controller.py
/opt/conda/lib/python3.12/site-packages/pip/_vendor/cachecontrol/adapter.py
/opt/conda/lib/python3.12/site-packages/pip/_vendor/cachecontrol/heuristics.py
/opt/conda/lib/python3.12/site-packages/pip/_vendor/cachecontrol/__pycache__
/opt/conda/lib/python3.12/site-packages/pip/_vendor/cachecontrol/__pycache__/heuristics.cpython-312.pyc
/opt/conda/lib/python3.12/site-packages/pip/_vendor/cachecontrol/__pycache__/_cmd.cpython-312.pyc
/opt/conda/lib/python3.12/site-packages/pip/_vendor/cachecontrol/__pycache__/filewrapper.cpython-312.pyc
/opt/conda/lib/python3.12/site-packages/pip/_vendor/cachecontrol/__pycache__/adapter.cpython-312.pyc
/opt/conda/lib/python3.12/site-packages/pip/_vendor/cachecontrol/__pycache__/controller.cpython-312.pyc
/opt/conda/lib/python3.12/site-packages/pip/_vendor/cachecontrol/__pycache__/cache.cpython-312.pyc
/opt/conda/lib/python3.12/site-packages/pip/_vendor/cachecontrol/__pycache__/__init__.cpython-312.pyc
/opt/conda/lib/python3.12/site-packages/pip/_vendor/cachecontrol/__pycache__/serialize.cpython-312.pyc
/opt/conda/lib/python3.12/site-packages/pip/_vendor/cachecontrol/__pycache__/wrapper.cpython-312.pyc
/opt/conda/lib/python3.12/site-packages/pip/_vendor/cachecontrol/wrapper.py
/opt/conda/lib/python3.12/site-packages/pip/_vendor/cachecontrol/caches
/opt/conda/lib/python3.12/site-packages/pip/_vendor/cachecontrol/caches/redis_cache.py
/opt/conda/lib/python3.12/site-packages/pip/_vendor/cachecontrol/caches/__init__.py
/opt/conda/lib/python3.12/site-packages/pip/_vendor/cachecontrol/caches/file_cache.py
/opt/conda/lib/python3.12/site-packages/pip/_vendor/cachecontrol/caches/__pycache__
/opt/conda/lib/python3.12/site-packages/pip/_vendor/cachecontrol/caches/__pycache__/redis_cache.cpython-312.pyc
/opt/conda/lib/python3.12/site-packages/pip/_vendor/cachecontrol/caches/__pycache__/file_cache.cpython-312.pyc
/opt/conda/lib/python3.12/site-packages/pip/_vendor/cachecontrol/caches/__pycache__/__init__.cpython-312.pyc
/opt/conda/lib/python3.12/site-packages/pip/_vendor/cachecontrol/filewrapper.py
/opt/conda/lib/python3.12/site-packages/pip/_vendor/cachecontrol/_cmd.py
/opt/conda/lib/python3.12/site-packages/pip/_vendor/distro
/opt/conda/lib/python3.12/site-packages/pip/_vendor/distro/__main__.py
/opt/conda/lib/python3.12/site-packages/pip/_vendor/distro/__init__.py
/opt/conda/lib/python3.12/site-packages/pip/_vendor/distro/py.typed
/opt/conda/lib/python3.12/site-packages/pip/_vendor/distro/__pycache__
/opt/conda/lib/python3.12/site-packages/pip/_vendor/distro/__pycache__/__init__.cpython-312.pyc
/opt/conda/lib/python3.12/site-packages/pip/_vendor/distro/__pycache__/distro.cpython-312.pyc
/opt/conda/lib/python3.12/site-packages/pip/_vendor/distro/__pycache__/__main__.cpython-312.pyc
/opt/conda/lib/python3.12/site-packages/pip/_vendor/distro/distro.py
/opt/conda/lib/python3.12/site-packages/pip/_vendor/certifi
/opt/conda/lib/python3.12/site-packages/pip/_vendor/certifi/__main__.py
/opt/conda/lib/python3.12/site-packages/pip/_vendor/certifi/__init__.py
/opt/conda/lib/python3.12/site-packages/pip/_vendor/certifi/py.typed
/opt/conda/lib/python3.12/site-packages/pip/_vendor/certifi/cacert.pem
/opt/conda/lib/python3.12/site-packages/pip/_vendor/certifi/__pycache__
/opt/conda/lib/python3.12/site-packages/pip/_vendor/certifi/__pycache__/core.cpython-312.pyc
/opt/conda/lib/python3.12/site-packages/pip/_vendor/certifi/__pycache__/__init__.cpython-312.pyc
/opt/conda/lib/python3.12/site-packages/pip/_vendor/certifi/__pycache__/__main__.cpython-312.pyc
/opt/conda/lib/python3.12/site-packages/pip/_vendor/certifi/core.py
/opt/conda/lib/python3.12/site-packages/pip/_vendor/resolvelib
/opt/conda/lib/python3.12/site-packages/pip/_vendor/resolvelib/__init__.py
/opt/conda/lib/python3.12/site-packages/pip/_vendor/resolvelib/resolvers.py
/opt/conda/lib/python3.12/site-packages/pip/_vendor/resolvelib/py.typed
/opt/conda/lib/python3.12/site-packages/pip/_vendor/resolvelib/providers.py
/opt/conda/lib/python3.12/site-packages/pip/_vendor/resolvelib/reporters.py
/opt/conda/lib/python3.12/site-packages/pip/_vendor/resolvelib/__pycache__
/opt/conda/lib/python3.12/site-packages/pip/_vendor/resolvelib/__pycache__/structs.cpython-312.pyc
/opt/conda/lib/python3.12/site-packages/pip/_vendor/resolvelib/__pycache__/__init__.cpython-312.pyc
/opt/conda/lib/python3.12/site-packages/pip/_vendor/resolvelib/__pycache__/reporters.cpython-312.pyc
/opt/conda/lib/python3.12/site-packages/pip/_vendor/resolvelib/__pycache__/providers.cpython-312.pyc
/opt/conda/lib/python3.12/site-packages/pip/_vendor/resolvelib/__pycache__/resolvers.cpython-312.pyc
/opt/conda/lib/python3.12/site-packages/pip/_vendor/resolvelib/structs.py
/opt/conda/lib/python3.12/site-packages/pip/_vendor/resolvelib/compat
/opt/conda/lib/python3.12/site-packages/pip/_vendor/resolvelib/compat/collections_abc.py
/opt/conda/lib/python3.12/site-packages/pip/_vendor/resolvelib/compat/__init__.py
/opt/conda/lib/python3.12/site-packages/pip/_vendor/resolvelib/compat/__pycache__
/opt/conda/lib/python3.12/site-packages/pip/_vendor/resolvelib/compat/__pycache__/collections_abc.cpython-312.pyc
/opt/conda/lib/python3.12/site-packages/pip/_vendor/resolvelib/compat/__pycache__/__init__.cpython-312.pyc
/opt/conda/lib/python3.12/site-packages/pip/_vendor/pygments
/opt/conda/lib/python3.12/site-packages/pip/_vendor/pygments/__main__.py
/opt/conda/lib/python3.12/site-packages/pip/_vendor/pygments/console.py
/opt/conda/lib/python3.12/site-packages/pip/_vendor/pygments/modeline.py
/opt/conda/lib/python3.12/site-packages/pip/_vendor/pygments/__init__.py
/opt/conda/lib/python3.12/site-packages/pip/_vendor/pygments/plugin.py
/opt/conda/lib/python3.12/site-packages/pip/_vendor/pygments/sphinxext.py
/opt/conda/lib/python3.12/site-packages/pip/_vendor/pygments/cmdline.py
/opt/conda/lib/python3.12/site-packages/pip/_vendor/pygments/lexer.py
/opt/conda/lib/python3.12/site-packages/pip/_vendor/pygments/lexers
/opt/conda/lib/python3.12/site-packages/pip/_vendor/pygments/lexers/_mapping.py
/opt/conda/lib/python3.12/site-packages/pip/_vendor/pygments/lexers/__init__.py
/opt/conda/lib/python3.12/site-packages/pip/_vendor/pygments/lexers/python.py
/opt/conda/lib/python3.12/site-packages/pip/_vendor/pygments/lexers/__pycache__
/opt/conda/lib/python3.12/site-packages/pip/_vendor/pygments/lexers/__pycache__/_mapping.cpython-312.pyc
/opt/conda/lib/python3.12/site-packages/pip/_vendor/pygments/lexers/__pycache__/__init__.cpython-312.pyc
/opt/conda/lib/python3.12/site-packages/pip/_vendor/pygments/lexers/__pycache__/python.cpython-312.pyc
/opt/conda/lib/python3.12/site-packages/pip/_vendor/pygments/unistring.py
/opt/conda/lib/python3.12/site-packages/pip/_vendor/pygments/formatter.py
/opt/conda/lib/python3.12/site-packages/pip/_vendor/pygments/style.py
/opt/conda/lib/python3.12/site-packages/pip/_vendor/pygments/util.py
/opt/conda/lib/python3.12/site-packages/pip/_vendor/pygments/token.py
/opt/conda/lib/python3.12/site-packages/pip/_vendor/pygments/__pycache__
/opt/conda/lib/python3.12/site-packages/pip/_vendor/pygments/__pycache__/util.cpython-312.pyc
/opt/conda/lib/python3.12/site-packages/pip/_vendor/pygments/__pycache__/regexopt.cpython-312.pyc
/opt/conda/lib/python3.12/site-packages/pip/_vendor/pygments/__pycache__/filter.cpython-312.pyc
/opt/conda/lib/python3.12/site-packages/pip/_vendor/pygments/__pycache__/sphinxext.cpython-312.pyc
/opt/conda/lib/python3.12/site-packages/pip/_vendor/pygments/__pycache__/cmdline.cpython-312.pyc
/opt/conda/lib/python3.12/site-packages/pip/_vendor/pygments/__pycache__/style.cpython-312.pyc
/opt/conda/lib/python3.12/site-packages/pip/_vendor/pygments/__pycache__/modeline.cpython-312.pyc
/opt/conda/lib/python3.12/site-packages/pip/_vendor/pygments/__pycache__/token.cpython-312.pyc
/opt/conda/lib/python3.12/site-packages/pip/_vendor/pygments/__pycache__/__init__.cpython-312.pyc
/opt/conda/lib/python3.12/site-packages/pip/_vendor/pygments/__pycache__/scanner.cpython-312.pyc
/opt/conda/lib/python3.12/site-packages/pip/_vendor/pygments/__pycache__/lexer.cpython-312.pyc
/opt/conda/lib/python3.12/site-packages/pip/_vendor/pygments/__pycache__/console.cpython-312.pyc
/opt/conda/lib/python3.12/site-packages/pip/_vendor/pygments/__pycache__/unistring.cpython-312.pyc
/opt/conda/lib/python3.12/site-packages/pip/_vendor/pygments/__pycache__/formatter.cpython-312.pyc
/opt/conda/lib/python3.12/site-packages/pip/_vendor/pygments/__pycache__/plugin.cpython-312.pyc
/opt/conda/lib/python3.12/site-packages/pip/_vendor/pygments/__pycache__/__main__.cpython-312.pyc
/opt/conda/lib/python3.12/site-packages/pip/_vendor/pygments/styles
/opt/conda/lib/python3.12/site-packages/pip/_vendor/pygments/styles/__init__.py
/opt/conda/lib/python3.12/site-packages/pip/_vendor/pygments/styles/__pycache__
/opt/conda/lib/python3.12/site-packages/pip/_vendor/pygments/styles/__pycache__/__init__.cpython-312.pyc
/opt/conda/lib/python3.12/site-packages/pip/_vendor/pygments/formatters
/opt/conda/lib/python3.12/site-packages/pip/_vendor/pygments/formatters/_mapping.py
/opt/conda/lib/python3.12/site-packages/pip/_vendor/pygments/formatters/html.py
/opt/conda/lib/python3.12/site-packages/pip/_vendor/pygments/formatters/__init__.py
/opt/conda/lib/python3.12/site-packages/pip/_vendor/pygments/formatters/latex.py
/opt/conda/lib/python3.12/site-packages/pip/_vendor/pygments/formatters/bbcode.py
/opt/conda/lib/python3.12/site-packages/pip/_vendor/pygments/formatters/pangomarkup.py
/opt/conda/lib/python3.12/site-packages/pip/_vendor/pygments/formatters/rtf.py
/opt/conda/lib/python3.12/site-packages/pip/_vendor/pygments/formatters/groff.py
/opt/conda/lib/python3.12/site-packages/pip/_vendor/pygments/formatters/svg.py
/opt/conda/lib/python3.12/site-packages/pip/_vendor/pygments/formatters/irc.py
/opt/conda/lib/python3.12/site-packages/pip/_vendor/pygments/formatters/other.py
/opt/conda/lib/python3.12/site-packages/pip/_vendor/pygments/formatters/terminal.py
/opt/conda/lib/python3.12/site-packages/pip/_vendor/pygments/formatters/terminal256.py
/opt/conda/lib/python3.12/site-packages/pip/_vendor/pygments/formatters/__pycache__
/opt/conda/lib/python3.12/site-packages/pip/_vendor/pygments/formatters/__pycache__/irc.cpython-312.pyc
/opt/conda/lib/python3.12/site-packages/pip/_vendor/pygments/formatters/__pycache__/pangomarkup.cpython-312.pyc
/opt/conda/lib/python3.12/site-packages/pip/_vendor/pygments/formatters/__pycache__/latex.cpython-312.pyc
/opt/conda/lib/python3.12/site-packages/pip/_vendor/pygments/formatters/__pycache__/svg.cpython-312.pyc
/opt/conda/lib/python3.12/site-packages/pip/_vendor/pygments/formatters/__pycache__/html.cpython-312.pyc
/opt/conda/lib/python3.12/site-packages/pip/_vendor/pygments/formatters/__pycache__/img.cpython-312.pyc
/opt/conda/lib/python3.12/site-packages/pip/_vendor/pygments/formatters/__pycache__/_mapping.cpython-312.pyc
/opt/conda/lib/python3.12/site-packages/pip/_vendor/pygments/formatters/__pycache__/rtf.cpython-312.pyc
/opt/conda/lib/python3.12/site-packages/pip/_vendor/pygments/formatters/__pycache__/bbcode.cpython-312.pyc
/opt/conda/lib/python3.12/site-packages/pip/_vendor/pygments/formatters/__pycache__/__init__.cpython-312.pyc
/opt/conda/lib/python3.12/site-packages/pip/_vendor/pygments/formatters/__pycache__/other.cpython-312.pyc
/opt/conda/lib/python3.12/site-packages/pip/_vendor/pygments/formatters/__pycache__/groff.cpython-312.pyc
/opt/conda/lib/python3.12/site-packages/pip/_vendor/pygments/formatters/__pycache__/terminal.cpython-312.pyc
/opt/conda/lib/python3.12/site-packages/pip/_vendor/pygments/formatters/__pycache__/terminal256.cpython-312.pyc
/opt/conda/lib/python3.12/site-packages/pip/_vendor/pygments/formatters/img.py
/opt/conda/lib/python3.12/site-packages/pip/_vendor/pygments/regexopt.py
/opt/conda/lib/python3.12/site-packages/pip/_vendor/pygments/filters
/opt/conda/lib/python3.12/site-packages/pip/_vendor/pygments/filters/__init__.py
/opt/conda/lib/python3.12/site-packages/pip/_vendor/pygments/filters/__pycache__
/opt/conda/lib/python3.12/site-packages/pip/_vendor/pygments/filters/__pycache__/__init__.cpython-312.pyc
/opt/conda/lib/python3.12/site-packages/pip/_vendor/pygments/scanner.py
/opt/conda/lib/python3.12/site-packages/pip/_vendor/pygments/filter.py
/opt/conda/lib/python3.12/site-packages/pip/_vendor/typing_extensions.py
/opt/conda/lib/python3.12/site-packages/pip/_vendor/six.py
/opt/conda/lib/python3.12/site-packages/pip/_vendor/distlib
/opt/conda/lib/python3.12/site-packages/pip/_vendor/distlib/locators.py
/opt/conda/lib/python3.12/site-packages/pip/_vendor/distlib/__init__.py
/opt/conda/lib/python3.12/site-packages/pip/_vendor/distlib/compat.py
/opt/conda/lib/python3.12/site-packages/pip/_vendor/distlib/resources.py
/opt/conda/lib/python3.12/site-packages/pip/_vendor/distlib/manifest.py
/opt/conda/lib/python3.12/site-packages/pip/_vendor/distlib/markers.py
/opt/conda/lib/python3.12/site-packages/pip/_vendor/distlib/metadata.py
/opt/conda/lib/python3.12/site-packages/pip/_vendor/distlib/scripts.py
/opt/conda/lib/python3.12/site-packages/pip/_vendor/distlib/util.py
/opt/conda/lib/python3.12/site-packages/pip/_vendor/distlib/wheel.py
/opt/conda/lib/python3.12/site-packages/pip/_vendor/distlib/version.py
/opt/conda/lib/python3.12/site-packages/pip/_vendor/distlib/database.py
/opt/conda/lib/python3.12/site-packages/pip/_vendor/distlib/__pycache__
/opt/conda/lib/python3.12/site-packages/pip/_vendor/distlib/__pycache__/util.cpython-312.pyc
/opt/conda/lib/python3.12/site-packages/pip/_vendor/distlib/__pycache__/index.cpython-312.pyc
/opt/conda/lib/python3.12/site-packages/pip/_vendor/distlib/__pycache__/metadata.cpython-312.pyc
/opt/conda/lib/python3.12/site-packages/pip/_vendor/distlib/__pycache__/wheel.cpython-312.pyc
/opt/conda/lib/python3.12/site-packages/pip/_vendor/distlib/__pycache__/scripts.cpython-312.pyc
/opt/conda/lib/python3.12/site-packages/pip/_vendor/distlib/__pycache__/locators.cpython-312.pyc
/opt/conda/lib/python3.12/site-packages/pip/_vendor/distlib/__pycache__/markers.cpython-312.pyc
/opt/conda/lib/python3.12/site-packages/pip/_vendor/distlib/__pycache__/__init__.cpython-312.pyc
/opt/conda/lib/python3.12/site-packages/pip/_vendor/distlib/__pycache__/compat.cpython-312.pyc
/opt/conda/lib/python3.12/site-packages/pip/_vendor/distlib/__pycache__/manifest.cpython-312.pyc
/opt/conda/lib/python3.12/site-packages/pip/_vendor/distlib/__pycache__/database.cpython-312.pyc
/opt/conda/lib/python3.12/site-packages/pip/_vendor/distlib/__pycache__/resources.cpython-312.pyc
/opt/conda/lib/python3.12/site-packages/pip/_vendor/distlib/__pycache__/version.cpython-312.pyc
/opt/conda/lib/python3.12/site-packages/pip/_vendor/distlib/index.py
/opt/conda/lib/python3.12/site-packages/pip/_vendor/colorama
/opt/conda/lib/python3.12/site-packages/pip/_vendor/colorama/ansi.py
/opt/conda/lib/python3.12/site-packages/pip/_vendor/colorama/__init__.py
/opt/conda/lib/python3.12/site-packages/pip/_vendor/colorama/ansitowin32.py
/opt/conda/lib/python3.12/site-packages/pip/_vendor/colorama/winterm.py
/opt/conda/lib/python3.12/site-packages/pip/_vendor/colorama/initialise.py
/opt/conda/lib/python3.12/site-packages/pip/_vendor/colorama/win32.py
/opt/conda/lib/python3.12/site-packages/pip/_vendor/colorama/__pycache__
/opt/conda/lib/python3.12/site-packages/pip/_vendor/colorama/__pycache__/initialise.cpython-312.pyc
/opt/conda/lib/python3.12/site-packages/pip/_vendor/colorama/__pycache__/ansi.cpython-312.pyc
/opt/conda/lib/python3.12/site-packages/pip/_vendor/colorama/__pycache__/ansitowin32.cpython-312.pyc
/opt/conda/lib/python3.12/site-packages/pip/_vendor/colorama/__pycache__/__init__.cpython-312.pyc
/opt/conda/lib/python3.12/site-packages/pip/_vendor/colorama/__pycache__/winterm.cpython-312.pyc
/opt/conda/lib/python3.12/site-packages/pip/_vendor/colorama/__pycache__/win32.cpython-312.pyc
/opt/conda/lib/python3.12/site-packages/pip/_vendor/colorama/tests
/opt/conda/lib/python3.12/site-packages/pip/_vendor/colorama/tests/__init__.py
/opt/conda/lib/python3.12/site-packages/pip/_vendor/colorama/tests/isatty_test.py
/opt/conda/lib/python3.12/site-packages/pip/_vendor/colorama/tests/initialise_test.py
/opt/conda/lib/python3.12/site-packages/pip/_vendor/colorama/tests/winterm_test.py
/opt/conda/lib/python3.12/site-packages/pip/_vendor/colorama/tests/utils.py
/opt/conda/lib/python3.12/site-packages/pip/_vendor/colorama/tests/ansitowin32_test.py
/opt/conda/lib/python3.12/site-packages/pip/_vendor/colorama/tests/__pycache__
/opt/conda/lib/python3.12/site-packages/pip/_vendor/colorama/tests/__pycache__/ansitowin32_test.cpython-312.pyc
/opt/conda/lib/python3.12/site-packages/pip/_vendor/colorama/tests/__pycache__/winterm_test.cpython-312.pyc
/opt/conda/lib/python3.12/site-packages/pip/_vendor/colorama/tests/__pycache__/ansi_test.cpython-312.pyc
/opt/conda/lib/python3.12/site-packages/pip/_vendor/colorama/tests/__pycache__/__init__.cpython-312.pyc
/opt/conda/lib/python3.12/site-packages/pip/_vendor/colorama/tests/__pycache__/utils.cpython-312.pyc
/opt/conda/lib/python3.12/site-packages/pip/_vendor/colorama/tests/__pycache__/initialise_test.cpython-312.pyc
/opt/conda/lib/python3.12/site-packages/pip/_vendor/colorama/tests/__pycache__/isatty_test.cpython-312.pyc
/opt/conda/lib/python3.12/site-packages/pip/_vendor/colorama/tests/ansi_test.py
/opt/conda/lib/python3.12/site-packages/pip/_vendor/urllib3
/opt/conda/lib/python3.12/site-packages/pip/_vendor/urllib3/__init__.py
/opt/conda/lib/python3.12/site-packages/pip/_vendor/urllib3/connectionpool.py
/opt/conda/lib/python3.12/site-packages/pip/_vendor/urllib3/response.py
/opt/conda/lib/python3.12/site-packages/pip/_vendor/urllib3/util
/opt/conda/lib/python3.12/site-packages/pip/_vendor/urllib3/util/ssl_.py
/opt/conda/lib/python3.12/site-packages/pip/_vendor/urllib3/util/queue.py
/opt/conda/lib/python3.12/site-packages/pip/_vendor/urllib3/util/__init__.py
/opt/conda/lib/python3.12/site-packages/pip/_vendor/urllib3/util/response.py
/opt/conda/lib/python3.12/site-packages/pip/_vendor/urllib3/util/ssltransport.py
/opt/conda/lib/python3.12/site-packages/pip/_vendor/urllib3/util/retry.py
/opt/conda/lib/python3.12/site-packages/pip/_vendor/urllib3/util/url.py
/opt/conda/lib/python3.12/site-packages/pip/_vendor/urllib3/util/wait.py
/opt/conda/lib/python3.12/site-packages/pip/_vendor/urllib3/util/connection.py
/opt/conda/lib/python3.12/site-packages/pip/_vendor/urllib3/util/proxy.py
/opt/conda/lib/python3.12/site-packages/pip/_vendor/urllib3/util/request.py
/opt/conda/lib/python3.12/site-packages/pip/_vendor/urllib3/util/__pycache__
/opt/conda/lib/python3.12/site-packages/pip/_vendor/urllib3/util/__pycache__/response.cpython-312.pyc
/opt/conda/lib/python3.12/site-packages/pip/_vendor/urllib3/util/__pycache__/wait.cpython-312.pyc
/opt/conda/lib/python3.12/site-packages/pip/_vendor/urllib3/util/__pycache__/timeout.cpython-312.pyc
/opt/conda/lib/python3.12/site-packages/pip/_vendor/urllib3/util/__pycache__/ssltransport.cpython-312.pyc
/opt/conda/lib/python3.12/site-packages/pip/_vendor/urllib3/util/__pycache__/ssl_.cpython-312.pyc
/opt/conda/lib/python3.12/site-packages/pip/_vendor/urllib3/util/__pycache__/proxy.cpython-312.pyc
/opt/conda/lib/python3.12/site-packages/pip/_vendor/urllib3/util/__pycache__/connection.cpython-312.pyc
/opt/conda/lib/python3.12/site-packages/pip/_vendor/urllib3/util/__pycache__/url.cpython-312.pyc
/opt/conda/lib/python3.12/site-packages/pip/_vendor/urllib3/util/__pycache__/retry.cpython-312.pyc
/opt/conda/lib/python3.12/site-packages/pip/_vendor/urllib3/util/__pycache__/__init__.cpython-312.pyc
/opt/conda/lib/python3.12/site-packages/pip/_vendor/urllib3/util/__pycache__/ssl_match_hostname.cpython-312.pyc
/opt/conda/lib/python3.12/site-packages/pip/_vendor/urllib3/util/__pycache__/request.cpython-312.pyc
/opt/conda/lib/python3.12/site-packages/pip/_vendor/urllib3/util/__pycache__/queue.cpython-312.pyc
/opt/conda/lib/python3.12/site-packages/pip/_vendor/urllib3/util/timeout.py
/opt/conda/lib/python3.12/site-packages/pip/_vendor/urllib3/util/ssl_match_hostname.py
/opt/conda/lib/python3.12/site-packages/pip/_vendor/urllib3/poolmanager.py
/opt/conda/lib/python3.12/site-packages/pip/_vendor/urllib3/packages
/opt/conda/lib/python3.12/site-packages/pip/_vendor/urllib3/packages/__init__.py
/opt/conda/lib/python3.12/site-packages/pip/_vendor/urllib3/packages/six.py
/opt/conda/lib/python3.12/site-packages/pip/_vendor/urllib3/packages/__pycache__
/opt/conda/lib/python3.12/site-packages/pip/_vendor/urllib3/packages/__pycache__/six.cpython-312.pyc
/opt/conda/lib/python3.12/site-packages/pip/_vendor/urllib3/packages/__pycache__/__init__.cpython-312.pyc
/opt/conda/lib/python3.12/site-packages/pip/_vendor/urllib3/packages/backports
/opt/conda/lib/python3.12/site-packages/pip/_vendor/urllib3/packages/backports/weakref_finalize.py
/opt/conda/lib/python3.12/site-packages/pip/_vendor/urllib3/packages/backports/__init__.py
/opt/conda/lib/python3.12/site-packages/pip/_vendor/urllib3/packages/backports/makefile.py
/opt/conda/lib/python3.12/site-packages/pip/_vendor/urllib3/packages/backports/__pycache__
/opt/conda/lib/python3.12/site-packages/pip/_vendor/urllib3/packages/backports/__pycache__/weakref_finalize.cpython-312.pyc
/opt/conda/lib/python3.12/site-packages/pip/_vendor/urllib3/packages/backports/__pycache__/makefile.cpython-312.pyc
/opt/conda/lib/python3.12/site-packages/pip/_vendor/urllib3/packages/backports/__pycache__/__init__.cpython-312.pyc
/opt/conda/lib/python3.12/site-packages/pip/_vendor/urllib3/filepost.py
/opt/conda/lib/python3.12/site-packages/pip/_vendor/urllib3/contrib
/opt/conda/lib/python3.12/site-packages/pip/_vendor/urllib3/contrib/__init__.py
/opt/conda/lib/python3.12/site-packages/pip/_vendor/urllib3/contrib/pyopenssl.py
/opt/conda/lib/python3.12/site-packages/pip/_vendor/urllib3/contrib/_securetransport
/opt/conda/lib/python3.12/site-packages/pip/_vendor/urllib3/contrib/_securetransport/__init__.py
/opt/conda/lib/python3.12/site-packages/pip/_vendor/urllib3/contrib/_securetransport/low_level.py
/opt/conda/lib/python3.12/site-packages/pip/_vendor/urllib3/contrib/_securetransport/__pycache__
/opt/conda/lib/python3.12/site-packages/pip/_vendor/urllib3/contrib/_securetransport/__pycache__/low_level.cpython-312.pyc
/opt/conda/lib/python3.12/site-packages/pip/_vendor/urllib3/contrib/_securetransport/__pycache__/__init__.cpython-312.pyc
/opt/conda/lib/python3.12/site-packages/pip/_vendor/urllib3/contrib/_securetransport/__pycache__/bindings.cpython-312.pyc
/opt/conda/lib/python3.12/site-packages/pip/_vendor/urllib3/contrib/_securetransport/bindings.py
/opt/conda/lib/python3.12/site-packages/pip/_vendor/urllib3/contrib/securetransport.py
/opt/conda/lib/python3.12/site-packages/pip/_vendor/urllib3/contrib/ntlmpool.py
/opt/conda/lib/python3.12/site-packages/pip/_vendor/urllib3/contrib/appengine.py
/opt/conda/lib/python3.12/site-packages/pip/_vendor/urllib3/contrib/__pycache__
/opt/conda/lib/python3.12/site-packages/pip/_vendor/urllib3/contrib/__pycache__/pyopenssl.cpython-312.pyc
/opt/conda/lib/python3.12/site-packages/pip/_vendor/urllib3/contrib/__pycache__/securetransport.cpython-312.pyc
/opt/conda/lib/python3.12/site-packages/pip/_vendor/urllib3/contrib/__pycache__/ntlmpool.cpython-312.pyc
/opt/conda/lib/python3.12/site-packages/pip/_vendor/urllib3/contrib/__pycache__/_appengine_environ.cpython-312.pyc
/opt/conda/lib/python3.12/site-packages/pip/_vendor/urllib3/contrib/__pycache__/__init__.cpython-312.pyc
/opt/conda/lib/python3.12/site-packages/pip/_vendor/urllib3/contrib/__pycache__/socks.cpython-312.pyc
/opt/conda/lib/python3.12/site-packages/pip/_vendor/urllib3/contrib/__pycache__/appengine.cpython-312.pyc
/opt/conda/lib/python3.12/site-packages/pip/_vendor/urllib3/contrib/socks.py
/opt/conda/lib/python3.12/site-packages/pip/_vendor/urllib3/contrib/_appengine_environ.py
/opt/conda/lib/python3.12/site-packages/pip/_vendor/urllib3/connection.py
/opt/conda/lib/python3.12/site-packages/pip/_vendor/urllib3/request.py
/opt/conda/lib/python3.12/site-packages/pip/_vendor/urllib3/__pycache__
/opt/conda/lib/python3.12/site-packages/pip/_vendor/urllib3/__pycache__/filepost.cpython-312.pyc
/opt/conda/lib/python3.12/site-packages/pip/_vendor/urllib3/__pycache__/response.cpython-312.pyc
/opt/conda/lib/python3.12/site-packages/pip/_vendor/urllib3/__pycache__/connection.cpython-312.pyc
/opt/conda/lib/python3.12/site-packages/pip/_vendor/urllib3/__pycache__/connectionpool.cpython-312.pyc
/opt/conda/lib/python3.12/site-packages/pip/_vendor/urllib3/__pycache__/fields.cpython-312.pyc
/opt/conda/lib/python3.12/site-packages/pip/_vendor/urllib3/__pycache__/__init__.cpython-312.pyc
/opt/conda/lib/python3.12/site-packages/pip/_vendor/urllib3/__pycache__/_version.cpython-312.pyc
/opt/conda/lib/python3.12/site-packages/pip/_vendor/urllib3/__pycache__/_collections.cpython-312.pyc
/opt/conda/lib/python3.12/site-packages/pip/_vendor/urllib3/__pycache__/exceptions.cpython-312.pyc
/opt/conda/lib/python3.12/site-packages/pip/_vendor/urllib3/__pycache__/poolmanager.cpython-312.pyc
/opt/conda/lib/python3.12/site-packages/pip/_vendor/urllib3/__pycache__/request.cpython-312.pyc
/opt/conda/lib/python3.12/site-packages/pip/_vendor/urllib3/_version.py
/opt/conda/lib/python3.12/site-packages/pip/_vendor/urllib3/_collections.py
/opt/conda/lib/python3.12/site-packages/pip/_vendor/urllib3/exceptions.py
/opt/conda/lib/python3.12/site-packages/pip/_vendor/urllib3/fields.py
/opt/conda/lib/python3.12/site-packages/pip/_vendor/__pycache__
/opt/conda/lib/python3.12/site-packages/pip/_vendor/__pycache__/six.cpython-312.pyc
/opt/conda/lib/python3.12/site-packages/pip/_vendor/__pycache__/typing_extensions.cpython-312.pyc
/opt/conda/lib/python3.12/site-packages/pip/_vendor/__pycache__/__init__.cpython-312.pyc
/opt/conda/lib/python3.12/site-packages/pip/_vendor/webencodings
/opt/conda/lib/python3.12/site-packages/pip/_vendor/webencodings/x_user_defined.py
/opt/conda/lib/python3.12/site-packages/pip/_vendor/webencodings/__init__.py
/opt/conda/lib/python3.12/site-packages/pip/_vendor/webencodings/tests.py
/opt/conda/lib/python3.12/site-packages/pip/_vendor/webencodings/__pycache__
/opt/conda/lib/python3.12/site-packages/pip/_vendor/webencodings/__pycache__/tests.cpython-312.pyc
/opt/conda/lib/python3.12/site-packages/pip/_vendor/webencodings/__pycache__/x_user_defined.cpython-312.pyc
/opt/conda/lib/python3.12/site-packages/pip/_vendor/webencodings/__pycache__/__init__.cpython-312.pyc
/opt/conda/lib/python3.12/site-packages/pip/_vendor/webencodings/__pycache__/mklabels.cpython-312.pyc
/opt/conda/lib/python3.12/site-packages/pip/_vendor/webencodings/__pycache__/labels.cpython-312.pyc
/opt/conda/lib/python3.12/site-packages/pip/_vendor/webencodings/mklabels.py
/opt/conda/lib/python3.12/site-packages/pip/_vendor/webencodings/labels.py
/opt/conda/lib/python3.12/site-packages/pip/_vendor/pyproject_hooks
/opt/conda/lib/python3.12/site-packages/pip/_vendor/pyproject_hooks/_impl.py
/opt/conda/lib/python3.12/site-packages/pip/_vendor/pyproject_hooks/__init__.py
/opt/conda/lib/python3.12/site-packages/pip/_vendor/pyproject_hooks/__pycache__
/opt/conda/lib/python3.12/site-packages/pip/_vendor/pyproject_hooks/__pycache__/_impl.cpython-312.pyc
/opt/conda/lib/python3.12/site-packages/pip/_vendor/pyproject_hooks/__pycache__/__init__.cpython-312.pyc
/opt/conda/lib/python3.12/site-packages/pip/_vendor/pyproject_hooks/__pycache__/_compat.cpython-312.pyc
/opt/conda/lib/python3.12/site-packages/pip/_vendor/pyproject_hooks/_compat.py
/opt/conda/lib/python3.12/site-packages/pip/_vendor/pyproject_hooks/_in_process
/opt/conda/lib/python3.12/site-packages/pip/_vendor/pyproject_hooks/_in_process/_in_process.py
/opt/conda/lib/python3.12/site-packages/pip/_vendor/pyproject_hooks/_in_process/__init__.py
/opt/conda/lib/python3.12/site-packages/pip/_vendor/pyproject_hooks/_in_process/__pycache__
/opt/conda/lib/python3.12/site-packages/pip/_vendor/pyproject_hooks/_in_process/__pycache__/_in_process.cpython-312.pyc
/opt/conda/lib/python3.12/site-packages/pip/_vendor/pyproject_hooks/_in_process/__pycache__/__init__.cpython-312.pyc
/opt/conda/lib/python3.12/site-packages/pip/_vendor/tomli
/opt/conda/lib/python3.12/site-packages/pip/_vendor/tomli/_types.py
/opt/conda/lib/python3.12/site-packages/pip/_vendor/tomli/_re.py
/opt/conda/lib/python3.12/site-packages/pip/_vendor/tomli/__init__.py
/opt/conda/lib/python3.12/site-packages/pip/_vendor/tomli/py.typed
/opt/conda/lib/python3.12/site-packages/pip/_vendor/tomli/__pycache__
/opt/conda/lib/python3.12/site-packages/pip/_vendor/tomli/__pycache__/_types.cpython-312.pyc
/opt/conda/lib/python3.12/site-packages/pip/_vendor/tomli/__pycache__/_re.cpython-312.pyc
/opt/conda/lib/python3.12/site-packages/pip/_vendor/tomli/__pycache__/_parser.cpython-312.pyc
/opt/conda/lib/python3.12/site-packages/pip/_vendor/tomli/__pycache__/__init__.cpython-312.pyc
/opt/conda/lib/python3.12/site-packages/pip/_vendor/tomli/_parser.py
/opt/conda/lib/python3.12/site-packages/pip/_vendor/chardet
/opt/conda/lib/python3.12/site-packages/pip/_vendor/chardet/sbcsgroupprober.py
/opt/conda/lib/python3.12/site-packages/pip/_vendor/chardet/codingstatemachinedict.py
/opt/conda/lib/python3.12/site-packages/pip/_vendor/chardet/johabprober.py
/opt/conda/lib/python3.12/site-packages/pip/_vendor/chardet/__init__.py
/opt/conda/lib/python3.12/site-packages/pip/_vendor/chardet/chardistribution.py
/opt/conda/lib/python3.12/site-packages/pip/_vendor/chardet/langrussianmodel.py
/opt/conda/lib/python3.12/site-packages/pip/_vendor/chardet/resultdict.py
/opt/conda/lib/python3.12/site-packages/pip/_vendor/chardet/langgreekmodel.py
/opt/conda/lib/python3.12/site-packages/pip/_vendor/chardet/johabfreq.py
/opt/conda/lib/python3.12/site-packages/pip/_vendor/chardet/jpcntx.py
/opt/conda/lib/python3.12/site-packages/pip/_vendor/chardet/py.typed
/opt/conda/lib/python3.12/site-packages/pip/_vendor/chardet/langthaimodel.py
/opt/conda/lib/python3.12/site-packages/pip/_vendor/chardet/euctwfreq.py
/opt/conda/lib/python3.12/site-packages/pip/_vendor/chardet/charsetprober.py
/opt/conda/lib/python3.12/site-packages/pip/_vendor/chardet/codingstatemachine.py
/opt/conda/lib/python3.12/site-packages/pip/_vendor/chardet/mbcssm.py
/opt/conda/lib/python3.12/site-packages/pip/_vendor/chardet/gb2312freq.py
/opt/conda/lib/python3.12/site-packages/pip/_vendor/chardet/big5prober.py
/opt/conda/lib/python3.12/site-packages/pip/_vendor/chardet/utf8prober.py
/opt/conda/lib/python3.12/site-packages/pip/_vendor/chardet/jisfreq.py
/opt/conda/lib/python3.12/site-packages/pip/_vendor/chardet/big5freq.py
/opt/conda/lib/python3.12/site-packages/pip/_vendor/chardet/escsm.py
/opt/conda/lib/python3.12/site-packages/pip/_vendor/chardet/mbcharsetprober.py
/opt/conda/lib/python3.12/site-packages/pip/_vendor/chardet/euckrfreq.py
/opt/conda/lib/python3.12/site-packages/pip/_vendor/chardet/langturkishmodel.py
/opt/conda/lib/python3.12/site-packages/pip/_vendor/chardet/universaldetector.py
/opt/conda/lib/python3.12/site-packages/pip/_vendor/chardet/macromanprober.py
/opt/conda/lib/python3.12/site-packages/pip/_vendor/chardet/metadata
/opt/conda/lib/python3.12/site-packages/pip/_vendor/chardet/metadata/__init__.py
/opt/conda/lib/python3.12/site-packages/pip/_vendor/chardet/metadata/languages.py
/opt/conda/lib/python3.12/site-packages/pip/_vendor/chardet/metadata/__pycache__
/opt/conda/lib/python3.12/site-packages/pip/_vendor/chardet/metadata/__pycache__/languages.cpython-312.pyc
/opt/conda/lib/python3.12/site-packages/pip/_vendor/chardet/metadata/__pycache__/__init__.cpython-312.pyc
/opt/conda/lib/python3.12/site-packages/pip/_vendor/chardet/sjisprober.py
/opt/conda/lib/python3.12/site-packages/pip/_vendor/chardet/cp949prober.py
/opt/conda/lib/python3.12/site-packages/pip/_vendor/chardet/hebrewprober.py
/opt/conda/lib/python3.12/site-packages/pip/_vendor/chardet/langhebrewmodel.py
/opt/conda/lib/python3.12/site-packages/pip/_vendor/chardet/sbcharsetprober.py
/opt/conda/lib/python3.12/site-packages/pip/_vendor/chardet/utf1632prober.py
/opt/conda/lib/python3.12/site-packages/pip/_vendor/chardet/version.py
/opt/conda/lib/python3.12/site-packages/pip/_vendor/chardet/__pycache__
/opt/conda/lib/python3.12/site-packages/pip/_vendor/chardet/__pycache__/sbcsgroupprober.cpython-312.pyc
/opt/conda/lib/python3.12/site-packages/pip/_vendor/chardet/__pycache__/charsetprober.cpython-312.pyc
/opt/conda/lib/python3.12/site-packages/pip/_vendor/chardet/__pycache__/big5prober.cpython-312.pyc
/opt/conda/lib/python3.12/site-packages/pip/_vendor/chardet/__pycache__/euckrfreq.cpython-312.pyc
/opt/conda/lib/python3.12/site-packages/pip/_vendor/chardet/__pycache__/cp949prober.cpython-312.pyc
/opt/conda/lib/python3.12/site-packages/pip/_vendor/chardet/__pycache__/mbcssm.cpython-312.pyc
/opt/conda/lib/python3.12/site-packages/pip/_vendor/chardet/__pycache__/universaldetector.cpython-312.pyc
/opt/conda/lib/python3.12/site-packages/pip/_vendor/chardet/__pycache__/codingstatemachinedict.cpython-312.pyc
/opt/conda/lib/python3.12/site-packages/pip/_vendor/chardet/__pycache__/escprober.cpython-312.pyc
/opt/conda/lib/python3.12/site-packages/pip/_vendor/chardet/__pycache__/utf8prober.cpython-312.pyc
/opt/conda/lib/python3.12/site-packages/pip/_vendor/chardet/__pycache__/gb2312prober.cpython-312.pyc
/opt/conda/lib/python3.12/site-packages/pip/_vendor/chardet/__pycache__/jpcntx.cpython-312.pyc
/opt/conda/lib/python3.12/site-packages/pip/_vendor/chardet/__pycache__/langgreekmodel.cpython-312.pyc
/opt/conda/lib/python3.12/site-packages/pip/_vendor/chardet/__pycache__/chardistribution.cpython-312.pyc
/opt/conda/lib/python3.12/site-packages/pip/_vendor/chardet/__pycache__/jisfreq.cpython-312.pyc
/opt/conda/lib/python3.12/site-packages/pip/_vendor/chardet/__pycache__/gb2312freq.cpython-312.pyc
/opt/conda/lib/python3.12/site-packages/pip/_vendor/chardet/__pycache__/enums.cpython-312.pyc
/opt/conda/lib/python3.12/site-packages/pip/_vendor/chardet/__pycache__/sbcharsetprober.cpython-312.pyc
/opt/conda/lib/python3.12/site-packages/pip/_vendor/chardet/__pycache__/euckrprober.cpython-312.pyc
/opt/conda/lib/python3.12/site-packages/pip/_vendor/chardet/__pycache__/langthaimodel.cpython-312.pyc
/opt/conda/lib/python3.12/site-packages/pip/_vendor/chardet/__pycache__/big5freq.cpython-312.pyc
/opt/conda/lib/python3.12/site-packages/pip/_vendor/chardet/__pycache__/utf1632prober.cpython-312.pyc
/opt/conda/lib/python3.12/site-packages/pip/_vendor/chardet/__pycache__/charsetgroupprober.cpython-312.pyc
/opt/conda/lib/python3.12/site-packages/pip/_vendor/chardet/__pycache__/hebrewprober.cpython-312.pyc
/opt/conda/lib/python3.12/site-packages/pip/_vendor/chardet/__pycache__/mbcharsetprober.cpython-312.pyc
/opt/conda/lib/python3.12/site-packages/pip/_vendor/chardet/__pycache__/escsm.cpython-312.pyc
/opt/conda/lib/python3.12/site-packages/pip/_vendor/chardet/__pycache__/langhebrewmodel.cpython-312.pyc
/opt/conda/lib/python3.12/site-packages/pip/_vendor/chardet/__pycache__/johabfreq.cpython-312.pyc
/opt/conda/lib/python3.12/site-packages/pip/_vendor/chardet/__pycache__/euctwprober.cpython-312.pyc
/opt/conda/lib/python3.12/site-packages/pip/_vendor/chardet/__pycache__/johabprober.cpython-312.pyc
/opt/conda/lib/python3.12/site-packages/pip/_vendor/chardet/__pycache__/__init__.cpython-312.pyc
/opt/conda/lib/python3.12/site-packages/pip/_vendor/chardet/__pycache__/macromanprober.cpython-312.pyc
/opt/conda/lib/python3.12/site-packages/pip/_vendor/chardet/__pycache__/langbulgarianmodel.cpython-312.pyc
/opt/conda/lib/python3.12/site-packages/pip/_vendor/chardet/__pycache__/codingstatemachine.cpython-312.pyc
/opt/conda/lib/python3.12/site-packages/pip/_vendor/chardet/__pycache__/langturkishmodel.cpython-312.pyc
/opt/conda/lib/python3.12/site-packages/pip/_vendor/chardet/__pycache__/latin1prober.cpython-312.pyc
/opt/conda/lib/python3.12/site-packages/pip/_vendor/chardet/__pycache__/sjisprober.cpython-312.pyc
/opt/conda/lib/python3.12/site-packages/pip/_vendor/chardet/__pycache__/langhungarianmodel.cpython-312.pyc
/opt/conda/lib/python3.12/site-packages/pip/_vendor/chardet/__pycache__/eucjpprober.cpython-312.pyc
/opt/conda/lib/python3.12/site-packages/pip/_vendor/chardet/__pycache__/version.cpython-312.pyc
/opt/conda/lib/python3.12/site-packages/pip/_vendor/chardet/__pycache__/langrussianmodel.cpython-312.pyc
/opt/conda/lib/python3.12/site-packages/pip/_vendor/chardet/__pycache__/resultdict.cpython-312.pyc
/opt/conda/lib/python3.12/site-packages/pip/_vendor/chardet/__pycache__/mbcsgroupprober.cpython-312.pyc
/opt/conda/lib/python3.12/site-packages/pip/_vendor/chardet/__pycache__/euctwfreq.cpython-312.pyc
/opt/conda/lib/python3.12/site-packages/pip/_vendor/chardet/gb2312prober.py
/opt/conda/lib/python3.12/site-packages/pip/_vendor/chardet/enums.py
/opt/conda/lib/python3.12/site-packages/pip/_vendor/chardet/langhungarianmodel.py
/opt/conda/lib/python3.12/site-packages/pip/_vendor/chardet/latin1prober.py
/opt/conda/lib/python3.12/site-packages/pip/_vendor/chardet/cli
/opt/conda/lib/python3.12/site-packages/pip/_vendor/chardet/cli/__init__.py
/opt/conda/lib/python3.12/site-packages/pip/_vendor/chardet/cli/chardetect.py
/opt/conda/lib/python3.12/site-packages/pip/_vendor/chardet/cli/__pycache__
/opt/conda/lib/python3.12/site-packages/pip/_vendor/chardet/cli/__pycache__/chardetect.cpython-312.pyc
/opt/conda/lib/python3.12/site-packages/pip/_vendor/chardet/cli/__pycache__/__init__.cpython-312.pyc
/opt/conda/lib/python3.12/site-packages/pip/_vendor/chardet/euctwprober.py
/opt/conda/lib/python3.12/site-packages/pip/_vendor/chardet/eucjpprober.py
/opt/conda/lib/python3.12/site-packages/pip/_vendor/chardet/mbcsgroupprober.py
/opt/conda/lib/python3.12/site-packages/pip/_vendor/chardet/escprober.py
/opt/conda/lib/python3.12/site-packages/pip/_vendor/chardet/charsetgroupprober.py
/opt/conda/lib/python3.12/site-packages/pip/_vendor/chardet/langbulgarianmodel.py
/opt/conda/lib/python3.12/site-packages/pip/_vendor/chardet/euckrprober.py
/opt/conda/lib/python3.12/site-packages/pip/_vendor/platformdirs
/opt/conda/lib/python3.12/site-packages/pip/_vendor/platformdirs/android.py
/opt/conda/lib/python3.12/site-packages/pip/_vendor/platformdirs/__main__.py
/opt/conda/lib/python3.12/site-packages/pip/_vendor/platformdirs/__init__.py
/opt/conda/lib/python3.12/site-packages/pip/_vendor/platformdirs/py.typed
/opt/conda/lib/python3.12/site-packages/pip/_vendor/platformdirs/macos.py
/opt/conda/lib/python3.12/site-packages/pip/_vendor/platformdirs/windows.py
/opt/conda/lib/python3.12/site-packages/pip/_vendor/platformdirs/api.py
/opt/conda/lib/python3.12/site-packages/pip/_vendor/platformdirs/unix.py
/opt/conda/lib/python3.12/site-packages/pip/_vendor/platformdirs/version.py
/opt/conda/lib/python3.12/site-packages/pip/_vendor/platformdirs/__pycache__
/opt/conda/lib/python3.12/site-packages/pip/_vendor/platformdirs/__pycache__/api.cpython-312.pyc
/opt/conda/lib/python3.12/site-packages/pip/_vendor/platformdirs/__pycache__/unix.cpython-312.pyc
/opt/conda/lib/python3.12/site-packages/pip/_vendor/platformdirs/__pycache__/__init__.cpython-312.pyc
/opt/conda/lib/python3.12/site-packages/pip/_vendor/platformdirs/__pycache__/macos.cpython-312.pyc
/opt/conda/lib/python3.12/site-packages/pip/_vendor/platformdirs/__pycache__/version.cpython-312.pyc
/opt/conda/lib/python3.12/site-packages/pip/_vendor/platformdirs/__pycache__/android.cpython-312.pyc
/opt/conda/lib/python3.12/site-packages/pip/_vendor/platformdirs/__pycache__/windows.cpython-312.pyc
/opt/conda/lib/python3.12/site-packages/pip/_vendor/platformdirs/__pycache__/__main__.cpython-312.pyc
/opt/conda/lib/python3.12/site-packages/pip/_vendor/truststore
/opt/conda/lib/python3.12/site-packages/pip/_vendor/truststore/_ssl_constants.py
/opt/conda/lib/python3.12/site-packages/pip/_vendor/truststore/__init__.py
/opt/conda/lib/python3.12/site-packages/pip/_vendor/truststore/py.typed
/opt/conda/lib/python3.12/site-packages/pip/_vendor/truststore/_macos.py
/opt/conda/lib/python3.12/site-packages/pip/_vendor/truststore/_windows.py
/opt/conda/lib/python3.12/site-packages/pip/_vendor/truststore/_openssl.py
/opt/conda/lib/python3.12/site-packages/pip/_vendor/truststore/__pycache__
/opt/conda/lib/python3.12/site-packages/pip/_vendor/truststore/__pycache__/_api.cpython-312.pyc
/opt/conda/lib/python3.12/site-packages/pip/_vendor/truststore/__pycache__/_macos.cpython-312.pyc
/opt/conda/lib/python3.12/site-packages/pip/_vendor/truststore/__pycache__/_windows.cpython-312.pyc
/opt/conda/lib/python3.12/site-packages/pip/_vendor/truststore/__pycache__/__init__.cpython-312.pyc
/opt/conda/lib/python3.12/site-packages/pip/_vendor/truststore/__pycache__/_openssl.cpython-312.pyc
/opt/conda/lib/python3.12/site-packages/pip/_vendor/truststore/__pycache__/_ssl_constants.cpython-312.pyc
/opt/conda/lib/python3.12/site-packages/pip/_vendor/truststore/_api.py
/opt/conda/lib/python3.12/site-packages/pip/_vendor/rich
/opt/conda/lib/python3.12/site-packages/pip/_vendor/rich/__main__.py
/opt/conda/lib/python3.12/site-packages/pip/_vendor/rich/console.py
/opt/conda/lib/python3.12/site-packages/pip/_vendor/rich/diagnose.py
/opt/conda/lib/python3.12/site-packages/pip/_vendor/rich/_wrap.py
/opt/conda/lib/python3.12/site-packages/pip/_vendor/rich/progress_bar.py
/opt/conda/lib/python3.12/site-packages/pip/_vendor/rich/errors.py
/opt/conda/lib/python3.12/site-packages/pip/_vendor/rich/terminal_theme.py
/opt/conda/lib/python3.12/site-packages/pip/_vendor/rich/_windows_renderer.py
/opt/conda/lib/python3.12/site-packages/pip/_vendor/rich/ansi.py
/opt/conda/lib/python3.12/site-packages/pip/_vendor/rich/theme.py
/opt/conda/lib/python3.12/site-packages/pip/_vendor/rich/__init__.py
/opt/conda/lib/python3.12/site-packages/pip/_vendor/rich/_emoji_codes.py
/opt/conda/lib/python3.12/site-packages/pip/_vendor/rich/traceback.py
/opt/conda/lib/python3.12/site-packages/pip/_vendor/rich/constrain.py
/opt/conda/lib/python3.12/site-packages/pip/_vendor/rich/palette.py
/opt/conda/lib/python3.12/site-packages/pip/_vendor/rich/color_triplet.py
/opt/conda/lib/python3.12/site-packages/pip/_vendor/rich/_emoji_replace.py
/opt/conda/lib/python3.12/site-packages/pip/_vendor/rich/spinner.py
/opt/conda/lib/python3.12/site-packages/pip/_vendor/rich/json.py
/opt/conda/lib/python3.12/site-packages/pip/_vendor/rich/py.typed
/opt/conda/lib/python3.12/site-packages/pip/_vendor/rich/status.py
/opt/conda/lib/python3.12/site-packages/pip/_vendor/rich/padding.py
/opt/conda/lib/python3.12/site-packages/pip/_vendor/rich/scope.py
/opt/conda/lib/python3.12/site-packages/pip/_vendor/rich/table.py
/opt/conda/lib/python3.12/site-packages/pip/_vendor/rich/segment.py
/opt/conda/lib/python3.12/site-packages/pip/_vendor/rich/highlighter.py
/opt/conda/lib/python3.12/site-packages/pip/_vendor/rich/_null_file.py
/opt/conda/lib/python3.12/site-packages/pip/_vendor/rich/_fileno.py
/opt/conda/lib/python3.12/site-packages/pip/_vendor/rich/styled.py
/opt/conda/lib/python3.12/site-packages/pip/_vendor/rich/progress.py
/opt/conda/lib/python3.12/site-packages/pip/_vendor/rich/region.py
/opt/conda/lib/python3.12/site-packages/pip/_vendor/rich/_export_format.py
/opt/conda/lib/python3.12/site-packages/pip/_vendor/rich/columns.py
/opt/conda/lib/python3.12/site-packages/pip/_vendor/rich/abc.py
/opt/conda/lib/python3.12/site-packages/pip/_vendor/rich/_pick.py
/opt/conda/lib/python3.12/site-packages/pip/_vendor/rich/live_render.py
/opt/conda/lib/python3.12/site-packages/pip/_vendor/rich/align.py
/opt/conda/lib/python3.12/site-packages/pip/_vendor/rich/_windows.py
/opt/conda/lib/python3.12/site-packages/pip/_vendor/rich/_log_render.py
/opt/conda/lib/python3.12/site-packages/pip/_vendor/rich/box.py
/opt/conda/lib/python3.12/site-packages/pip/_vendor/rich/_extension.py
/opt/conda/lib/python3.12/site-packages/pip/_vendor/rich/layout.py
/opt/conda/lib/python3.12/site-packages/pip/_vendor/rich/logging.py
/opt/conda/lib/python3.12/site-packages/pip/_vendor/rich/screen.py
/opt/conda/lib/python3.12/site-packages/pip/_vendor/rich/color.py
/opt/conda/lib/python3.12/site-packages/pip/_vendor/rich/style.py
/opt/conda/lib/python3.12/site-packages/pip/_vendor/rich/rule.py
/opt/conda/lib/python3.12/site-packages/pip/_vendor/rich/syntax.py
/opt/conda/lib/python3.12/site-packages/pip/_vendor/rich/measure.py
/opt/conda/lib/python3.12/site-packages/pip/_vendor/rich/tree.py
/opt/conda/lib/python3.12/site-packages/pip/_vendor/rich/emoji.py
/opt/conda/lib/python3.12/site-packages/pip/_vendor/rich/cells.py
/opt/conda/lib/python3.12/site-packages/pip/_vendor/rich/_ratio.py
/opt/conda/lib/python3.12/site-packages/pip/_vendor/rich/jupyter.py
/opt/conda/lib/python3.12/site-packages/pip/_vendor/rich/filesize.py
/opt/conda/lib/python3.12/site-packages/pip/_vendor/rich/live.py
/opt/conda/lib/python3.12/site-packages/pip/_vendor/rich/text.py
/opt/conda/lib/python3.12/site-packages/pip/_vendor/rich/_palettes.py
/opt/conda/lib/python3.12/site-packages/pip/_vendor/rich/__pycache__
/opt/conda/lib/python3.12/site-packages/pip/_vendor/rich/__pycache__/palette.cpython-312.pyc
/opt/conda/lib/python3.12/site-packages/pip/_vendor/rich/__pycache__/_loop.cpython-312.pyc
/opt/conda/lib/python3.12/site-packages/pip/_vendor/rich/__pycache__/styled.cpython-312.pyc
/opt/conda/lib/python3.12/site-packages/pip/_vendor/rich/__pycache__/terminal_theme.cpython-312.pyc
/opt/conda/lib/python3.12/site-packages/pip/_vendor/rich/__pycache__/protocol.cpython-312.pyc
/opt/conda/lib/python3.12/site-packages/pip/_vendor/rich/__pycache__/errors.cpython-312.pyc
/opt/conda/lib/python3.12/site-packages/pip/_vendor/rich/__pycache__/_cell_widths.cpython-312.pyc
/opt/conda/lib/python3.12/site-packages/pip/_vendor/rich/__pycache__/_wrap.cpython-312.pyc
/opt/conda/lib/python3.12/site-packages/pip/_vendor/rich/__pycache__/text.cpython-312.pyc
/opt/conda/lib/python3.12/site-packages/pip/_vendor/rich/__pycache__/_windows_renderer.cpython-312.pyc
/opt/conda/lib/python3.12/site-packages/pip/_vendor/rich/__pycache__/_null_file.cpython-312.pyc
/opt/conda/lib/python3.12/site-packages/pip/_vendor/rich/__pycache__/themes.cpython-312.pyc
/opt/conda/lib/python3.12/site-packages/pip/_vendor/rich/__pycache__/cells.cpython-312.pyc
/opt/conda/lib/python3.12/site-packages/pip/_vendor/rich/__pycache__/layout.cpython-312.pyc
/opt/conda/lib/python3.12/site-packages/pip/_vendor/rich/__pycache__/_windows.cpython-312.pyc
/opt/conda/lib/python3.12/site-packages/pip/_vendor/rich/__pycache__/status.cpython-312.pyc
/opt/conda/lib/python3.12/site-packages/pip/_vendor/rich/__pycache__/_inspect.cpython-312.pyc
/opt/conda/lib/python3.12/site-packages/pip/_vendor/rich/__pycache__/markup.cpython-312.pyc
/opt/conda/lib/python3.12/site-packages/pip/_vendor/rich/__pycache__/scope.cpython-312.pyc
/opt/conda/lib/python3.12/site-packages/pip/_vendor/rich/__pycache__/_palettes.cpython-312.pyc
/opt/conda/lib/python3.12/site-packages/pip/_vendor/rich/__pycache__/tree.cpython-312.pyc
/opt/conda/lib/python3.12/site-packages/pip/_vendor/rich/__pycache__/region.cpython-312.pyc
/opt/conda/lib/python3.12/site-packages/pip/_vendor/rich/__pycache__/containers.cpython-312.pyc
/opt/conda/lib/python3.12/site-packages/pip/_vendor/rich/__pycache__/_fileno.cpython-312.pyc
/opt/conda/lib/python3.12/site-packages/pip/_vendor/rich/__pycache__/_pick.cpython-312.pyc
/opt/conda/lib/python3.12/site-packages/pip/_vendor/rich/__pycache__/columns.cpython-312.pyc
/opt/conda/lib/python3.12/site-packages/pip/_vendor/rich/__pycache__/panel.cpython-312.pyc
/opt/conda/lib/python3.12/site-packages/pip/_vendor/rich/__pycache__/spinner.cpython-312.pyc
/opt/conda/lib/python3.12/site-packages/pip/_vendor/rich/__pycache__/_timer.cpython-312.pyc
/opt/conda/lib/python3.12/site-packages/pip/_vendor/rich/__pycache__/_ratio.cpython-312.pyc
/opt/conda/lib/python3.12/site-packages/pip/_vendor/rich/__pycache__/_emoji_codes.cpython-312.pyc
/opt/conda/lib/python3.12/site-packages/pip/_vendor/rich/__pycache__/style.cpython-312.pyc
/opt/conda/lib/python3.12/site-packages/pip/_vendor/rich/__pycache__/file_proxy.cpython-312.pyc
/opt/conda/lib/python3.12/site-packages/pip/_vendor/rich/__pycache__/screen.cpython-312.pyc
/opt/conda/lib/python3.12/site-packages/pip/_vendor/rich/__pycache__/padding.cpython-312.pyc
/opt/conda/lib/python3.12/site-packages/pip/_vendor/rich/__pycache__/_stack.cpython-312.pyc
/opt/conda/lib/python3.12/site-packages/pip/_vendor/rich/__pycache__/progress_bar.cpython-312.pyc
/opt/conda/lib/python3.12/site-packages/pip/_vendor/rich/__pycache__/jupyter.cpython-312.pyc
/opt/conda/lib/python3.12/site-packages/pip/_vendor/rich/__pycache__/ansi.cpython-312.pyc
/opt/conda/lib/python3.12/site-packages/pip/_vendor/rich/__pycache__/_log_render.cpython-312.pyc
/opt/conda/lib/python3.12/site-packages/pip/_vendor/rich/__pycache__/bar.cpython-312.pyc
/opt/conda/lib/python3.12/site-packages/pip/_vendor/rich/__pycache__/rule.cpython-312.pyc
/opt/conda/lib/python3.12/site-packages/pip/_vendor/rich/__pycache__/box.cpython-312.pyc
/opt/conda/lib/python3.12/site-packages/pip/_vendor/rich/__pycache__/emoji.cpython-312.pyc
/opt/conda/lib/python3.12/site-packages/pip/_vendor/rich/__pycache__/align.cpython-312.pyc
/opt/conda/lib/python3.12/site-packages/pip/_vendor/rich/__pycache__/progress.cpython-312.pyc
/opt/conda/lib/python3.12/site-packages/pip/_vendor/rich/__pycache__/logging.cpython-312.pyc
/opt/conda/lib/python3.12/site-packages/pip/_vendor/rich/__pycache__/default_styles.cpython-312.pyc
/opt/conda/lib/python3.12/site-packages/pip/_vendor/rich/__pycache__/__init__.cpython-312.pyc
/opt/conda/lib/python3.12/site-packages/pip/_vendor/rich/__pycache__/prompt.cpython-312.pyc
/opt/conda/lib/python3.12/site-packages/pip/_vendor/rich/__pycache__/constrain.cpython-312.pyc
/opt/conda/lib/python3.12/site-packages/pip/_vendor/rich/__pycache__/_extension.cpython-312.pyc
/opt/conda/lib/python3.12/site-packages/pip/_vendor/rich/__pycache__/repr.cpython-312.pyc
/opt/conda/lib/python3.12/site-packages/pip/_vendor/rich/__pycache__/traceback.cpython-312.pyc
/opt/conda/lib/python3.12/site-packages/pip/_vendor/rich/__pycache__/diagnose.cpython-312.pyc
/opt/conda/lib/python3.12/site-packages/pip/_vendor/rich/__pycache__/_export_format.cpython-312.pyc
/opt/conda/lib/python3.12/site-packages/pip/_vendor/rich/__pycache__/live.cpython-312.pyc
/opt/conda/lib/python3.12/site-packages/pip/_vendor/rich/__pycache__/syntax.cpython-312.pyc
/opt/conda/lib/python3.12/site-packages/pip/_vendor/rich/__pycache__/table.cpython-312.pyc
/opt/conda/lib/python3.12/site-packages/pip/_vendor/rich/__pycache__/_emoji_replace.cpython-312.pyc
/opt/conda/lib/python3.12/site-packages/pip/_vendor/rich/__pycache__/highlighter.cpython-312.pyc
/opt/conda/lib/python3.12/site-packages/pip/_vendor/rich/__pycache__/filesize.cpython-312.pyc
/opt/conda/lib/python3.12/site-packages/pip/_vendor/rich/__pycache__/_win32_console.cpython-312.pyc
/opt/conda/lib/python3.12/site-packages/pip/_vendor/rich/__pycache__/measure.cpython-312.pyc
/opt/conda/lib/python3.12/site-packages/pip/_vendor/rich/__pycache__/live_render.cpython-312.pyc
/opt/conda/lib/python3.12/site-packages/pip/_vendor/rich/__pycache__/pager.cpython-312.pyc
/opt/conda/lib/python3.12/site-packages/pip/_vendor/rich/__pycache__/console.cpython-312.pyc
/opt/conda/lib/python3.12/site-packages/pip/_vendor/rich/__pycache__/control.cpython-312.pyc
/opt/conda/lib/python3.12/site-packages/pip/_vendor/rich/__pycache__/segment.cpython-312.pyc
/opt/conda/lib/python3.12/site-packages/pip/_vendor/rich/__pycache__/theme.cpython-312.pyc
/opt/conda/lib/python3.12/site-packages/pip/_vendor/rich/__pycache__/pretty.cpython-312.pyc
/opt/conda/lib/python3.12/site-packages/pip/_vendor/rich/__pycache__/abc.cpython-312.pyc
/opt/conda/lib/python3.12/site-packages/pip/_vendor/rich/__pycache__/json.cpython-312.pyc
/opt/conda/lib/python3.12/site-packages/pip/_vendor/rich/__pycache__/color_triplet.cpython-312.pyc
/opt/conda/lib/python3.12/site-packages/pip/_vendor/rich/__pycache__/_spinners.cpython-312.pyc
/opt/conda/lib/python3.12/site-packages/pip/_vendor/rich/__pycache__/color.cpython-312.pyc
/opt/conda/lib/python3.12/site-packages/pip/_vendor/rich/__pycache__/__main__.cpython-312.pyc
/opt/conda/lib/python3.12/site-packages/pip/_vendor/rich/protocol.py
/opt/conda/lib/python3.12/site-packages/pip/_vendor/rich/_stack.py
/opt/conda/lib/python3.12/site-packages/pip/_vendor/rich/_win32_console.py
/opt/conda/lib/python3.12/site-packages/pip/_vendor/rich/_timer.py
/opt/conda/lib/python3.12/site-packages/pip/_vendor/rich/panel.py
/opt/conda/lib/python3.12/site-packages/pip/_vendor/rich/control.py
/opt/conda/lib/python3.12/site-packages/pip/_vendor/rich/markup.py
/opt/conda/lib/python3.12/site-packages/pip/_vendor/rich/file_proxy.py
/opt/conda/lib/python3.12/site-packages/pip/_vendor/rich/themes.py
/opt/conda/lib/python3.12/site-packages/pip/_vendor/rich/prompt.py
/opt/conda/lib/python3.12/site-packages/pip/_vendor/rich/_spinners.py
/opt/conda/lib/python3.12/site-packages/pip/_vendor/rich/_cell_widths.py
/opt/conda/lib/python3.12/site-packages/pip/_vendor/rich/pager.py
/opt/conda/lib/python3.12/site-packages/pip/_vendor/rich/_inspect.py
/opt/conda/lib/python3.12/site-packages/pip/_vendor/rich/pretty.py
/opt/conda/lib/python3.12/site-packages/pip/_vendor/rich/bar.py
/opt/conda/lib/python3.12/site-packages/pip/_vendor/rich/repr.py
/opt/conda/lib/python3.12/site-packages/pip/_vendor/rich/default_styles.py
/opt/conda/lib/python3.12/site-packages/pip/_vendor/rich/_loop.py
/opt/conda/lib/python3.12/site-packages/pip/_vendor/rich/containers.py
/opt/conda/lib/python3.12/site-packages/pip/_vendor/msgpack
/opt/conda/lib/python3.12/site-packages/pip/_vendor/msgpack/__init__.py
/opt/conda/lib/python3.12/site-packages/pip/_vendor/msgpack/fallback.py
/opt/conda/lib/python3.12/site-packages/pip/_vendor/msgpack/__pycache__
/opt/conda/lib/python3.12/site-packages/pip/_vendor/msgpack/__pycache__/fallback.cpython-312.pyc
/opt/conda/lib/python3.12/site-packages/pip/_vendor/msgpack/__pycache__/__init__.cpython-312.pyc
/opt/conda/lib/python3.12/site-packages/pip/_vendor/msgpack/__pycache__/exceptions.cpython-312.pyc
/opt/conda/lib/python3.12/site-packages/pip/_vendor/msgpack/__pycache__/ext.cpython-312.pyc
/opt/conda/lib/python3.12/site-packages/pip/_vendor/msgpack/ext.py
/opt/conda/lib/python3.12/site-packages/pip/_vendor/msgpack/exceptions.py
/opt/conda/lib/python3.12/site-packages/pip/__init__.py
/opt/conda/lib/python3.12/site-packages/pip/__pip-runner__.py
/opt/conda/lib/python3.12/site-packages/pip/py.typed
/opt/conda/lib/python3.12/site-packages/pip/__pycache__
/opt/conda/lib/python3.12/site-packages/pip/__pycache__/__pip-runner__.cpython-312.pyc
/opt/conda/lib/python3.12/site-packages/pip/__pycache__/__init__.cpython-312.pyc
/opt/conda/lib/python3.12/site-packages/pip/__pycache__/__main__.cpython-312.pyc
/opt/conda/lib/python3.12/site-packages/pip/_internal
/opt/conda/lib/python3.12/site-packages/pip/_internal/wheel_builder.py
/opt/conda/lib/python3.12/site-packages/pip/_internal/resolution
/opt/conda/lib/python3.12/site-packages/pip/_internal/resolution/__init__.py
/opt/conda/lib/python3.12/site-packages/pip/_internal/resolution/resolvelib
/opt/conda/lib/python3.12/site-packages/pip/_internal/resolution/resolvelib/__init__.py
/opt/conda/lib/python3.12/site-packages/pip/_internal/resolution/resolvelib/requirements.py
/opt/conda/lib/python3.12/site-packages/pip/_internal/resolution/resolvelib/candidates.py
/opt/conda/lib/python3.12/site-packages/pip/_internal/resolution/resolvelib/found_candidates.py
/opt/conda/lib/python3.12/site-packages/pip/_internal/resolution/resolvelib/base.py
/opt/conda/lib/python3.12/site-packages/pip/_internal/resolution/resolvelib/factory.py
/opt/conda/lib/python3.12/site-packages/pip/_internal/resolution/resolvelib/__pycache__
/opt/conda/lib/python3.12/site-packages/pip/_internal/resolution/resolvelib/__pycache__/resolver.cpython-312.pyc
/opt/conda/lib/python3.12/site-packages/pip/_internal/resolution/resolvelib/__pycache__/requirements.cpython-312.pyc
/opt/conda/lib/python3.12/site-packages/pip/_internal/resolution/resolvelib/__pycache__/base.cpython-312.pyc
/opt/conda/lib/python3.12/site-packages/pip/_internal/resolution/resolvelib/__pycache__/found_candidates.cpython-312.pyc
/opt/conda/lib/python3.12/site-packages/pip/_internal/resolution/resolvelib/__pycache__/__init__.cpython-312.pyc
/opt/conda/lib/python3.12/site-packages/pip/_internal/resolution/resolvelib/__pycache__/provider.cpython-312.pyc
/opt/conda/lib/python3.12/site-packages/pip/_internal/resolution/resolvelib/__pycache__/reporter.cpython-312.pyc
/opt/conda/lib/python3.12/site-packages/pip/_internal/resolution/resolvelib/__pycache__/candidates.cpython-312.pyc
/opt/conda/lib/python3.12/site-packages/pip/_internal/resolution/resolvelib/__pycache__/factory.cpython-312.pyc
/opt/conda/lib/python3.12/site-packages/pip/_internal/resolution/resolvelib/reporter.py
/opt/conda/lib/python3.12/site-packages/pip/_internal/resolution/resolvelib/resolver.py
/opt/conda/lib/python3.12/site-packages/pip/_internal/resolution/resolvelib/provider.py
/opt/conda/lib/python3.12/site-packages/pip/_internal/resolution/legacy
/opt/conda/lib/python3.12/site-packages/pip/_internal/resolution/legacy/__init__.py
/opt/conda/lib/python3.12/site-packages/pip/_internal/resolution/legacy/__pycache__
/opt/conda/lib/python3.12/site-packages/pip/_internal/resolution/legacy/__pycache__/resolver.cpython-312.pyc
/opt/conda/lib/python3.12/site-packages/pip/_internal/resolution/legacy/__pycache__/__init__.cpython-312.pyc
/opt/conda/lib/python3.12/site-packages/pip/_internal/resolution/legacy/resolver.py
/opt/conda/lib/python3.12/site-packages/pip/_internal/resolution/base.py
/opt/conda/lib/python3.12/site-packages/pip/_internal/resolution/__pycache__
/opt/conda/lib/python3.12/site-packages/pip/_internal/resolution/__pycache__/base.cpython-312.pyc
/opt/conda/lib/python3.12/site-packages/pip/_internal/resolution/__pycache__/__init__.cpython-312.pyc
/opt/conda/lib/python3.12/site-packages/pip/_internal/cache.py
/opt/conda/lib/python3.12/site-packages/pip/_internal/__init__.py
/opt/conda/lib/python3.12/site-packages/pip/_internal/main.py
/opt/conda/lib/python3.12/site-packages/pip/_internal/pyproject.py
/opt/conda/lib/python3.12/site-packages/pip/_internal/commands
/opt/conda/lib/python3.12/site-packages/pip/_internal/commands/check.py
/opt/conda/lib/python3.12/site-packages/pip/_internal/commands/cache.py
/opt/conda/lib/python3.12/site-packages/pip/_internal/commands/__init__.py
/opt/conda/lib/python3.12/site-packages/pip/_internal/commands/show.py
/opt/conda/lib/python3.12/site-packages/pip/_internal/commands/help.py
/opt/conda/lib/python3.12/site-packages/pip/_internal/commands/debug.py
/opt/conda/lib/python3.12/site-packages/pip/_internal/commands/list.py
/opt/conda/lib/python3.12/site-packages/pip/_internal/commands/hash.py
/opt/conda/lib/python3.12/site-packages/pip/_internal/commands/uninstall.py
/opt/conda/lib/python3.12/site-packages/pip/_internal/commands/freeze.py
/opt/conda/lib/python3.12/site-packages/pip/_internal/commands/configuration.py
/opt/conda/lib/python3.12/site-packages/pip/_internal/commands/wheel.py
/opt/conda/lib/python3.12/site-packages/pip/_internal/commands/completion.py
/opt/conda/lib/python3.12/site-packages/pip/_internal/commands/inspect.py
/opt/conda/lib/python3.12/site-packages/pip/_internal/commands/__pycache__
/opt/conda/lib/python3.12/site-packages/pip/_internal/commands/__pycache__/configuration.cpython-312.pyc
/opt/conda/lib/python3.12/site-packages/pip/_internal/commands/__pycache__/help.cpython-312.pyc
/opt/conda/lib/python3.12/site-packages/pip/_internal/commands/__pycache__/index.cpython-312.pyc
/opt/conda/lib/python3.12/site-packages/pip/_internal/commands/__pycache__/wheel.cpython-312.pyc
/opt/conda/lib/python3.12/site-packages/pip/_internal/commands/__pycache__/debug.cpython-312.pyc
/opt/conda/lib/python3.12/site-packages/pip/_internal/commands/__pycache__/install.cpython-312.pyc
/opt/conda/lib/python3.12/site-packages/pip/_internal/commands/__pycache__/cache.cpython-312.pyc
/opt/conda/lib/python3.12/site-packages/pip/_internal/commands/__pycache__/uninstall.cpython-312.pyc
/opt/conda/lib/python3.12/site-packages/pip/_internal/commands/__pycache__/__init__.cpython-312.pyc
/opt/conda/lib/python3.12/site-packages/pip/_internal/commands/__pycache__/show.cpython-312.pyc
/opt/conda/lib/python3.12/site-packages/pip/_internal/commands/__pycache__/search.cpython-312.pyc
/opt/conda/lib/python3.12/site-packages/pip/_internal/commands/__pycache__/freeze.cpython-312.pyc
/opt/conda/lib/python3.12/site-packages/pip/_internal/commands/__pycache__/hash.cpython-312.pyc
/opt/conda/lib/python3.12/site-packages/pip/_internal/commands/__pycache__/download.cpython-312.pyc
/opt/conda/lib/python3.12/site-packages/pip/_internal/commands/__pycache__/completion.cpython-312.pyc
/opt/conda/lib/python3.12/site-packages/pip/_internal/commands/__pycache__/inspect.cpython-312.pyc
/opt/conda/lib/python3.12/site-packages/pip/_internal/commands/__pycache__/check.cpython-312.pyc
/opt/conda/lib/python3.12/site-packages/pip/_internal/commands/__pycache__/list.cpython-312.pyc
/opt/conda/lib/python3.12/site-packages/pip/_internal/commands/index.py
/opt/conda/lib/python3.12/site-packages/pip/_internal/commands/search.py
/opt/conda/lib/python3.12/site-packages/pip/_internal/commands/install.py
/opt/conda/lib/python3.12/site-packages/pip/_internal/commands/download.py
/opt/conda/lib/python3.12/site-packages/pip/_internal/req
/opt/conda/lib/python3.12/site-packages/pip/_internal/req/req_uninstall.py
/opt/conda/lib/python3.12/site-packages/pip/_internal/req/__init__.py
/opt/conda/lib/python3.12/site-packages/pip/_internal/req/req_set.py
/opt/conda/lib/python3.12/site-packages/pip/_internal/req/constructors.py
/opt/conda/lib/python3.12/site-packages/pip/_internal/req/req_install.py
/opt/conda/lib/python3.12/site-packages/pip/_internal/req/__pycache__
/opt/conda/lib/python3.12/site-packages/pip/_internal/req/__pycache__/req_uninstall.cpython-312.pyc
/opt/conda/lib/python3.12/site-packages/pip/_internal/req/__pycache__/constructors.cpython-312.pyc
/opt/conda/lib/python3.12/site-packages/pip/_internal/req/__pycache__/req_file.cpython-312.pyc
/opt/conda/lib/python3.12/site-packages/pip/_internal/req/__pycache__/req_install.cpython-312.pyc
/opt/conda/lib/python3.12/site-packages/pip/_internal/req/__pycache__/__init__.cpython-312.pyc
/opt/conda/lib/python3.12/site-packages/pip/_internal/req/__pycache__/req_set.cpython-312.pyc
/opt/conda/lib/python3.12/site-packages/pip/_internal/req/req_file.py
/opt/conda/lib/python3.12/site-packages/pip/_internal/utils
/opt/conda/lib/python3.12/site-packages/pip/_internal/utils/filetypes.py
/opt/conda/lib/python3.12/site-packages/pip/_internal/utils/models.py
/opt/conda/lib/python3.12/site-packages/pip/_internal/utils/appdirs.py
/opt/conda/lib/python3.12/site-packages/pip/_internal/utils/packaging.py
/opt/conda/lib/python3.12/site-packages/pip/_internal/utils/__init__.py
/opt/conda/lib/python3.12/site-packages/pip/_internal/utils/deprecation.py
/opt/conda/lib/python3.12/site-packages/pip/_internal/utils/compat.py
/opt/conda/lib/python3.12/site-packages/pip/_internal/utils/entrypoints.py
/opt/conda/lib/python3.12/site-packages/pip/_internal/utils/_jaraco_text.py
/opt/conda/lib/python3.12/site-packages/pip/_internal/utils/unpacking.py
/opt/conda/lib/python3.12/site-packages/pip/_internal/utils/compatibility_tags.py
/opt/conda/lib/python3.12/site-packages/pip/_internal/utils/direct_url_helpers.py
/opt/conda/lib/python3.12/site-packages/pip/_internal/utils/misc.py
/opt/conda/lib/python3.12/site-packages/pip/_internal/utils/glibc.py
/opt/conda/lib/python3.12/site-packages/pip/_internal/utils/filesystem.py
/opt/conda/lib/python3.12/site-packages/pip/_internal/utils/logging.py
/opt/conda/lib/python3.12/site-packages/pip/_internal/utils/wheel.py
/opt/conda/lib/python3.12/site-packages/pip/_internal/utils/subprocess.py
/opt/conda/lib/python3.12/site-packages/pip/_internal/utils/__pycache__
/opt/conda/lib/python3.12/site-packages/pip/_internal/utils/__pycache__/urls.cpython-312.pyc
/opt/conda/lib/python3.12/site-packages/pip/_internal/utils/__pycache__/datetime.cpython-312.pyc
/opt/conda/lib/python3.12/site-packages/pip/_internal/utils/__pycache__/egg_link.cpython-312.pyc
/opt/conda/lib/python3.12/site-packages/pip/_internal/utils/__pycache__/unpacking.cpython-312.pyc
/opt/conda/lib/python3.12/site-packages/pip/_internal/utils/__pycache__/misc.cpython-312.pyc
/opt/conda/lib/python3.12/site-packages/pip/_internal/utils/__pycache__/temp_dir.cpython-312.pyc
/opt/conda/lib/python3.12/site-packages/pip/_internal/utils/__pycache__/virtualenv.cpython-312.pyc
/opt/conda/lib/python3.12/site-packages/pip/_internal/utils/__pycache__/encoding.cpython-312.pyc
/opt/conda/lib/python3.12/site-packages/pip/_internal/utils/__pycache__/glibc.cpython-312.pyc
/opt/conda/lib/python3.12/site-packages/pip/_internal/utils/__pycache__/entrypoints.cpython-312.pyc
/opt/conda/lib/python3.12/site-packages/pip/_internal/utils/__pycache__/setuptools_build.cpython-312.pyc
/opt/conda/lib/python3.12/site-packages/pip/_internal/utils/__pycache__/wheel.cpython-312.pyc
/opt/conda/lib/python3.12/site-packages/pip/_internal/utils/__pycache__/appdirs.cpython-312.pyc
/opt/conda/lib/python3.12/site-packages/pip/_internal/utils/__pycache__/filesystem.cpython-312.pyc
/opt/conda/lib/python3.12/site-packages/pip/_internal/utils/__pycache__/compatibility_tags.cpython-312.pyc
/opt/conda/lib/python3.12/site-packages/pip/_internal/utils/__pycache__/packaging.cpython-312.pyc
/opt/conda/lib/python3.12/site-packages/pip/_internal/utils/__pycache__/_log.cpython-312.pyc
/opt/conda/lib/python3.12/site-packages/pip/_internal/utils/__pycache__/deprecation.cpython-312.pyc
/opt/conda/lib/python3.12/site-packages/pip/_internal/utils/__pycache__/logging.cpython-312.pyc
/opt/conda/lib/python3.12/site-packages/pip/_internal/utils/__pycache__/__init__.cpython-312.pyc
/opt/conda/lib/python3.12/site-packages/pip/_internal/utils/__pycache__/_jaraco_text.cpython-312.pyc
/opt/conda/lib/python3.12/site-packages/pip/_internal/utils/__pycache__/compat.cpython-312.pyc
/opt/conda/lib/python3.12/site-packages/pip/_internal/utils/__pycache__/filetypes.cpython-312.pyc
/opt/conda/lib/python3.12/site-packages/pip/_internal/utils/__pycache__/direct_url_helpers.cpython-312.pyc
/opt/conda/lib/python3.12/site-packages/pip/_internal/utils/__pycache__/models.cpython-312.pyc
/opt/conda/lib/python3.12/site-packages/pip/_internal/utils/__pycache__/hashes.cpython-312.pyc
/opt/conda/lib/python3.12/site-packages/pip/_internal/utils/__pycache__/subprocess.cpython-312.pyc
/opt/conda/lib/python3.12/site-packages/pip/_internal/utils/encoding.py
/opt/conda/lib/python3.12/site-packages/pip/_internal/utils/temp_dir.py
/opt/conda/lib/python3.12/site-packages/pip/_internal/utils/virtualenv.py
/opt/conda/lib/python3.12/site-packages/pip/_internal/utils/urls.py
/opt/conda/lib/python3.12/site-packages/pip/_internal/utils/hashes.py
/opt/conda/lib/python3.12/site-packages/pip/_internal/utils/_log.py
/opt/conda/lib/python3.12/site-packages/pip/_internal/utils/egg_link.py
/opt/conda/lib/python3.12/site-packages/pip/_internal/utils/setuptools_build.py
/opt/conda/lib/python3.12/site-packages/pip/_internal/utils/datetime.py
/opt/conda/lib/python3.12/site-packages/pip/_internal/metadata
/opt/conda/lib/python3.12/site-packages/pip/_internal/metadata/__init__.py
/opt/conda/lib/python3.12/site-packages/pip/_internal/metadata/_json.py
/opt/conda/lib/python3.12/site-packages/pip/_internal/metadata/pkg_resources.py
/opt/conda/lib/python3.12/site-packages/pip/_internal/metadata/base.py
/opt/conda/lib/python3.12/site-packages/pip/_internal/metadata/__pycache__
/opt/conda/lib/python3.12/site-packages/pip/_internal/metadata/__pycache__/_json.cpython-312.pyc
/opt/conda/lib/python3.12/site-packages/pip/_internal/metadata/__pycache__/base.cpython-312.pyc
/opt/conda/lib/python3.12/site-packages/pip/_internal/metadata/__pycache__/__init__.cpython-312.pyc
/opt/conda/lib/python3.12/site-packages/pip/_internal/metadata/__pycache__/pkg_resources.cpython-312.pyc
/opt/conda/lib/python3.12/site-packages/pip/_internal/metadata/importlib
/opt/conda/lib/python3.12/site-packages/pip/_internal/metadata/importlib/__init__.py
/opt/conda/lib/python3.12/site-packages/pip/_internal/metadata/importlib/__pycache__
/opt/conda/lib/python3.12/site-packages/pip/_internal/metadata/importlib/__pycache__/_envs.cpython-312.pyc
/opt/conda/lib/python3.12/site-packages/pip/_internal/metadata/importlib/__pycache__/_dists.cpython-312.pyc
/opt/conda/lib/python3.12/site-packages/pip/_internal/metadata/importlib/__pycache__/__init__.cpython-312.pyc
/opt/conda/lib/python3.12/site-packages/pip/_internal/metadata/importlib/__pycache__/_compat.cpython-312.pyc
/opt/conda/lib/python3.12/site-packages/pip/_internal/metadata/importlib/_compat.py
/opt/conda/lib/python3.12/site-packages/pip/_internal/metadata/importlib/_envs.py
/opt/conda/lib/python3.12/site-packages/pip/_internal/metadata/importlib/_dists.py
/opt/conda/lib/python3.12/site-packages/pip/_internal/configuration.py
/opt/conda/lib/python3.12/site-packages/pip/_internal/vcs
/opt/conda/lib/python3.12/site-packages/pip/_internal/vcs/versioncontrol.py
/opt/conda/lib/python3.12/site-packages/pip/_internal/vcs/__init__.py
/opt/conda/lib/python3.12/site-packages/pip/_internal/vcs/mercurial.py
/opt/conda/lib/python3.12/site-packages/pip/_internal/vcs/bazaar.py
/opt/conda/lib/python3.12/site-packages/pip/_internal/vcs/__pycache__
/opt/conda/lib/python3.12/site-packages/pip/_internal/vcs/__pycache__/subversion.cpython-312.pyc
/opt/conda/lib/python3.12/site-packages/pip/_internal/vcs/__pycache__/git.cpython-312.pyc
/opt/conda/lib/python3.12/site-packages/pip/_internal/vcs/__pycache__/mercurial.cpython-312.pyc
/opt/conda/lib/python3.12/site-packages/pip/_internal/vcs/__pycache__/__init__.cpython-312.pyc
/opt/conda/lib/python3.12/site-packages/pip/_internal/vcs/__pycache__/bazaar.cpython-312.pyc
/opt/conda/lib/python3.12/site-packages/pip/_internal/vcs/__pycache__/versioncontrol.cpython-312.pyc
/opt/conda/lib/python3.12/site-packages/pip/_internal/vcs/subversion.py
/opt/conda/lib/python3.12/site-packages/pip/_internal/vcs/git.py
/opt/conda/lib/python3.12/site-packages/pip/_internal/index
/opt/conda/lib/python3.12/site-packages/pip/_internal/index/package_finder.py
/opt/conda/lib/python3.12/site-packages/pip/_internal/index/__init__.py
/opt/conda/lib/python3.12/site-packages/pip/_internal/index/sources.py
/opt/conda/lib/python3.12/site-packages/pip/_internal/index/__pycache__
/opt/conda/lib/python3.12/site-packages/pip/_internal/index/__pycache__/collector.cpython-312.pyc
/opt/conda/lib/python3.12/site-packages/pip/_internal/index/__pycache__/sources.cpython-312.pyc
/opt/conda/lib/python3.12/site-packages/pip/_internal/index/__pycache__/package_finder.cpython-312.pyc
/opt/conda/lib/python3.12/site-packages/pip/_internal/index/__pycache__/__init__.cpython-312.pyc
/opt/conda/lib/python3.12/site-packages/pip/_internal/index/collector.py
/opt/conda/lib/python3.12/site-packages/pip/_internal/locations
/opt/conda/lib/python3.12/site-packages/pip/_internal/locations/__init__.py
/opt/conda/lib/python3.12/site-packages/pip/_internal/locations/_distutils.py
/opt/conda/lib/python3.12/site-packages/pip/_internal/locations/_sysconfig.py
/opt/conda/lib/python3.12/site-packages/pip/_internal/locations/base.py
/opt/conda/lib/python3.12/site-packages/pip/_internal/locations/__pycache__
/opt/conda/lib/python3.12/site-packages/pip/_internal/locations/__pycache__/base.cpython-312.pyc
/opt/conda/lib/python3.12/site-packages/pip/_internal/locations/__pycache__/_sysconfig.cpython-312.pyc
/opt/conda/lib/python3.12/site-packages/pip/_internal/locations/__pycache__/__init__.cpython-312.pyc
/opt/conda/lib/python3.12/site-packages/pip/_internal/locations/__pycache__/_distutils.cpython-312.pyc
/opt/conda/lib/python3.12/site-packages/pip/_internal/self_outdated_check.py
/opt/conda/lib/python3.12/site-packages/pip/_internal/network
/opt/conda/lib/python3.12/site-packages/pip/_internal/network/session.py
/opt/conda/lib/python3.12/site-packages/pip/_internal/network/cache.py
/opt/conda/lib/python3.12/site-packages/pip/_internal/network/__init__.py
/opt/conda/lib/python3.12/site-packages/pip/_internal/network/xmlrpc.py
/opt/conda/lib/python3.12/site-packages/pip/_internal/network/lazy_wheel.py
/opt/conda/lib/python3.12/site-packages/pip/_internal/network/utils.py
/opt/conda/lib/python3.12/site-packages/pip/_internal/network/__pycache__
/opt/conda/lib/python3.12/site-packages/pip/_internal/network/__pycache__/lazy_wheel.cpython-312.pyc
/opt/conda/lib/python3.12/site-packages/pip/_internal/network/__pycache__/auth.cpython-312.pyc
/opt/conda/lib/python3.12/site-packages/pip/_internal/network/__pycache__/xmlrpc.cpython-312.pyc
/opt/conda/lib/python3.12/site-packages/pip/_internal/network/__pycache__/cache.cpython-312.pyc
/opt/conda/lib/python3.12/site-packages/pip/_internal/network/__pycache__/__init__.cpython-312.pyc
/opt/conda/lib/python3.12/site-packages/pip/_internal/network/__pycache__/utils.cpython-312.pyc
/opt/conda/lib/python3.12/site-packages/pip/_internal/network/__pycache__/session.cpython-312.pyc
/opt/conda/lib/python3.12/site-packages/pip/_internal/network/__pycache__/download.cpython-312.pyc
/opt/conda/lib/python3.12/site-packages/pip/_internal/network/auth.py
/opt/conda/lib/python3.12/site-packages/pip/_internal/network/download.py
/opt/conda/lib/python3.12/site-packages/pip/_internal/operations
/opt/conda/lib/python3.12/site-packages/pip/_internal/operations/check.py
/opt/conda/lib/python3.12/site-packages/pip/_internal/operations/__init__.py
/opt/conda/lib/python3.12/site-packages/pip/_internal/operations/build
/opt/conda/lib/python3.12/site-packages/pip/_internal/operations/build/__init__.py
/opt/conda/lib/python3.12/site-packages/pip/_internal/operations/build/wheel_legacy.py
/opt/conda/lib/python3.12/site-packages/pip/_internal/operations/build/metadata_editable.py
/opt/conda/lib/python3.12/site-packages/pip/_internal/operations/build/wheel_editable.py
/opt/conda/lib/python3.12/site-packages/pip/_internal/operations/build/metadata.py
/opt/conda/lib/python3.12/site-packages/pip/_internal/operations/build/wheel.py
/opt/conda/lib/python3.12/site-packages/pip/_internal/operations/build/build_tracker.py
/opt/conda/lib/python3.12/site-packages/pip/_internal/operations/build/__pycache__
/opt/conda/lib/python3.12/site-packages/pip/_internal/operations/build/__pycache__/wheel_editable.cpython-312.pyc
/opt/conda/lib/python3.12/site-packages/pip/_internal/operations/build/__pycache__/metadata.cpython-312.pyc
/opt/conda/lib/python3.12/site-packages/pip/_internal/operations/build/__pycache__/metadata_editable.cpython-312.pyc
/opt/conda/lib/python3.12/site-packages/pip/_internal/operations/build/__pycache__/wheel.cpython-312.pyc
/opt/conda/lib/python3.12/site-packages/pip/_internal/operations/build/__pycache__/build_tracker.cpython-312.pyc
/opt/conda/lib/python3.12/site-packages/pip/_internal/operations/build/__pycache__/wheel_legacy.cpython-312.pyc
/opt/conda/lib/python3.12/site-packages/pip/_internal/operations/build/__pycache__/metadata_legacy.cpython-312.pyc
/opt/conda/lib/python3.12/site-packages/pip/_internal/operations/build/__pycache__/__init__.cpython-312.pyc
/opt/conda/lib/python3.12/site-packages/pip/_internal/operations/build/metadata_legacy.py
/opt/conda/lib/python3.12/site-packages/pip/_internal/operations/freeze.py
/opt/conda/lib/python3.12/site-packages/pip/_internal/operations/prepare.py
/opt/conda/lib/python3.12/site-packages/pip/_internal/operations/__pycache__
/opt/conda/lib/python3.12/site-packages/pip/_internal/operations/__pycache__/prepare.cpython-312.pyc
/opt/conda/lib/python3.12/site-packages/pip/_internal/operations/__pycache__/__init__.cpython-312.pyc
/opt/conda/lib/python3.12/site-packages/pip/_internal/operations/__pycache__/freeze.cpython-312.pyc
/opt/conda/lib/python3.12/site-packages/pip/_internal/operations/__pycache__/check.cpython-312.pyc
/opt/conda/lib/python3.12/site-packages/pip/_internal/operations/install
/opt/conda/lib/python3.12/site-packages/pip/_internal/operations/install/__init__.py
/opt/conda/lib/python3.12/site-packages/pip/_internal/operations/install/wheel.py
/opt/conda/lib/python3.12/site-packages/pip/_internal/operations/install/__pycache__
/opt/conda/lib/python3.12/site-packages/pip/_internal/operations/install/__pycache__/wheel.cpython-312.pyc
/opt/conda/lib/python3.12/site-packages/pip/_internal/operations/install/__pycache__/editable_legacy.cpython-312.pyc
/opt/conda/lib/python3.12/site-packages/pip/_internal/operations/install/__pycache__/__init__.cpython-312.pyc
/opt/conda/lib/python3.12/site-packages/pip/_internal/operations/install/editable_legacy.py
/opt/conda/lib/python3.12/site-packages/pip/_internal/__pycache__
/opt/conda/lib/python3.12/site-packages/pip/_internal/__pycache__/configuration.cpython-312.pyc
/opt/conda/lib/python3.12/site-packages/pip/_internal/__pycache__/build_env.cpython-312.pyc
/opt/conda/lib/python3.12/site-packages/pip/_internal/__pycache__/self_outdated_check.cpython-312.pyc
/opt/conda/lib/python3.12/site-packages/pip/_internal/__pycache__/cache.cpython-312.pyc
/opt/conda/lib/python3.12/site-packages/pip/_internal/__pycache__/__init__.cpython-312.pyc
/opt/conda/lib/python3.12/site-packages/pip/_internal/__pycache__/wheel_builder.cpython-312.pyc
/opt/conda/lib/python3.12/site-packages/pip/_internal/__pycache__/pyproject.cpython-312.pyc
/opt/conda/lib/python3.12/site-packages/pip/_internal/__pycache__/main.cpython-312.pyc
/opt/conda/lib/python3.12/site-packages/pip/_internal/__pycache__/exceptions.cpython-312.pyc
/opt/conda/lib/python3.12/site-packages/pip/_internal/build_env.py
/opt/conda/lib/python3.12/site-packages/pip/_internal/cli
/opt/conda/lib/python3.12/site-packages/pip/_internal/cli/progress_bars.py
/opt/conda/lib/python3.12/site-packages/pip/_internal/cli/__init__.py
/opt/conda/lib/python3.12/site-packages/pip/_internal/cli/main.py
/opt/conda/lib/python3.12/site-packages/pip/_internal/cli/req_command.py
/opt/conda/lib/python3.12/site-packages/pip/_internal/cli/cmdoptions.py
/opt/conda/lib/python3.12/site-packages/pip/_internal/cli/parser.py
/opt/conda/lib/python3.12/site-packages/pip/_internal/cli/autocompletion.py
/opt/conda/lib/python3.12/site-packages/pip/_internal/cli/main_parser.py
/opt/conda/lib/python3.12/site-packages/pip/_internal/cli/base_command.py
/opt/conda/lib/python3.12/site-packages/pip/_internal/cli/command_context.py
/opt/conda/lib/python3.12/site-packages/pip/_internal/cli/spinners.py
/opt/conda/lib/python3.12/site-packages/pip/_internal/cli/__pycache__
/opt/conda/lib/python3.12/site-packages/pip/_internal/cli/__pycache__/command_context.cpython-312.pyc
/opt/conda/lib/python3.12/site-packages/pip/_internal/cli/__pycache__/progress_bars.cpython-312.pyc
/opt/conda/lib/python3.12/site-packages/pip/_internal/cli/__pycache__/autocompletion.cpython-312.pyc
/opt/conda/lib/python3.12/site-packages/pip/_internal/cli/__pycache__/main_parser.cpython-312.pyc
/opt/conda/lib/python3.12/site-packages/pip/_internal/cli/__pycache__/spinners.cpython-312.pyc
/opt/conda/lib/python3.12/site-packages/pip/_internal/cli/__pycache__/status_codes.cpython-312.pyc
/opt/conda/lib/python3.12/site-packages/pip/_internal/cli/__pycache__/cmdoptions.cpython-312.pyc
/opt/conda/lib/python3.12/site-packages/pip/_internal/cli/__pycache__/__init__.cpython-312.pyc
/opt/conda/lib/python3.12/site-packages/pip/_internal/cli/__pycache__/req_command.cpython-312.pyc
/opt/conda/lib/python3.12/site-packages/pip/_internal/cli/__pycache__/main.cpython-312.pyc
/opt/conda/lib/python3.12/site-packages/pip/_internal/cli/__pycache__/base_command.cpython-312.pyc
/opt/conda/lib/python3.12/site-packages/pip/_internal/cli/__pycache__/parser.cpython-312.pyc
/opt/conda/lib/python3.12/site-packages/pip/_internal/cli/status_codes.py
/opt/conda/lib/python3.12/site-packages/pip/_internal/models
/opt/conda/lib/python3.12/site-packages/pip/_internal/models/__init__.py
/opt/conda/lib/python3.12/site-packages/pip/_internal/models/direct_url.py
/opt/conda/lib/python3.12/site-packages/pip/_internal/models/target_python.py
/opt/conda/lib/python3.12/site-packages/pip/_internal/models/selection_prefs.py
/opt/conda/lib/python3.12/site-packages/pip/_internal/models/scheme.py
/opt/conda/lib/python3.12/site-packages/pip/_internal/models/format_control.py
/opt/conda/lib/python3.12/site-packages/pip/_internal/models/installation_report.py
/opt/conda/lib/python3.12/site-packages/pip/_internal/models/wheel.py
/opt/conda/lib/python3.12/site-packages/pip/_internal/models/candidate.py
/opt/conda/lib/python3.12/site-packages/pip/_internal/models/__pycache__
/opt/conda/lib/python3.12/site-packages/pip/_internal/models/__pycache__/installation_report.cpython-312.pyc
/opt/conda/lib/python3.12/site-packages/pip/_internal/models/__pycache__/index.cpython-312.pyc
/opt/conda/lib/python3.12/site-packages/pip/_internal/models/__pycache__/wheel.cpython-312.pyc
/opt/conda/lib/python3.12/site-packages/pip/_internal/models/__pycache__/scheme.cpython-312.pyc
/opt/conda/lib/python3.12/site-packages/pip/_internal/models/__pycache__/selection_prefs.cpython-312.pyc
/opt/conda/lib/python3.12/site-packages/pip/_internal/models/__pycache__/format_control.cpython-312.pyc
/opt/conda/lib/python3.12/site-packages/pip/_internal/models/__pycache__/target_python.cpython-312.pyc
/opt/conda/lib/python3.12/site-packages/pip/_internal/models/__pycache__/__init__.cpython-312.pyc
/opt/conda/lib/python3.12/site-packages/pip/_internal/models/__pycache__/candidate.cpython-312.pyc
/opt/conda/lib/python3.12/site-packages/pip/_internal/models/__pycache__/direct_url.cpython-312.pyc
/opt/conda/lib/python3.12/site-packages/pip/_internal/models/__pycache__/link.cpython-312.pyc
/opt/conda/lib/python3.12/site-packages/pip/_internal/models/__pycache__/search_scope.cpython-312.pyc
/opt/conda/lib/python3.12/site-packages/pip/_internal/models/index.py
/opt/conda/lib/python3.12/site-packages/pip/_internal/models/link.py
/opt/conda/lib/python3.12/site-packages/pip/_internal/models/search_scope.py
/opt/conda/lib/python3.12/site-packages/pip/_internal/distributions
/opt/conda/lib/python3.12/site-packages/pip/_internal/distributions/__init__.py
/opt/conda/lib/python3.12/site-packages/pip/_internal/distributions/base.py
/opt/conda/lib/python3.12/site-packages/pip/_internal/distributions/wheel.py
/opt/conda/lib/python3.12/site-packages/pip/_internal/distributions/installed.py
/opt/conda/lib/python3.12/site-packages/pip/_internal/distributions/__pycache__
/opt/conda/lib/python3.12/site-packages/pip/_internal/distributions/__pycache__/installed.cpython-312.pyc
/opt/conda/lib/python3.12/site-packages/pip/_internal/distributions/__pycache__/wheel.cpython-312.pyc
/opt/conda/lib/python3.12/site-packages/pip/_internal/distributions/__pycache__/base.cpython-312.pyc
/opt/conda/lib/python3.12/site-packages/pip/_internal/distributions/__pycache__/sdist.cpython-312.pyc
/opt/conda/lib/python3.12/site-packages/pip/_internal/distributions/__pycache__/__init__.cpython-312.pyc
/opt/conda/lib/python3.12/site-packages/pip/_internal/distributions/sdist.py
/opt/conda/lib/python3.12/site-packages/pip/_internal/exceptions.py
/opt/conda/lib/python3.12/site-packages/tests
/opt/conda/lib/python3.12/site-packages/tests/test-recipes
/opt/conda/lib/python3.12/site-packages/tests/test-recipes/activate_deactivate_package
/opt/conda/lib/python3.12/site-packages/tests/test-recipes/activate_deactivate_package/src
/opt/conda/lib/python3.12/site-packages/tests/test-recipes/activate_deactivate_package/src/etc
/opt/conda/lib/python3.12/site-packages/tests/test-recipes/activate_deactivate_package/src/etc/conda
/opt/conda/lib/python3.12/site-packages/tests/test-recipes/activate_deactivate_package/src/etc/conda/activate.d
/opt/conda/lib/python3.12/site-packages/tests/test-recipes/activate_deactivate_package/src/etc/conda/activate.d/activate.bat
/opt/conda/lib/python3.12/site-packages/tests/test-recipes/activate_deactivate_package/src/etc/conda/activate.d/activate.sh
/opt/conda/lib/python3.12/site-packages/tests/test-recipes/activate_deactivate_package/src/etc/conda/deactivate.d
/opt/conda/lib/python3.12/site-packages/tests/test-recipes/activate_deactivate_package/src/etc/conda/deactivate.d/deactivate.sh
/opt/conda/lib/python3.12/site-packages/tests/test-recipes/activate_deactivate_package/src/etc/conda/deactivate.d/deactivate.bat
/opt/conda/lib/python3.12/site-packages/distro-1.9.0.dist-info
/opt/conda/lib/python3.12/site-packages/distro-1.9.0.dist-info/WHEEL
/opt/conda/lib/python3.12/site-packages/distro-1.9.0.dist-info/direct_url.json
/opt/conda/lib/python3.12/site-packages/distro-1.9.0.dist-info/REQUESTED
/opt/conda/lib/python3.12/site-packages/distro-1.9.0.dist-info/LICENSE
/opt/conda/lib/python3.12/site-packages/distro-1.9.0.dist-info/top_level.txt
/opt/conda/lib/python3.12/site-packages/distro-1.9.0.dist-info/entry_points.txt
/opt/conda/lib/python3.12/site-packages/distro-1.9.0.dist-info/INSTALLER
/opt/conda/lib/python3.12/site-packages/distro-1.9.0.dist-info/RECORD
/opt/conda/lib/python3.12/site-packages/distro-1.9.0.dist-info/METADATA
/opt/conda/lib/python3.12/dbm
/opt/conda/lib/python3.12/dbm/__init__.py
/opt/conda/lib/python3.12/dbm/dumb.py
/opt/conda/lib/python3.12/dbm/gnu.py
/opt/conda/lib/python3.12/dbm/ndbm.py
/opt/conda/lib/python3.12/dbm/__pycache__
/opt/conda/lib/python3.12/dbm/__pycache__/dumb.cpython-312.pyc
/opt/conda/lib/python3.12/dbm/__pycache__/ndbm.cpython-312.pyc
/opt/conda/lib/python3.12/dbm/__pycache__/gnu.cpython-312.pyc
/opt/conda/lib/python3.12/dbm/__pycache__/__init__.cpython-312.pyc
/opt/conda/lib/python3.12/re
/opt/conda/lib/python3.12/re/_constants.py
/opt/conda/lib/python3.12/re/__init__.py
/opt/conda/lib/python3.12/re/_casefix.py
/opt/conda/lib/python3.12/re/_compiler.py
/opt/conda/lib/python3.12/re/__pycache__
/opt/conda/lib/python3.12/re/__pycache__/_compiler.cpython-312.pyc
/opt/conda/lib/python3.12/re/__pycache__/_casefix.cpython-312.pyc
/opt/conda/lib/python3.12/re/__pycache__/_constants.cpython-312.pyc
/opt/conda/lib/python3.12/re/__pycache__/_parser.cpython-312.pyc
/opt/conda/lib/python3.12/re/__pycache__/__init__.cpython-312.pyc
/opt/conda/lib/python3.12/re/_parser.py
/opt/conda/lib/python3.12/contextlib.py
/opt/conda/lib/python3.12/poplib.py
/opt/conda/lib/python3.12/wsgiref
/opt/conda/lib/python3.12/wsgiref/simple_server.py
/opt/conda/lib/python3.12/wsgiref/__init__.py
/opt/conda/lib/python3.12/wsgiref/handlers.py
/opt/conda/lib/python3.12/wsgiref/headers.py
/opt/conda/lib/python3.12/wsgiref/util.py
/opt/conda/lib/python3.12/wsgiref/__pycache__
/opt/conda/lib/python3.12/wsgiref/__pycache__/util.cpython-312.pyc
/opt/conda/lib/python3.12/wsgiref/__pycache__/handlers.cpython-312.pyc
/opt/conda/lib/python3.12/wsgiref/__pycache__/headers.cpython-312.pyc
/opt/conda/lib/python3.12/wsgiref/__pycache__/__init__.cpython-312.pyc
/opt/conda/lib/python3.12/wsgiref/__pycache__/validate.cpython-312.pyc
/opt/conda/lib/python3.12/wsgiref/__pycache__/types.cpython-312.pyc
/opt/conda/lib/python3.12/wsgiref/__pycache__/simple_server.cpython-312.pyc
/opt/conda/lib/python3.12/wsgiref/validate.py
/opt/conda/lib/python3.12/wsgiref/types.py
/opt/conda/lib/python3.12/pydoc.py
/opt/conda/lib/python3.12/pkgutil.py
/opt/conda/lib/python3.12/mailbox.py
/opt/conda/lib/python3.12/pyclbr.py
/opt/conda/lib/python3.12/tarfile.py
/opt/conda/lib/python3.12/sched.py
/opt/conda/lib/python3.12/imghdr.py
/opt/conda/lib/python3.12/nntplib.py
/opt/conda/lib/python3.12/zipimport.py
/opt/conda/lib/python3.12/aifc.py
/opt/conda/lib/python3.12/symtable.py
/opt/conda/lib/python3.12/traceback.py
/opt/conda/lib/python3.12/_aix_support.py
/opt/conda/lib/python3.12/__future__.py
/opt/conda/lib/python3.12/multiprocessing
/opt/conda/lib/python3.12/multiprocessing/forkserver.py
/opt/conda/lib/python3.12/multiprocessing/resource_tracker.py
/opt/conda/lib/python3.12/multiprocessing/__init__.py
/opt/conda/lib/python3.12/multiprocessing/spawn.py
/opt/conda/lib/python3.12/multiprocessing/resource_sharer.py
/opt/conda/lib/python3.12/multiprocessing/popen_spawn_posix.py
/opt/conda/lib/python3.12/multiprocessing/sharedctypes.py
/opt/conda/lib/python3.12/multiprocessing/popen_fork.py
/opt/conda/lib/python3.12/multiprocessing/shared_memory.py
/opt/conda/lib/python3.12/multiprocessing/context.py
/opt/conda/lib/python3.12/multiprocessing/queues.py
/opt/conda/lib/python3.12/multiprocessing/popen_forkserver.py
/opt/conda/lib/python3.12/multiprocessing/heap.py
/opt/conda/lib/python3.12/multiprocessing/popen_spawn_win32.py
/opt/conda/lib/python3.12/multiprocessing/util.py
/opt/conda/lib/python3.12/multiprocessing/dummy
/opt/conda/lib/python3.12/multiprocessing/dummy/__init__.py
/opt/conda/lib/python3.12/multiprocessing/dummy/connection.py
/opt/conda/lib/python3.12/multiprocessing/dummy/__pycache__
/opt/conda/lib/python3.12/multiprocessing/dummy/__pycache__/connection.cpython-312.pyc
/opt/conda/lib/python3.12/multiprocessing/dummy/__pycache__/__init__.cpython-312.pyc
/opt/conda/lib/python3.12/multiprocessing/process.py
/opt/conda/lib/python3.12/multiprocessing/synchronize.py
/opt/conda/lib/python3.12/multiprocessing/connection.py
/opt/conda/lib/python3.12/multiprocessing/pool.py
/opt/conda/lib/python3.12/multiprocessing/__pycache__
/opt/conda/lib/python3.12/multiprocessing/__pycache__/util.cpython-312.pyc
/opt/conda/lib/python3.12/multiprocessing/__pycache__/sharedctypes.cpython-312.pyc
/opt/conda/lib/python3.12/multiprocessing/__pycache__/heap.cpython-312.pyc
/opt/conda/lib/python3.12/multiprocessing/__pycache__/popen_spawn_posix.cpython-312.pyc
/opt/conda/lib/python3.12/multiprocessing/__pycache__/connection.cpython-312.pyc
/opt/conda/lib/python3.12/multiprocessing/__pycache__/resource_tracker.cpython-312.pyc
/opt/conda/lib/python3.12/multiprocessing/__pycache__/reduction.cpython-312.pyc
/opt/conda/lib/python3.12/multiprocessing/__pycache__/popen_forkserver.cpython-312.pyc
/opt/conda/lib/python3.12/multiprocessing/__pycache__/process.cpython-312.pyc
/opt/conda/lib/python3.12/multiprocessing/__pycache__/popen_fork.cpython-312.pyc
/opt/conda/lib/python3.12/multiprocessing/__pycache__/resource_sharer.cpython-312.pyc
/opt/conda/lib/python3.12/multiprocessing/__pycache__/shared_memory.cpython-312.pyc
/opt/conda/lib/python3.12/multiprocessing/__pycache__/managers.cpython-312.pyc
/opt/conda/lib/python3.12/multiprocessing/__pycache__/pool.cpython-312.pyc
/opt/conda/lib/python3.12/multiprocessing/__pycache__/synchronize.cpython-312.pyc
/opt/conda/lib/python3.12/multiprocessing/__pycache__/forkserver.cpython-312.pyc
/opt/conda/lib/python3.12/multiprocessing/__pycache__/__init__.cpython-312.pyc
/opt/conda/lib/python3.12/multiprocessing/__pycache__/queues.cpython-312.pyc
/opt/conda/lib/python3.12/multiprocessing/__pycache__/context.cpython-312.pyc
/opt/conda/lib/python3.12/multiprocessing/__pycache__/spawn.cpython-312.pyc
/opt/conda/lib/python3.12/multiprocessing/__pycache__/popen_spawn_win32.cpython-312.pyc
/opt/conda/lib/python3.12/multiprocessing/managers.py
/opt/conda/lib/python3.12/multiprocessing/reduction.py
/opt/conda/lib/python3.12/profile.py
/opt/conda/lib/python3.12/bisect.py
/opt/conda/lib/python3.12/signal.py
/opt/conda/lib/python3.12/_weakrefset.py
/opt/conda/lib/python3.12/test
/opt/conda/lib/python3.12/test/test_support.py
/opt/conda/lib/python3.12/test/__init__.py
/opt/conda/lib/python3.12/test/test_script_helper.py
/opt/conda/lib/python3.12/test/support
/opt/conda/lib/python3.12/test/support/asynchat.py
/opt/conda/lib/python3.12/test/support/logging_helper.py
/opt/conda/lib/python3.12/test/support/__init__.py
/opt/conda/lib/python3.12/test/support/asyncore.py
/opt/conda/lib/python3.12/test/support/pty_helper.py
/opt/conda/lib/python3.12/test/support/smtpd.py
/opt/conda/lib/python3.12/test/support/testcase.py
/opt/conda/lib/python3.12/test/support/hashlib_helper.py
/opt/conda/lib/python3.12/test/support/os_helper.py
/opt/conda/lib/python3.12/test/support/bytecode_helper.py
/opt/conda/lib/python3.12/test/support/_hypothesis_stubs
/opt/conda/lib/python3.12/test/support/_hypothesis_stubs/_helpers.py
/opt/conda/lib/python3.12/test/support/_hypothesis_stubs/__init__.py
/opt/conda/lib/python3.12/test/support/_hypothesis_stubs/strategies.py
/opt/conda/lib/python3.12/test/support/_hypothesis_stubs/__pycache__
/opt/conda/lib/python3.12/test/support/_hypothesis_stubs/__pycache__/__init__.cpython-312.pyc
/opt/conda/lib/python3.12/test/support/_hypothesis_stubs/__pycache__/strategies.cpython-312.pyc
/opt/conda/lib/python3.12/test/support/_hypothesis_stubs/__pycache__/_helpers.cpython-312.pyc
/opt/conda/lib/python3.12/test/support/warnings_helper.py
/opt/conda/lib/python3.12/test/support/ast_helper.py
/opt/conda/lib/python3.12/test/support/threading_helper.py
/opt/conda/lib/python3.12/test/support/script_helper.py
/opt/conda/lib/python3.12/test/support/__pycache__
/opt/conda/lib/python3.12/test/support/__pycache__/socket_helper.cpython-312.pyc
/opt/conda/lib/python3.12/test/support/__pycache__/threading_helper.cpython-312.pyc
/opt/conda/lib/python3.12/test/support/__pycache__/ast_helper.cpython-312.pyc
/opt/conda/lib/python3.12/test/support/__pycache__/asynchat.cpython-312.pyc
/opt/conda/lib/python3.12/test/support/__pycache__/testcase.cpython-312.pyc
/opt/conda/lib/python3.12/test/support/__pycache__/hashlib_helper.cpython-312.pyc
/opt/conda/lib/python3.12/test/support/__pycache__/import_helper.cpython-312.pyc
/opt/conda/lib/python3.12/test/support/__pycache__/os_helper.cpython-312.pyc
/opt/conda/lib/python3.12/test/support/__pycache__/hypothesis_helper.cpython-312.pyc
/opt/conda/lib/python3.12/test/support/__pycache__/warnings_helper.cpython-312.pyc
/opt/conda/lib/python3.12/test/support/__pycache__/asyncore.cpython-312.pyc
/opt/conda/lib/python3.12/test/support/__pycache__/__init__.cpython-312.pyc
/opt/conda/lib/python3.12/test/support/__pycache__/bytecode_helper.cpython-312.pyc
/opt/conda/lib/python3.12/test/support/__pycache__/pty_helper.cpython-312.pyc
/opt/conda/lib/python3.12/test/support/__pycache__/interpreters.cpython-312.pyc
/opt/conda/lib/python3.12/test/support/__pycache__/script_helper.cpython-312.pyc
/opt/conda/lib/python3.12/test/support/__pycache__/smtpd.cpython-312.pyc
/opt/conda/lib/python3.12/test/support/__pycache__/logging_helper.cpython-312.pyc
/opt/conda/lib/python3.12/test/support/hypothesis_helper.py
/opt/conda/lib/python3.12/test/support/import_helper.py
/opt/conda/lib/python3.12/test/support/interpreters.py
/opt/conda/lib/python3.12/test/support/socket_helper.py
/opt/conda/lib/python3.12/test/__pycache__
/opt/conda/lib/python3.12/test/__pycache__/__init__.cpython-312.pyc
/opt/conda/lib/python3.12/test/__pycache__/test_script_helper.cpython-312.pyc
/opt/conda/lib/python3.12/test/__pycache__/test_support.cpython-312.pyc
/opt/conda/lib/python3.12/LICENSE.txt
/opt/conda/lib/python3.12/pdb.py
/opt/conda/lib/python3.12/pickletools.py
/opt/conda/lib/python3.12/zipfile
/opt/conda/lib/python3.12/zipfile/__main__.py
/opt/conda/lib/python3.12/zipfile/__init__.py
/opt/conda/lib/python3.12/zipfile/_path
/opt/conda/lib/python3.12/zipfile/_path/__init__.py
/opt/conda/lib/python3.12/zipfile/_path/glob.py
/opt/conda/lib/python3.12/zipfile/_path/__pycache__
/opt/conda/lib/python3.12/zipfile/_path/__pycache__/glob.cpython-312.pyc
/opt/conda/lib/python3.12/zipfile/_path/__pycache__/__init__.cpython-312.pyc
/opt/conda/lib/python3.12/zipfile/__pycache__
/opt/conda/lib/python3.12/zipfile/__pycache__/__init__.cpython-312.pyc
/opt/conda/lib/python3.12/zipfile/__pycache__/__main__.cpython-312.pyc
/opt/conda/lib/python3.12/ensurepip
/opt/conda/lib/python3.12/ensurepip/__main__.py
/opt/conda/lib/python3.12/ensurepip/__init__.py
/opt/conda/lib/python3.12/ensurepip/_bundled
/opt/conda/lib/python3.12/ensurepip/_bundled/pip-24.0-py3-none-any.whl
/opt/conda/lib/python3.12/ensurepip/__pycache__
/opt/conda/lib/python3.12/ensurepip/__pycache__/_uninstall.cpython-312.pyc
/opt/conda/lib/python3.12/ensurepip/__pycache__/__init__.cpython-312.pyc
/opt/conda/lib/python3.12/ensurepip/__pycache__/__main__.cpython-312.pyc
/opt/conda/lib/python3.12/ensurepip/_uninstall.py
/opt/conda/lib/python3.12/zipapp.py
/opt/conda/lib/python3.12/socket.py
/opt/conda/lib/python3.12/ntpath.py
/opt/conda/lib/python3.12/_py_abc.py
/opt/conda/lib/python3.12/shelve.py
/opt/conda/lib/python3.12/this.py
/opt/conda/lib/python3.12/gzip.py
/opt/conda/lib/python3.12/trace.py
/opt/conda/lib/python3.12/shutil.py
/opt/conda/lib/python3.12/codeop.py
/opt/conda/lib/python3.12/io.py
/opt/conda/lib/python3.12/optparse.py
/opt/conda/lib/python3.12/collections
/opt/conda/lib/python3.12/collections/__init__.py
/opt/conda/lib/python3.12/collections/abc.py
/opt/conda/lib/python3.12/collections/__pycache__
/opt/conda/lib/python3.12/collections/__pycache__/__init__.cpython-312.pyc
/opt/conda/lib/python3.12/collections/__pycache__/abc.cpython-312.pyc
/opt/conda/lib/python3.12/site.py
/opt/conda/lib/python3.12/statistics.py
/opt/conda/lib/python3.12/sre_constants.py
/opt/conda/lib/python3.12/netrc.py
/opt/conda/lib/python3.12/ftplib.py
/opt/conda/lib/python3.12/genericpath.py
/opt/conda/lib/python3.12/platform.py
/opt/conda/lib/python3.12/mailcap.py
/opt/conda/lib/python3.12/calendar.py
/opt/conda/lib/python3.12/logging
/opt/conda/lib/python3.12/logging/__init__.py
/opt/conda/lib/python3.12/logging/config.py
/opt/conda/lib/python3.12/logging/handlers.py
/opt/conda/lib/python3.12/logging/__pycache__
/opt/conda/lib/python3.12/logging/__pycache__/handlers.cpython-312.pyc
/opt/conda/lib/python3.12/logging/__pycache__/__init__.cpython-312.pyc
/opt/conda/lib/python3.12/logging/__pycache__/config.cpython-312.pyc
/opt/conda/lib/python3.12/string.py
/opt/conda/lib/python3.12/_compat_pickle.py
/opt/conda/lib/python3.12/getopt.py
/opt/conda/lib/python3.12/sndhdr.py
/opt/conda/lib/python3.12/__phello__
/opt/conda/lib/python3.12/__phello__/__init__.py
/opt/conda/lib/python3.12/__phello__/spam.py
/opt/conda/lib/python3.12/__phello__/__pycache__
/opt/conda/lib/python3.12/__phello__/__pycache__/__init__.cpython-312.pyc
/opt/conda/lib/python3.12/__phello__/__pycache__/spam.cpython-312.pyc
/opt/conda/lib/python3.12/idlelib
/opt/conda/lib/python3.12/idlelib/ChangeLog
/opt/conda/lib/python3.12/idlelib/HISTORY.txt
/opt/conda/lib/python3.12/idlelib/pyparse.py
/opt/conda/lib/python3.12/idlelib/autocomplete.py
/opt/conda/lib/python3.12/idlelib/rpc.py
/opt/conda/lib/python3.12/idlelib/zzdummy.py
/opt/conda/lib/python3.12/idlelib/__main__.py
/opt/conda/lib/python3.12/idlelib/browser.py
/opt/conda/lib/python3.12/idlelib/TODO.txt
/opt/conda/lib/python3.12/idlelib/calltip.py
/opt/conda/lib/python3.12/idlelib/__init__.py
/opt/conda/lib/python3.12/idlelib/help.py
/opt/conda/lib/python3.12/idlelib/CREDITS.txt
/opt/conda/lib/python3.12/idlelib/config.py
/opt/conda/lib/python3.12/idlelib/debugger.py
/opt/conda/lib/python3.12/idlelib/scrolledlist.py
/opt/conda/lib/python3.12/idlelib/hyperparser.py
/opt/conda/lib/python3.12/idlelib/calltip_w.py
/opt/conda/lib/python3.12/idlelib/config-main.def
/opt/conda/lib/python3.12/idlelib/codecontext.py
/opt/conda/lib/python3.12/idlelib/debugobj.py
/opt/conda/lib/python3.12/idlelib/delegator.py
/opt/conda/lib/python3.12/idlelib/outwin.py
/opt/conda/lib/python3.12/idlelib/zoomheight.py
/opt/conda/lib/python3.12/idlelib/idle.bat
/opt/conda/lib/python3.12/idlelib/idle.pyw
/opt/conda/lib/python3.12/idlelib/squeezer.py
/opt/conda/lib/python3.12/idlelib/debugobj_r.py
/opt/conda/lib/python3.12/idlelib/history.py
/opt/conda/lib/python3.12/idlelib/sidebar.py
/opt/conda/lib/python3.12/idlelib/pyshell.py
/opt/conda/lib/python3.12/idlelib/help_about.py
/opt/conda/lib/python3.12/idlelib/mainmenu.py
/opt/conda/lib/python3.12/idlelib/editor.py
/opt/conda/lib/python3.12/idlelib/Icons
/opt/conda/lib/python3.12/idlelib/Icons/tk.gif
/opt/conda/lib/python3.12/idlelib/Icons/idle_256.png
/opt/conda/lib/python3.12/idlelib/Icons/idle_16.gif
/opt/conda/lib/python3.12/idlelib/Icons/idle_32.gif
/opt/conda/lib/python3.12/idlelib/Icons/idle_48.png
/opt/conda/lib/python3.12/idlelib/Icons/python.gif
/opt/conda/lib/python3.12/idlelib/Icons/idle_48.gif
/opt/conda/lib/python3.12/idlelib/Icons/README.txt
/opt/conda/lib/python3.12/idlelib/Icons/idle_16.png
/opt/conda/lib/python3.12/idlelib/Icons/openfolder.gif
/opt/conda/lib/python3.12/idlelib/Icons/minusnode.gif
/opt/conda/lib/python3.12/idlelib/Icons/folder.gif
/opt/conda/lib/python3.12/idlelib/Icons/idle_32.png
/opt/conda/lib/python3.12/idlelib/Icons/plusnode.gif
/opt/conda/lib/python3.12/idlelib/Icons/idle.ico
/opt/conda/lib/python3.12/idlelib/iomenu.py
/opt/conda/lib/python3.12/idlelib/parenmatch.py
/opt/conda/lib/python3.12/idlelib/macosx.py
/opt/conda/lib/python3.12/idlelib/run.py
/opt/conda/lib/python3.12/idlelib/README.txt
/opt/conda/lib/python3.12/idlelib/searchengine.py
/opt/conda/lib/python3.12/idlelib/util.py
/opt/conda/lib/python3.12/idlelib/grep.py
/opt/conda/lib/python3.12/idlelib/idle.py
/opt/conda/lib/python3.12/idlelib/tree.py
/opt/conda/lib/python3.12/idlelib/pathbrowser.py
/opt/conda/lib/python3.12/idlelib/replace.py
/opt/conda/lib/python3.12/idlelib/config-highlight.def
/opt/conda/lib/python3.12/idlelib/percolator.py
/opt/conda/lib/python3.12/idlelib/window.py
/opt/conda/lib/python3.12/idlelib/format.py
/opt/conda/lib/python3.12/idlelib/multicall.py
/opt/conda/lib/python3.12/idlelib/debugger_r.py
/opt/conda/lib/python3.12/idlelib/config_key.py
/opt/conda/lib/python3.12/idlelib/colorizer.py
/opt/conda/lib/python3.12/idlelib/dynoption.py
/opt/conda/lib/python3.12/idlelib/configdialog.py
/opt/conda/lib/python3.12/idlelib/News3.txt
/opt/conda/lib/python3.12/idlelib/runscript.py
/opt/conda/lib/python3.12/idlelib/textview.py
/opt/conda/lib/python3.12/idlelib/__pycache__
/opt/conda/lib/python3.12/idlelib/__pycache__/editor.cpython-312.pyc
/opt/conda/lib/python3.12/idlelib/__pycache__/debugger_r.cpython-312.pyc
/opt/conda/lib/python3.12/idlelib/__pycache__/util.cpython-312.pyc
/opt/conda/lib/python3.12/idlelib/__pycache__/pyshell.cpython-312.pyc
/opt/conda/lib/python3.12/idlelib/__pycache__/macosx.cpython-312.pyc
/opt/conda/lib/python3.12/idlelib/__pycache__/scrolledlist.cpython-312.pyc
/opt/conda/lib/python3.12/idlelib/__pycache__/autocomplete.cpython-312.pyc
/opt/conda/lib/python3.12/idlelib/__pycache__/zoomheight.cpython-312.pyc
/opt/conda/lib/python3.12/idlelib/__pycache__/tooltip.cpython-312.pyc
/opt/conda/lib/python3.12/idlelib/__pycache__/hyperparser.cpython-312.pyc
/opt/conda/lib/python3.12/idlelib/__pycache__/history.cpython-312.pyc
/opt/conda/lib/python3.12/idlelib/__pycache__/outwin.cpython-312.pyc
/opt/conda/lib/python3.12/idlelib/__pycache__/help.cpython-312.pyc
/opt/conda/lib/python3.12/idlelib/__pycache__/statusbar.cpython-312.pyc
/opt/conda/lib/python3.12/idlelib/__pycache__/squeezer.cpython-312.pyc
/opt/conda/lib/python3.12/idlelib/__pycache__/pathbrowser.cpython-312.pyc
/opt/conda/lib/python3.12/idlelib/__pycache__/searchbase.cpython-312.pyc
/opt/conda/lib/python3.12/idlelib/__pycache__/delegator.cpython-312.pyc
/opt/conda/lib/python3.12/idlelib/__pycache__/autocomplete_w.cpython-312.pyc
/opt/conda/lib/python3.12/idlelib/__pycache__/tree.cpython-312.pyc
/opt/conda/lib/python3.12/idlelib/__pycache__/debugger.cpython-312.pyc
/opt/conda/lib/python3.12/idlelib/__pycache__/runscript.cpython-312.pyc
/opt/conda/lib/python3.12/idlelib/__pycache__/pyparse.cpython-312.pyc
/opt/conda/lib/python3.12/idlelib/__pycache__/rpc.cpython-312.pyc
/opt/conda/lib/python3.12/idlelib/__pycache__/help_about.cpython-312.pyc
/opt/conda/lib/python3.12/idlelib/__pycache__/redirector.cpython-312.pyc
/opt/conda/lib/python3.12/idlelib/__pycache__/calltip_w.cpython-312.pyc
/opt/conda/lib/python3.12/idlelib/__pycache__/percolator.cpython-312.pyc
/opt/conda/lib/python3.12/idlelib/__pycache__/calltip.cpython-312.pyc
/opt/conda/lib/python3.12/idlelib/__pycache__/idle.cpython-312.pyc
/opt/conda/lib/python3.12/idlelib/__pycache__/filelist.cpython-312.pyc
/opt/conda/lib/python3.12/idlelib/__pycache__/window.cpython-312.pyc
/opt/conda/lib/python3.12/idlelib/__pycache__/run.cpython-312.pyc
/opt/conda/lib/python3.12/idlelib/__pycache__/replace.cpython-312.pyc
/opt/conda/lib/python3.12/idlelib/__pycache__/zzdummy.cpython-312.pyc
/opt/conda/lib/python3.12/idlelib/__pycache__/textview.cpython-312.pyc
/opt/conda/lib/python3.12/idlelib/__pycache__/sidebar.cpython-312.pyc
/opt/conda/lib/python3.12/idlelib/__pycache__/searchengine.cpython-312.pyc
/opt/conda/lib/python3.12/idlelib/__pycache__/grep.cpython-312.pyc
/opt/conda/lib/python3.12/idlelib/__pycache__/parenmatch.cpython-312.pyc
/opt/conda/lib/python3.12/idlelib/__pycache__/configdialog.cpython-312.pyc
/opt/conda/lib/python3.12/idlelib/__pycache__/__init__.cpython-312.pyc
/opt/conda/lib/python3.12/idlelib/__pycache__/search.cpython-312.pyc
/opt/conda/lib/python3.12/idlelib/__pycache__/config_key.cpython-312.pyc
/opt/conda/lib/python3.12/idlelib/__pycache__/codecontext.cpython-312.pyc
/opt/conda/lib/python3.12/idlelib/__pycache__/dynoption.cpython-312.pyc
/opt/conda/lib/python3.12/idlelib/__pycache__/multicall.cpython-312.pyc
/opt/conda/lib/python3.12/idlelib/__pycache__/config.cpython-312.pyc
/opt/conda/lib/python3.12/idlelib/__pycache__/format.cpython-312.pyc
/opt/conda/lib/python3.12/idlelib/__pycache__/debugobj_r.cpython-312.pyc
/opt/conda/lib/python3.12/idlelib/__pycache__/iomenu.cpython-312.pyc
/opt/conda/lib/python3.12/idlelib/__pycache__/autoexpand.cpython-312.pyc
/opt/conda/lib/python3.12/idlelib/__pycache__/colorizer.cpython-312.pyc
/opt/conda/lib/python3.12/idlelib/__pycache__/query.cpython-312.pyc
/opt/conda/lib/python3.12/idlelib/__pycache__/browser.cpython-312.pyc
/opt/conda/lib/python3.12/idlelib/__pycache__/mainmenu.cpython-312.pyc
/opt/conda/lib/python3.12/idlelib/__pycache__/undo.cpython-312.pyc
/opt/conda/lib/python3.12/idlelib/__pycache__/stackviewer.cpython-312.pyc
/opt/conda/lib/python3.12/idlelib/__pycache__/debugobj.cpython-312.pyc
/opt/conda/lib/python3.12/idlelib/__pycache__/__main__.cpython-312.pyc
/opt/conda/lib/python3.12/idlelib/stackviewer.py
/opt/conda/lib/python3.12/idlelib/config-keys.def
/opt/conda/lib/python3.12/idlelib/extend.txt
/opt/conda/lib/python3.12/idlelib/tooltip.py
/opt/conda/lib/python3.12/idlelib/searchbase.py
/opt/conda/lib/python3.12/idlelib/redirector.py
/opt/conda/lib/python3.12/idlelib/search.py
/opt/conda/lib/python3.12/idlelib/config-extensions.def
/opt/conda/lib/python3.12/idlelib/autocomplete_w.py
/opt/conda/lib/python3.12/idlelib/statusbar.py
/opt/conda/lib/python3.12/idlelib/query.py
/opt/conda/lib/python3.12/idlelib/NEWS2x.txt
/opt/conda/lib/python3.12/idlelib/undo.py
/opt/conda/lib/python3.12/idlelib/help.html
/opt/conda/lib/python3.12/idlelib/filelist.py
/opt/conda/lib/python3.12/idlelib/idle_test
/opt/conda/lib/python3.12/idlelib/idle_test/test_pathbrowser.py
/opt/conda/lib/python3.12/idlelib/idle_test/test_searchengine.py
/opt/conda/lib/python3.12/idlelib/idle_test/mock_idle.py
/opt/conda/lib/python3.12/idlelib/idle_test/test_searchbase.py
/opt/conda/lib/python3.12/idlelib/idle_test/test_zoomheight.py
/opt/conda/lib/python3.12/idlelib/idle_test/test_config.py
/opt/conda/lib/python3.12/idlelib/idle_test/test_calltip_w.py
/opt/conda/lib/python3.12/idlelib/idle_test/example_noext
/opt/conda/lib/python3.12/idlelib/idle_test/test_debugobj.py
/opt/conda/lib/python3.12/idlelib/idle_test/__init__.py
/opt/conda/lib/python3.12/idlelib/idle_test/test_outwin.py
/opt/conda/lib/python3.12/idlelib/idle_test/test_calltip.py
/opt/conda/lib/python3.12/idlelib/idle_test/test_util.py
/opt/conda/lib/python3.12/idlelib/idle_test/test_iomenu.py
/opt/conda/lib/python3.12/idlelib/idle_test/test_redirector.py
/opt/conda/lib/python3.12/idlelib/idle_test/test_tree.py
/opt/conda/lib/python3.12/idlelib/idle_test/htest.py
/opt/conda/lib/python3.12/idlelib/idle_test/test_debugger.py
/opt/conda/lib/python3.12/idlelib/idle_test/test_autocomplete_w.py
/opt/conda/lib/python3.12/idlelib/idle_test/test_grep.py
/opt/conda/lib/python3.12/idlelib/idle_test/test_text.py
/opt/conda/lib/python3.12/idlelib/idle_test/template.py
/opt/conda/lib/python3.12/idlelib/idle_test/test_browser.py
/opt/conda/lib/python3.12/idlelib/idle_test/test_configdialog.py
/opt/conda/lib/python3.12/idlelib/idle_test/test_squeezer.py
/opt/conda/lib/python3.12/idlelib/idle_test/test_mainmenu.py
/opt/conda/lib/python3.12/idlelib/idle_test/test_macosx.py
/opt/conda/lib/python3.12/idlelib/idle_test/test_tooltip.py
/opt/conda/lib/python3.12/idlelib/idle_test/test_editmenu.py
/opt/conda/lib/python3.12/idlelib/idle_test/tkinter_testing_utils.py
/opt/conda/lib/python3.12/idlelib/idle_test/test_colorizer.py
/opt/conda/lib/python3.12/idlelib/idle_test/test_sidebar.py
/opt/conda/lib/python3.12/idlelib/idle_test/test_undo.py
/opt/conda/lib/python3.12/idlelib/idle_test/test_hyperparser.py
/opt/conda/lib/python3.12/idlelib/idle_test/example_stub.pyi
/opt/conda/lib/python3.12/idlelib/idle_test/test_help.py
/opt/conda/lib/python3.12/idlelib/idle_test/test_window.py
/opt/conda/lib/python3.12/idlelib/idle_test/test_percolator.py
/opt/conda/lib/python3.12/idlelib/idle_test/README.txt
/opt/conda/lib/python3.12/idlelib/idle_test/test_stackviewer.py
/opt/conda/lib/python3.12/idlelib/idle_test/test_zzdummy.py
/opt/conda/lib/python3.12/idlelib/idle_test/test_filelist.py
/opt/conda/lib/python3.12/idlelib/idle_test/test_help_about.py
/opt/conda/lib/python3.12/idlelib/idle_test/test_delegator.py
/opt/conda/lib/python3.12/idlelib/idle_test/test_rpc.py
/opt/conda/lib/python3.12/idlelib/idle_test/test_config_key.py
/opt/conda/lib/python3.12/idlelib/idle_test/test_pyparse.py
/opt/conda/lib/python3.12/idlelib/idle_test/test_autocomplete.py
/opt/conda/lib/python3.12/idlelib/idle_test/test_pyshell.py
/opt/conda/lib/python3.12/idlelib/idle_test/test_autoexpand.py
/opt/conda/lib/python3.12/idlelib/idle_test/test_format.py
/opt/conda/lib/python3.12/idlelib/idle_test/test_parenmatch.py
/opt/conda/lib/python3.12/idlelib/idle_test/test_editor.py
/opt/conda/lib/python3.12/idlelib/idle_test/test_textview.py
/opt/conda/lib/python3.12/idlelib/idle_test/__pycache__
/opt/conda/lib/python3.12/idlelib/idle_test/__pycache__/test_parenmatch.cpython-312.pyc
/opt/conda/lib/python3.12/idlelib/idle_test/__pycache__/test_window.cpython-312.pyc
/opt/conda/lib/python3.12/idlelib/idle_test/__pycache__/test_hyperparser.cpython-312.pyc
/opt/conda/lib/python3.12/idlelib/idle_test/__pycache__/test_mainmenu.cpython-312.pyc
/opt/conda/lib/python3.12/idlelib/idle_test/__pycache__/test_scrolledlist.cpython-312.pyc
/opt/conda/lib/python3.12/idlelib/idle_test/__pycache__/test_tree.cpython-312.pyc
/opt/conda/lib/python3.12/idlelib/idle_test/__pycache__/test_colorizer.cpython-312.pyc
/opt/conda/lib/python3.12/idlelib/idle_test/__pycache__/test_history.cpython-312.pyc
/opt/conda/lib/python3.12/idlelib/idle_test/__pycache__/test_sidebar.cpython-312.pyc
/opt/conda/lib/python3.12/idlelib/idle_test/__pycache__/test_replace.cpython-312.pyc
/opt/conda/lib/python3.12/idlelib/idle_test/__pycache__/test_tooltip.cpython-312.pyc
/opt/conda/lib/python3.12/idlelib/idle_test/__pycache__/test_debugobj.cpython-312.pyc
/opt/conda/lib/python3.12/idlelib/idle_test/__pycache__/test_runscript.cpython-312.pyc
/opt/conda/lib/python3.12/idlelib/idle_test/__pycache__/test_help.cpython-312.pyc
/opt/conda/lib/python3.12/idlelib/idle_test/__pycache__/test_redirector.cpython-312.pyc
/opt/conda/lib/python3.12/idlelib/idle_test/__pycache__/test_pyparse.cpython-312.pyc
/opt/conda/lib/python3.12/idlelib/idle_test/__pycache__/test_filelist.cpython-312.pyc
/opt/conda/lib/python3.12/idlelib/idle_test/__pycache__/test_zoomheight.cpython-312.pyc
/opt/conda/lib/python3.12/idlelib/idle_test/__pycache__/test_editmenu.cpython-312.pyc
/opt/conda/lib/python3.12/idlelib/idle_test/__pycache__/test_searchengine.cpython-312.pyc
/opt/conda/lib/python3.12/idlelib/idle_test/__pycache__/test_autocomplete.cpython-312.pyc
/opt/conda/lib/python3.12/idlelib/idle_test/__pycache__/test_percolator.cpython-312.pyc
/opt/conda/lib/python3.12/idlelib/idle_test/__pycache__/test_pyshell.cpython-312.pyc
/opt/conda/lib/python3.12/idlelib/idle_test/__pycache__/test_query.cpython-312.pyc
/opt/conda/lib/python3.12/idlelib/idle_test/__pycache__/template.cpython-312.pyc
/opt/conda/lib/python3.12/idlelib/idle_test/__pycache__/test_debugger.cpython-312.pyc
/opt/conda/lib/python3.12/idlelib/idle_test/__pycache__/test_autoexpand.cpython-312.pyc
/opt/conda/lib/python3.12/idlelib/idle_test/__pycache__/mock_tk.cpython-312.pyc
/opt/conda/lib/python3.12/idlelib/idle_test/__pycache__/test_configdialog.cpython-312.pyc
/opt/conda/lib/python3.12/idlelib/idle_test/__pycache__/test_run.cpython-312.pyc
/opt/conda/lib/python3.12/idlelib/idle_test/__pycache__/test_text.cpython-312.pyc
/opt/conda/lib/python3.12/idlelib/idle_test/__pycache__/mock_idle.cpython-312.pyc
/opt/conda/lib/python3.12/idlelib/idle_test/__pycache__/test_undo.cpython-312.pyc
/opt/conda/lib/python3.12/idlelib/idle_test/__pycache__/tkinter_testing_utils.cpython-312.pyc
/opt/conda/lib/python3.12/idlelib/idle_test/__pycache__/test_format.cpython-312.pyc
/opt/conda/lib/python3.12/idlelib/idle_test/__pycache__/test_stackviewer.cpython-312.pyc
/opt/conda/lib/python3.12/idlelib/idle_test/__pycache__/test_warning.cpython-312.pyc
/opt/conda/lib/python3.12/idlelib/idle_test/__pycache__/test_iomenu.cpython-312.pyc
/opt/conda/lib/python3.12/idlelib/idle_test/__pycache__/test_debugger_r.cpython-312.pyc
/opt/conda/lib/python3.12/idlelib/idle_test/__pycache__/test_calltip_w.cpython-312.pyc
/opt/conda/lib/python3.12/idlelib/idle_test/__pycache__/test_editor.cpython-312.pyc
/opt/conda/lib/python3.12/idlelib/idle_test/__pycache__/test_searchbase.cpython-312.pyc
/opt/conda/lib/python3.12/idlelib/idle_test/__pycache__/__init__.cpython-312.pyc
/opt/conda/lib/python3.12/idlelib/idle_test/__pycache__/test_pathbrowser.cpython-312.pyc
/opt/conda/lib/python3.12/idlelib/idle_test/__pycache__/test_squeezer.cpython-312.pyc
/opt/conda/lib/python3.12/idlelib/idle_test/__pycache__/test_help_about.cpython-312.pyc
/opt/conda/lib/python3.12/idlelib/idle_test/__pycache__/test_statusbar.cpython-312.pyc
/opt/conda/lib/python3.12/idlelib/idle_test/__pycache__/test_delegator.cpython-312.pyc
/opt/conda/lib/python3.12/idlelib/idle_test/__pycache__/test_search.cpython-312.pyc
/opt/conda/lib/python3.12/idlelib/idle_test/__pycache__/test_autocomplete_w.cpython-312.pyc
/opt/conda/lib/python3.12/idlelib/idle_test/__pycache__/test_calltip.cpython-312.pyc
/opt/conda/lib/python3.12/idlelib/idle_test/__pycache__/test_browser.cpython-312.pyc
/opt/conda/lib/python3.12/idlelib/idle_test/__pycache__/test_macosx.cpython-312.pyc
/opt/conda/lib/python3.12/idlelib/idle_test/__pycache__/test_rpc.cpython-312.pyc
/opt/conda/lib/python3.12/idlelib/idle_test/__pycache__/test_grep.cpython-312.pyc
/opt/conda/lib/python3.12/idlelib/idle_test/__pycache__/test_multicall.cpython-312.pyc
/opt/conda/lib/python3.12/idlelib/idle_test/__pycache__/test_debugobj_r.cpython-312.pyc
/opt/conda/lib/python3.12/idlelib/idle_test/__pycache__/test_outwin.cpython-312.pyc
/opt/conda/lib/python3.12/idlelib/idle_test/__pycache__/htest.cpython-312.pyc
/opt/conda/lib/python3.12/idlelib/idle_test/__pycache__/test_config.cpython-312.pyc
/opt/conda/lib/python3.12/idlelib/idle_test/__pycache__/test_codecontext.cpython-312.pyc
/opt/conda/lib/python3.12/idlelib/idle_test/__pycache__/test_util.cpython-312.pyc
/opt/conda/lib/python3.12/idlelib/idle_test/__pycache__/test_textview.cpython-312.pyc
/opt/conda/lib/python3.12/idlelib/idle_test/__pycache__/test_config_key.cpython-312.pyc
/opt/conda/lib/python3.12/idlelib/idle_test/__pycache__/test_zzdummy.cpython-312.pyc
/opt/conda/lib/python3.12/idlelib/idle_test/test_warning.py
/opt/conda/lib/python3.12/idlelib/idle_test/test_run.py
/opt/conda/lib/python3.12/idlelib/idle_test/mock_tk.py
/opt/conda/lib/python3.12/idlelib/idle_test/test_debugger_r.py
/opt/conda/lib/python3.12/idlelib/idle_test/test_scrolledlist.py
/opt/conda/lib/python3.12/idlelib/idle_test/test_query.py
/opt/conda/lib/python3.12/idlelib/idle_test/test_runscript.py
/opt/conda/lib/python3.12/idlelib/idle_test/test_multicall.py
/opt/conda/lib/python3.12/idlelib/idle_test/test_codecontext.py
/opt/conda/lib/python3.12/idlelib/idle_test/test_replace.py
/opt/conda/lib/python3.12/idlelib/idle_test/test_statusbar.py
/opt/conda/lib/python3.12/idlelib/idle_test/test_history.py
/opt/conda/lib/python3.12/idlelib/idle_test/test_search.py
/opt/conda/lib/python3.12/idlelib/idle_test/test_debugobj_r.py
/opt/conda/lib/python3.12/idlelib/autoexpand.py
/opt/conda/lib/python3.12/tempfile.py
/opt/conda/lib/python3.12/glob.py
/opt/conda/lib/python3.12/hmac.py
/opt/conda/lib/python3.12/gettext.py
/opt/conda/lib/python3.12/stat.py
/opt/conda/lib/python3.12/unittest
/opt/conda/lib/python3.12/unittest/__main__.py
/opt/conda/lib/python3.12/unittest/__init__.py
/opt/conda/lib/python3.12/unittest/main.py
/opt/conda/lib/python3.12/unittest/result.py
/opt/conda/lib/python3.12/unittest/runner.py
/opt/conda/lib/python3.12/unittest/async_case.py
/opt/conda/lib/python3.12/unittest/signals.py
/opt/conda/lib/python3.12/unittest/case.py
/opt/conda/lib/python3.12/unittest/mock.py
/opt/conda/lib/python3.12/unittest/util.py
/opt/conda/lib/python3.12/unittest/suite.py
/opt/conda/lib/python3.12/unittest/__pycache__
/opt/conda/lib/python3.12/unittest/__pycache__/util.cpython-312.pyc
/opt/conda/lib/python3.12/unittest/__pycache__/runner.cpython-312.pyc
/opt/conda/lib/python3.12/unittest/__pycache__/result.cpython-312.pyc
/opt/conda/lib/python3.12/unittest/__pycache__/_log.cpython-312.pyc
/opt/conda/lib/python3.12/unittest/__pycache__/mock.cpython-312.pyc
/opt/conda/lib/python3.12/unittest/__pycache__/suite.cpython-312.pyc
/opt/conda/lib/python3.12/unittest/__pycache__/signals.cpython-312.pyc
/opt/conda/lib/python3.12/unittest/__pycache__/__init__.cpython-312.pyc
/opt/conda/lib/python3.12/unittest/__pycache__/case.cpython-312.pyc
/opt/conda/lib/python3.12/unittest/__pycache__/async_case.cpython-312.pyc
/opt/conda/lib/python3.12/unittest/__pycache__/loader.cpython-312.pyc
/opt/conda/lib/python3.12/unittest/__pycache__/main.cpython-312.pyc
/opt/conda/lib/python3.12/unittest/__pycache__/__main__.cpython-312.pyc
/opt/conda/lib/python3.12/unittest/loader.py
/opt/conda/lib/python3.12/unittest/_log.py
/opt/conda/lib/python3.12/crypt.py
/opt/conda/lib/python3.12/threading.py
/opt/conda/lib/python3.12/ast.py
/opt/conda/lib/python3.12/abc.py
/opt/conda/lib/python3.12/plistlib.py
/opt/conda/lib/python3.12/codecs.py
/opt/conda/lib/python3.12/imaplib.py
/opt/conda/lib/python3.12/opcode.py
/opt/conda/lib/python3.12/mimetypes.py
/opt/conda/lib/python3.12/_pydatetime.py
/opt/conda/lib/python3.12/linecache.py
/opt/conda/lib/python3.12/keyword.py
/opt/conda/lib/python3.12/fnmatch.py
/opt/conda/lib/python3.12/_sitebuiltins.py
/opt/conda/lib/python3.12/posixpath.py
/opt/conda/lib/python3.12/bz2.py
/opt/conda/lib/python3.12/json
/opt/conda/lib/python3.12/json/__init__.py
/opt/conda/lib/python3.12/json/decoder.py
/opt/conda/lib/python3.12/json/encoder.py
/opt/conda/lib/python3.12/json/__pycache__
/opt/conda/lib/python3.12/json/__pycache__/encoder.cpython-312.pyc
/opt/conda/lib/python3.12/json/__pycache__/__init__.cpython-312.pyc
/opt/conda/lib/python3.12/json/__pycache__/scanner.cpython-312.pyc
/opt/conda/lib/python3.12/json/__pycache__/decoder.cpython-312.pyc
/opt/conda/lib/python3.12/json/__pycache__/tool.cpython-312.pyc
/opt/conda/lib/python3.12/json/tool.py
/opt/conda/lib/python3.12/json/scanner.py
/opt/conda/lib/python3.12/locale.py
/opt/conda/lib/python3.12/sqlite3
/opt/conda/lib/python3.12/sqlite3/dbapi2.py
/opt/conda/lib/python3.12/sqlite3/__main__.py
/opt/conda/lib/python3.12/sqlite3/__init__.py
/opt/conda/lib/python3.12/sqlite3/dump.py
/opt/conda/lib/python3.12/sqlite3/__pycache__
/opt/conda/lib/python3.12/sqlite3/__pycache__/dbapi2.cpython-312.pyc
/opt/conda/lib/python3.12/sqlite3/__pycache__/dump.cpython-312.pyc
/opt/conda/lib/python3.12/sqlite3/__pycache__/__init__.cpython-312.pyc
/opt/conda/lib/python3.12/sqlite3/__pycache__/__main__.cpython-312.pyc
/opt/conda/lib/python3.12/selectors.py
/opt/conda/lib/python3.12/__hello__.py
/opt/conda/lib/python3.12/dataclasses.py
/opt/conda/lib/python3.12/doctest.py
/opt/conda/lib/python3.12/timeit.py
/opt/conda/lib/python3.12/difflib.py
/opt/conda/lib/python3.12/token.py
/opt/conda/lib/python3.12/antigravity.py
/opt/conda/lib/python3.12/copy.py
/opt/conda/lib/python3.12/encodings
/opt/conda/lib/python3.12/encodings/mac_roman.py
/opt/conda/lib/python3.12/encodings/quopri_codec.py
/opt/conda/lib/python3.12/encodings/cp720.py
/opt/conda/lib/python3.12/encodings/unicode_escape.py
/opt/conda/lib/python3.12/encodings/kz1048.py
/opt/conda/lib/python3.12/encodings/utf_16.py
/opt/conda/lib/python3.12/encodings/iso2022_jp_3.py
/opt/conda/lib/python3.12/encodings/utf_16_be.py
/opt/conda/lib/python3.12/encodings/base64_codec.py
/opt/conda/lib/python3.12/encodings/cp1140.py
/opt/conda/lib/python3.12/encodings/iso8859_3.py
/opt/conda/lib/python3.12/encodings/mac_iceland.py
/opt/conda/lib/python3.12/encodings/utf_32.py
/opt/conda/lib/python3.12/encodings/__init__.py
/opt/conda/lib/python3.12/encodings/palmos.py
/opt/conda/lib/python3.12/encodings/cp863.py
/opt/conda/lib/python3.12/encodings/shift_jis_2004.py
/opt/conda/lib/python3.12/encodings/cp1250.py
/opt/conda/lib/python3.12/encodings/iso2022_jp.py
/opt/conda/lib/python3.12/encodings/cp1125.py
/opt/conda/lib/python3.12/encodings/hz.py
/opt/conda/lib/python3.12/encodings/shift_jisx0213.py
/opt/conda/lib/python3.12/encodings/utf_32_be.py
/opt/conda/lib/python3.12/encodings/johab.py
/opt/conda/lib/python3.12/encodings/iso8859_5.py
/opt/conda/lib/python3.12/encodings/rot_13.py
/opt/conda/lib/python3.12/encodings/cp850.py
/opt/conda/lib/python3.12/encodings/mac_latin2.py
/opt/conda/lib/python3.12/encodings/gb18030.py
/opt/conda/lib/python3.12/encodings/cp864.py
/opt/conda/lib/python3.12/encodings/big5hkscs.py
/opt/conda/lib/python3.12/encodings/iso8859_9.py
/opt/conda/lib/python3.12/encodings/iso8859_8.py
/opt/conda/lib/python3.12/encodings/bz2_codec.py
/opt/conda/lib/python3.12/encodings/cp775.py
/opt/conda/lib/python3.12/encodings/cp932.py
/opt/conda/lib/python3.12/encodings/ascii.py
/opt/conda/lib/python3.12/encodings/cp1251.py
/opt/conda/lib/python3.12/encodings/cp1026.py
/opt/conda/lib/python3.12/encodings/cp737.py
/opt/conda/lib/python3.12/encodings/hex_codec.py
/opt/conda/lib/python3.12/encodings/mac_cyrillic.py
/opt/conda/lib/python3.12/encodings/cp861.py
/opt/conda/lib/python3.12/encodings/gbk.py
/opt/conda/lib/python3.12/encodings/iso8859_15.py
/opt/conda/lib/python3.12/encodings/mac_arabic.py
/opt/conda/lib/python3.12/encodings/cp1252.py
/opt/conda/lib/python3.12/encodings/cp1006.py
/opt/conda/lib/python3.12/encodings/iso8859_1.py
/opt/conda/lib/python3.12/encodings/mbcs.py
/opt/conda/lib/python3.12/encodings/utf_32_le.py
/opt/conda/lib/python3.12/encodings/euc_jisx0213.py
/opt/conda/lib/python3.12/encodings/utf_7.py
/opt/conda/lib/python3.12/encodings/iso8859_7.py
/opt/conda/lib/python3.12/encodings/cp1256.py
/opt/conda/lib/python3.12/encodings/cp437.py
/opt/conda/lib/python3.12/encodings/iso8859_6.py
/opt/conda/lib/python3.12/encodings/cp869.py
/opt/conda/lib/python3.12/encodings/hp_roman8.py
/opt/conda/lib/python3.12/encodings/zlib_codec.py
/opt/conda/lib/python3.12/encodings/cp273.py
/opt/conda/lib/python3.12/encodings/big5.py
/opt/conda/lib/python3.12/encodings/shift_jis.py
/opt/conda/lib/python3.12/encodings/mac_turkish.py
/opt/conda/lib/python3.12/encodings/cp1257.py
/opt/conda/lib/python3.12/encodings/cp855.py
/opt/conda/lib/python3.12/encodings/cp1254.py
/opt/conda/lib/python3.12/encodings/undefined.py
/opt/conda/lib/python3.12/encodings/cp424.py
/opt/conda/lib/python3.12/encodings/iso8859_14.py
/opt/conda/lib/python3.12/encodings/uu_codec.py
/opt/conda/lib/python3.12/encodings/cp852.py
/opt/conda/lib/python3.12/encodings/cp1255.py
/opt/conda/lib/python3.12/encodings/cp857.py
/opt/conda/lib/python3.12/encodings/cp949.py
/opt/conda/lib/python3.12/encodings/iso2022_jp_ext.py
/opt/conda/lib/python3.12/encodings/koi8_r.py
/opt/conda/lib/python3.12/encodings/cp500.py
/opt/conda/lib/python3.12/encodings/punycode.py
/opt/conda/lib/python3.12/encodings/latin_1.py
/opt/conda/lib/python3.12/encodings/__pycache__
/opt/conda/lib/python3.12/encodings/__pycache__/idna.cpython-312.pyc
/opt/conda/lib/python3.12/encodings/__pycache__/euc_jis_2004.cpython-312.pyc
/opt/conda/lib/python3.12/encodings/__pycache__/iso8859_6.cpython-312.pyc
/opt/conda/lib/python3.12/encodings/__pycache__/cp737.cpython-312.pyc
/opt/conda/lib/python3.12/encodings/__pycache__/cp1253.cpython-312.pyc
/opt/conda/lib/python3.12/encodings/__pycache__/rot_13.cpython-312.pyc
/opt/conda/lib/python3.12/encodings/__pycache__/uu_codec.cpython-312.pyc
/opt/conda/lib/python3.12/encodings/__pycache__/cp424.cpython-312.pyc
/opt/conda/lib/python3.12/encodings/__pycache__/cp860.cpython-312.pyc
/opt/conda/lib/python3.12/encodings/__pycache__/mac_latin2.cpython-312.pyc
/opt/conda/lib/python3.12/encodings/__pycache__/euc_jisx0213.cpython-312.pyc
/opt/conda/lib/python3.12/encodings/__pycache__/latin_1.cpython-312.pyc
/opt/conda/lib/python3.12/encodings/__pycache__/cp869.cpython-312.pyc
/opt/conda/lib/python3.12/encodings/__pycache__/oem.cpython-312.pyc
/opt/conda/lib/python3.12/encodings/__pycache__/iso2022_jp_3.cpython-312.pyc
/opt/conda/lib/python3.12/encodings/__pycache__/iso8859_2.cpython-312.pyc
/opt/conda/lib/python3.12/encodings/__pycache__/mac_turkish.cpython-312.pyc
/opt/conda/lib/python3.12/encodings/__pycache__/koi8_u.cpython-312.pyc
/opt/conda/lib/python3.12/encodings/__pycache__/cp875.cpython-312.pyc
/opt/conda/lib/python3.12/encodings/__pycache__/iso2022_jp_2.cpython-312.pyc
/opt/conda/lib/python3.12/encodings/__pycache__/shift_jis.cpython-312.pyc
/opt/conda/lib/python3.12/encodings/__pycache__/cp500.cpython-312.pyc
/opt/conda/lib/python3.12/encodings/__pycache__/utf_32_be.cpython-312.pyc
/opt/conda/lib/python3.12/encodings/__pycache__/koi8_r.cpython-312.pyc
/opt/conda/lib/python3.12/encodings/__pycache__/kz1048.cpython-312.pyc
/opt/conda/lib/python3.12/encodings/__pycache__/iso8859_15.cpython-312.pyc
/opt/conda/lib/python3.12/encodings/__pycache__/mbcs.cpython-312.pyc
/opt/conda/lib/python3.12/encodings/__pycache__/quopri_codec.cpython-312.pyc
/opt/conda/lib/python3.12/encodings/__pycache__/ptcp154.cpython-312.pyc
/opt/conda/lib/python3.12/encodings/__pycache__/raw_unicode_escape.cpython-312.pyc
/opt/conda/lib/python3.12/encodings/__pycache__/mac_arabic.cpython-312.pyc
/opt/conda/lib/python3.12/encodings/__pycache__/mac_croatian.cpython-312.pyc
/opt/conda/lib/python3.12/encodings/__pycache__/cp1026.cpython-312.pyc
/opt/conda/lib/python3.12/encodings/__pycache__/cp852.cpython-312.pyc
/opt/conda/lib/python3.12/encodings/__pycache__/euc_jp.cpython-312.pyc
/opt/conda/lib/python3.12/encodings/__pycache__/utf_16.cpython-312.pyc
/opt/conda/lib/python3.12/encodings/__pycache__/gb18030.cpython-312.pyc
/opt/conda/lib/python3.12/encodings/__pycache__/punycode.cpython-312.pyc
/opt/conda/lib/python3.12/encodings/__pycache__/cp850.cpython-312.pyc
/opt/conda/lib/python3.12/encodings/__pycache__/iso8859_10.cpython-312.pyc
/opt/conda/lib/python3.12/encodings/__pycache__/aliases.cpython-312.pyc
/opt/conda/lib/python3.12/encodings/__pycache__/cp1140.cpython-312.pyc
/opt/conda/lib/python3.12/encodings/__pycache__/cp866.cpython-312.pyc
/opt/conda/lib/python3.12/encodings/__pycache__/cp1255.cpython-312.pyc
/opt/conda/lib/python3.12/encodings/__pycache__/cp932.cpython-312.pyc
/opt/conda/lib/python3.12/encodings/__pycache__/undefined.cpython-312.pyc
/opt/conda/lib/python3.12/encodings/__pycache__/zlib_codec.cpython-312.pyc
/opt/conda/lib/python3.12/encodings/__pycache__/cp863.cpython-312.pyc
/opt/conda/lib/python3.12/encodings/__pycache__/iso8859_7.cpython-312.pyc
/opt/conda/lib/python3.12/encodings/__pycache__/mac_farsi.cpython-312.pyc
/opt/conda/lib/python3.12/encodings/__pycache__/cp949.cpython-312.pyc
/opt/conda/lib/python3.12/encodings/__pycache__/iso8859_4.cpython-312.pyc
/opt/conda/lib/python3.12/encodings/__pycache__/cp862.cpython-312.pyc
/opt/conda/lib/python3.12/encodings/__pycache__/mac_romanian.cpython-312.pyc
/opt/conda/lib/python3.12/encodings/__pycache__/iso8859_8.cpython-312.pyc
/opt/conda/lib/python3.12/encodings/__pycache__/cp273.cpython-312.pyc
/opt/conda/lib/python3.12/encodings/__pycache__/utf_7.cpython-312.pyc
/opt/conda/lib/python3.12/encodings/__pycache__/koi8_t.cpython-312.pyc
/opt/conda/lib/python3.12/encodings/__pycache__/cp1250.cpython-312.pyc
/opt/conda/lib/python3.12/encodings/__pycache__/cp1251.cpython-312.pyc
/opt/conda/lib/python3.12/encodings/__pycache__/iso8859_1.cpython-312.pyc
/opt/conda/lib/python3.12/encodings/__pycache__/cp857.cpython-312.pyc
/opt/conda/lib/python3.12/encodings/__pycache__/utf_8.cpython-312.pyc
/opt/conda/lib/python3.12/encodings/__pycache__/palmos.cpython-312.pyc
/opt/conda/lib/python3.12/encodings/__pycache__/iso2022_kr.cpython-312.pyc
/opt/conda/lib/python3.12/encodings/__pycache__/mac_iceland.cpython-312.pyc
/opt/conda/lib/python3.12/encodings/__pycache__/cp865.cpython-312.pyc
/opt/conda/lib/python3.12/encodings/__pycache__/utf_32.cpython-312.pyc
/opt/conda/lib/python3.12/encodings/__pycache__/utf_16_le.cpython-312.pyc
/opt/conda/lib/python3.12/encodings/__pycache__/utf_8_sig.cpython-312.pyc
/opt/conda/lib/python3.12/encodings/__pycache__/base64_codec.cpython-312.pyc
/opt/conda/lib/python3.12/encodings/__pycache__/cp1256.cpython-312.pyc
/opt/conda/lib/python3.12/encodings/__pycache__/iso8859_11.cpython-312.pyc
/opt/conda/lib/python3.12/encodings/__pycache__/tis_620.cpython-312.pyc
/opt/conda/lib/python3.12/encodings/__pycache__/euc_kr.cpython-312.pyc
/opt/conda/lib/python3.12/encodings/__pycache__/johab.cpython-312.pyc
/opt/conda/lib/python3.12/encodings/__pycache__/cp1257.cpython-312.pyc
/opt/conda/lib/python3.12/encodings/__pycache__/cp1125.cpython-312.pyc
/opt/conda/lib/python3.12/encodings/__pycache__/big5.cpython-312.pyc
/opt/conda/lib/python3.12/encodings/__pycache__/shift_jisx0213.cpython-312.pyc
/opt/conda/lib/python3.12/encodings/__pycache__/cp437.cpython-312.pyc
/opt/conda/lib/python3.12/encodings/__pycache__/hex_codec.cpython-312.pyc
/opt/conda/lib/python3.12/encodings/__pycache__/mac_roman.cpython-312.pyc
/opt/conda/lib/python3.12/encodings/__pycache__/iso2022_jp_ext.cpython-312.pyc
/opt/conda/lib/python3.12/encodings/__pycache__/bz2_codec.cpython-312.pyc
/opt/conda/lib/python3.12/encodings/__pycache__/iso2022_jp.cpython-312.pyc
/opt/conda/lib/python3.12/encodings/__pycache__/iso2022_jp_1.cpython-312.pyc
/opt/conda/lib/python3.12/encodings/__pycache__/cp775.cpython-312.pyc
/opt/conda/lib/python3.12/encodings/__pycache__/__init__.cpython-312.pyc
/opt/conda/lib/python3.12/encodings/__pycache__/hp_roman8.cpython-312.pyc
/opt/conda/lib/python3.12/encodings/__pycache__/charmap.cpython-312.pyc
/opt/conda/lib/python3.12/encodings/__pycache__/utf_16_be.cpython-312.pyc
/opt/conda/lib/python3.12/encodings/__pycache__/cp1252.cpython-312.pyc
/opt/conda/lib/python3.12/encodings/__pycache__/cp861.cpython-312.pyc
/opt/conda/lib/python3.12/encodings/__pycache__/cp1254.cpython-312.pyc
/opt/conda/lib/python3.12/encodings/__pycache__/iso8859_5.cpython-312.pyc
/opt/conda/lib/python3.12/encodings/__pycache__/unicode_escape.cpython-312.pyc
/opt/conda/lib/python3.12/encodings/__pycache__/iso8859_9.cpython-312.pyc
/opt/conda/lib/python3.12/encodings/__pycache__/iso2022_jp_2004.cpython-312.pyc
/opt/conda/lib/python3.12/encodings/__pycache__/big5hkscs.cpython-312.pyc
/opt/conda/lib/python3.12/encodings/__pycache__/cp950.cpython-312.pyc
/opt/conda/lib/python3.12/encodings/__pycache__/ascii.cpython-312.pyc
/opt/conda/lib/python3.12/encodings/__pycache__/iso8859_14.cpython-312.pyc
/opt/conda/lib/python3.12/encodings/__pycache__/shift_jis_2004.cpython-312.pyc
/opt/conda/lib/python3.12/encodings/__pycache__/utf_32_le.cpython-312.pyc
/opt/conda/lib/python3.12/encodings/__pycache__/iso8859_13.cpython-312.pyc
/opt/conda/lib/python3.12/encodings/__pycache__/mac_cyrillic.cpython-312.pyc
/opt/conda/lib/python3.12/encodings/__pycache__/cp856.cpython-312.pyc
/opt/conda/lib/python3.12/encodings/__pycache__/gb2312.cpython-312.pyc
/opt/conda/lib/python3.12/encodings/__pycache__/cp1258.cpython-312.pyc
/opt/conda/lib/python3.12/encodings/__pycache__/cp037.cpython-312.pyc
/opt/conda/lib/python3.12/encodings/__pycache__/cp720.cpython-312.pyc
/opt/conda/lib/python3.12/encodings/__pycache__/gbk.cpython-312.pyc
/opt/conda/lib/python3.12/encodings/__pycache__/cp855.cpython-312.pyc
/opt/conda/lib/python3.12/encodings/__pycache__/cp874.cpython-312.pyc
/opt/conda/lib/python3.12/encodings/__pycache__/cp864.cpython-312.pyc
/opt/conda/lib/python3.12/encodings/__pycache__/cp858.cpython-312.pyc
/opt/conda/lib/python3.12/encodings/__pycache__/cp1006.cpython-312.pyc
/opt/conda/lib/python3.12/encodings/__pycache__/iso8859_16.cpython-312.pyc
/opt/conda/lib/python3.12/encodings/__pycache__/iso8859_3.cpython-312.pyc
/opt/conda/lib/python3.12/encodings/__pycache__/mac_greek.cpython-312.pyc
/opt/conda/lib/python3.12/encodings/__pycache__/hz.cpython-312.pyc
/opt/conda/lib/python3.12/encodings/cp1258.py
/opt/conda/lib/python3.12/encodings/cp856.py
/opt/conda/lib/python3.12/encodings/iso8859_16.py
/opt/conda/lib/python3.12/encodings/mac_croatian.py
/opt/conda/lib/python3.12/encodings/iso8859_4.py
/opt/conda/lib/python3.12/encodings/utf_8.py
/opt/conda/lib/python3.12/encodings/cp875.py
/opt/conda/lib/python3.12/encodings/cp865.py
/opt/conda/lib/python3.12/encodings/iso2022_jp_1.py
/opt/conda/lib/python3.12/encodings/aliases.py
/opt/conda/lib/python3.12/encodings/iso8859_2.py
/opt/conda/lib/python3.12/encodings/mac_farsi.py
/opt/conda/lib/python3.12/encodings/raw_unicode_escape.py
/opt/conda/lib/python3.12/encodings/cp862.py
/opt/conda/lib/python3.12/encodings/ptcp154.py
/opt/conda/lib/python3.12/encodings/utf_8_sig.py
/opt/conda/lib/python3.12/encodings/mac_greek.py
/opt/conda/lib/python3.12/encodings/charmap.py
/opt/conda/lib/python3.12/encodings/euc_jis_2004.py
/opt/conda/lib/python3.12/encodings/cp866.py
/opt/conda/lib/python3.12/encodings/euc_jp.py
/opt/conda/lib/python3.12/encodings/cp860.py
/opt/conda/lib/python3.12/encodings/gb2312.py
/opt/conda/lib/python3.12/encodings/tis_620.py
/opt/conda/lib/python3.12/encodings/utf_16_le.py
/opt/conda/lib/python3.12/encodings/mac_romanian.py
/opt/conda/lib/python3.12/encodings/oem.py
/opt/conda/lib/python3.12/encodings/iso8859_10.py
/opt/conda/lib/python3.12/encodings/cp950.py
/opt/conda/lib/python3.12/encodings/iso2022_jp_2004.py
/opt/conda/lib/python3.12/encodings/cp037.py
/opt/conda/lib/python3.12/encodings/iso8859_13.py
/opt/conda/lib/python3.12/encodings/cp874.py
/opt/conda/lib/python3.12/encodings/iso8859_11.py
/opt/conda/lib/python3.12/encodings/koi8_u.py
/opt/conda/lib/python3.12/encodings/iso2022_kr.py
/opt/conda/lib/python3.12/encodings/cp858.py
/opt/conda/lib/python3.12/encodings/idna.py
/opt/conda/lib/python3.12/encodings/iso2022_jp_2.py
/opt/conda/lib/python3.12/encodings/cp1253.py
/opt/conda/lib/python3.12/encodings/koi8_t.py
/opt/conda/lib/python3.12/encodings/euc_kr.py
/opt/conda/lib/python3.12/py_compile.py
/opt/conda/lib/python3.12/_sysconfigdata_x86_64_conda_cos6_linux_gnu.py
/opt/conda/lib/python3.12/pathlib.py
/opt/conda/lib/python3.12/html
/opt/conda/lib/python3.12/html/__init__.py
/opt/conda/lib/python3.12/html/parser.py
/opt/conda/lib/python3.12/html/entities.py
/opt/conda/lib/python3.12/html/__pycache__
/opt/conda/lib/python3.12/html/__pycache__/entities.cpython-312.pyc
/opt/conda/lib/python3.12/html/__pycache__/__init__.cpython-312.pyc
/opt/conda/lib/python3.12/html/__pycache__/parser.cpython-312.pyc
/opt/conda/lib/python3.12/quopri.py
/opt/conda/lib/python3.12/argparse.py
/opt/conda/lib/python3.12/random.py
/opt/conda/lib/python3.12/_sysconfigdata__linux_x86_64-linux-gnu.py
/opt/conda/lib/python3.12/rlcompleter.py
/opt/conda/lib/python3.12/concurrent
/opt/conda/lib/python3.12/concurrent/futures
/opt/conda/lib/python3.12/concurrent/futures/__init__.py
/opt/conda/lib/python3.12/concurrent/futures/thread.py
/opt/conda/lib/python3.12/concurrent/futures/process.py
/opt/conda/lib/python3.12/concurrent/futures/__pycache__
/opt/conda/lib/python3.12/concurrent/futures/__pycache__/thread.cpython-312.pyc
/opt/conda/lib/python3.12/concurrent/futures/__pycache__/_base.cpython-312.pyc
/opt/conda/lib/python3.12/concurrent/futures/__pycache__/process.cpython-312.pyc
/opt/conda/lib/python3.12/concurrent/futures/__pycache__/__init__.cpython-312.pyc
/opt/conda/lib/python3.12/concurrent/futures/_base.py
/opt/conda/lib/python3.12/concurrent/__init__.py
/opt/conda/lib/python3.12/concurrent/__pycache__
/opt/conda/lib/python3.12/concurrent/__pycache__/__init__.cpython-312.pyc
/opt/conda/lib/python3.12/struct.py
/opt/conda/lib/python3.12/chunk.py
/opt/conda/lib/python3.12/cProfile.py
/opt/conda/lib/python3.12/config-3.12-x86_64-linux-gnu
/opt/conda/lib/python3.12/config-3.12-x86_64-linux-gnu/Setup.stdlib
/opt/conda/lib/python3.12/config-3.12-x86_64-linux-gnu/Setup.local
/opt/conda/lib/python3.12/config-3.12-x86_64-linux-gnu/Setup
/opt/conda/lib/python3.12/config-3.12-x86_64-linux-gnu/Makefile
/opt/conda/lib/python3.12/config-3.12-x86_64-linux-gnu/config.c.in
/opt/conda/lib/python3.12/config-3.12-x86_64-linux-gnu/python-config.py
/opt/conda/lib/python3.12/config-3.12-x86_64-linux-gnu/makesetup
/opt/conda/lib/python3.12/config-3.12-x86_64-linux-gnu/Setup.bootstrap
/opt/conda/lib/python3.12/config-3.12-x86_64-linux-gnu/install-sh
/opt/conda/lib/python3.12/config-3.12-x86_64-linux-gnu/__pycache__
/opt/conda/lib/python3.12/config-3.12-x86_64-linux-gnu/__pycache__/python-config.cpython-312.pyc
/opt/conda/lib/python3.12/config-3.12-x86_64-linux-gnu/config.c
/opt/conda/lib/python3.12/config-3.12-x86_64-linux-gnu/python.o
/opt/conda/lib/python3.12/cgitb.py
/opt/conda/lib/python3.12/modulefinder.py
/opt/conda/lib/python3.12/_collections_abc.py
/opt/conda/lib/python3.12/ipaddress.py
/opt/conda/lib/python3.12/venv
/opt/conda/lib/python3.12/venv/__main__.py
/opt/conda/lib/python3.12/venv/__init__.py
/opt/conda/lib/python3.12/venv/__pycache__
/opt/conda/lib/python3.12/venv/__pycache__/__init__.cpython-312.pyc
/opt/conda/lib/python3.12/venv/__pycache__/__main__.cpython-312.pyc
/opt/conda/lib/python3.12/venv/scripts
/opt/conda/lib/python3.12/venv/scripts/posix
/opt/conda/lib/python3.12/venv/scripts/posix/activate.csh
/opt/conda/lib/python3.12/venv/scripts/posix/activate.fish
/opt/conda/lib/python3.12/venv/scripts/common
/opt/conda/lib/python3.12/venv/scripts/common/Activate.ps1
/opt/conda/lib/python3.12/venv/scripts/common/activate
/opt/conda/lib/python3.12/numbers.py
/opt/conda/lib/python3.12/pydoc_data
/opt/conda/lib/python3.12/pydoc_data/__init__.py
/opt/conda/lib/python3.12/pydoc_data/topics.py
/opt/conda/lib/python3.12/pydoc_data/_pydoc.css
/opt/conda/lib/python3.12/pydoc_data/__pycache__
/opt/conda/lib/python3.12/pydoc_data/__pycache__/topics.cpython-312.pyc
/opt/conda/lib/python3.12/pydoc_data/__pycache__/__init__.cpython-312.pyc
/opt/conda/lib/python3.12/typing.py
/opt/conda/lib/python3.12/sre_parse.py
/opt/conda/lib/python3.12/lib2to3
/opt/conda/lib/python3.12/lib2to3/fixes
/opt/conda/lib/python3.12/lib2to3/fixes/fix_types.py
/opt/conda/lib/python3.12/lib2to3/fixes/fix_asserts.py
/opt/conda/lib/python3.12/lib2to3/fixes/fix_intern.py
/opt/conda/lib/python3.12/lib2to3/fixes/fix_ne.py
/opt/conda/lib/python3.12/lib2to3/fixes/fix_nonzero.py
/opt/conda/lib/python3.12/lib2to3/fixes/fix_set_literal.py
/opt/conda/lib/python3.12/lib2to3/fixes/fix_future.py
/opt/conda/lib/python3.12/lib2to3/fixes/fix_raw_input.py
/opt/conda/lib/python3.12/lib2to3/fixes/fix_operator.py
/opt/conda/lib/python3.12/lib2to3/fixes/fix_print.py
/opt/conda/lib/python3.12/lib2to3/fixes/__init__.py
/opt/conda/lib/python3.12/lib2to3/fixes/fix_import.py
/opt/conda/lib/python3.12/lib2to3/fixes/fix_renames.py
/opt/conda/lib/python3.12/lib2to3/fixes/fix_exitfunc.py
/opt/conda/lib/python3.12/lib2to3/fixes/fix_throw.py
/opt/conda/lib/python3.12/lib2to3/fixes/fix_itertools.py
/opt/conda/lib/python3.12/lib2to3/fixes/fix_reduce.py
/opt/conda/lib/python3.12/lib2to3/fixes/fix_raise.py
/opt/conda/lib/python3.12/lib2to3/fixes/fix_idioms.py
/opt/conda/lib/python3.12/lib2to3/fixes/fix_except.py
/opt/conda/lib/python3.12/lib2to3/fixes/fix_has_key.py
/opt/conda/lib/python3.12/lib2to3/fixes/fix_itertools_imports.py
/opt/conda/lib/python3.12/lib2to3/fixes/fix_xrange.py
/opt/conda/lib/python3.12/lib2to3/fixes/fix_urllib.py
/opt/conda/lib/python3.12/lib2to3/fixes/fix_filter.py
/opt/conda/lib/python3.12/lib2to3/fixes/fix_reload.py
/opt/conda/lib/python3.12/lib2to3/fixes/fix_isinstance.py
/opt/conda/lib/python3.12/lib2to3/fixes/fix_apply.py
/opt/conda/lib/python3.12/lib2to3/fixes/fix_methodattrs.py
/opt/conda/lib/python3.12/lib2to3/fixes/fix_map.py
/opt/conda/lib/python3.12/lib2to3/fixes/fix_getcwdu.py
/opt/conda/lib/python3.12/lib2to3/fixes/fix_paren.py
/opt/conda/lib/python3.12/lib2to3/fixes/fix_input.py
/opt/conda/lib/python3.12/lib2to3/fixes/fix_basestring.py
/opt/conda/lib/python3.12/lib2to3/fixes/fix_next.py
/opt/conda/lib/python3.12/lib2to3/fixes/fix_ws_comma.py
/opt/conda/lib/python3.12/lib2to3/fixes/fix_execfile.py
/opt/conda/lib/python3.12/lib2to3/fixes/fix_metaclass.py
/opt/conda/lib/python3.12/lib2to3/fixes/fix_funcattrs.py
/opt/conda/lib/python3.12/lib2to3/fixes/fix_tuple_params.py
/opt/conda/lib/python3.12/lib2to3/fixes/fix_dict.py
/opt/conda/lib/python3.12/lib2to3/fixes/__pycache__
/opt/conda/lib/python3.12/lib2to3/fixes/__pycache__/fix_intern.cpython-312.pyc
/opt/conda/lib/python3.12/lib2to3/fixes/__pycache__/fix_getcwdu.cpython-312.pyc
/opt/conda/lib/python3.12/lib2to3/fixes/__pycache__/fix_operator.cpython-312.pyc
/opt/conda/lib/python3.12/lib2to3/fixes/__pycache__/fix_tuple_params.cpython-312.pyc
/opt/conda/lib/python3.12/lib2to3/fixes/__pycache__/fix_sys_exc.cpython-312.pyc
/opt/conda/lib/python3.12/lib2to3/fixes/__pycache__/fix_idioms.cpython-312.pyc
/opt/conda/lib/python3.12/lib2to3/fixes/__pycache__/fix_set_literal.cpython-312.pyc
/opt/conda/lib/python3.12/lib2to3/fixes/__pycache__/fix_print.cpython-312.pyc
/opt/conda/lib/python3.12/lib2to3/fixes/__pycache__/fix_long.cpython-312.pyc
/opt/conda/lib/python3.12/lib2to3/fixes/__pycache__/fix_standarderror.cpython-312.pyc
/opt/conda/lib/python3.12/lib2to3/fixes/__pycache__/fix_future.cpython-312.pyc
/opt/conda/lib/python3.12/lib2to3/fixes/__pycache__/fix_buffer.cpython-312.pyc
/opt/conda/lib/python3.12/lib2to3/fixes/__pycache__/fix_reduce.cpython-312.pyc
/opt/conda/lib/python3.12/lib2to3/fixes/__pycache__/fix_exitfunc.cpython-312.pyc
/opt/conda/lib/python3.12/lib2to3/fixes/__pycache__/fix_renames.cpython-312.pyc
/opt/conda/lib/python3.12/lib2to3/fixes/__pycache__/fix_map.cpython-312.pyc
/opt/conda/lib/python3.12/lib2to3/fixes/__pycache__/fix_exec.cpython-312.pyc
/opt/conda/lib/python3.12/lib2to3/fixes/__pycache__/fix_numliterals.cpython-312.pyc
/opt/conda/lib/python3.12/lib2to3/fixes/__pycache__/fix_execfile.cpython-312.pyc
/opt/conda/lib/python3.12/lib2to3/fixes/__pycache__/fix_input.cpython-312.pyc
/opt/conda/lib/python3.12/lib2to3/fixes/__pycache__/fix_methodattrs.cpython-312.pyc
/opt/conda/lib/python3.12/lib2to3/fixes/__pycache__/fix_metaclass.cpython-312.pyc
/opt/conda/lib/python3.12/lib2to3/fixes/__pycache__/fix_except.cpython-312.pyc
/opt/conda/lib/python3.12/lib2to3/fixes/__pycache__/fix_xreadlines.cpython-312.pyc
/opt/conda/lib/python3.12/lib2to3/fixes/__pycache__/fix_nonzero.cpython-312.pyc
/opt/conda/lib/python3.12/lib2to3/fixes/__pycache__/fix_has_key.cpython-312.pyc
/opt/conda/lib/python3.12/lib2to3/fixes/__pycache__/fix_types.cpython-312.pyc
/opt/conda/lib/python3.12/lib2to3/fixes/__pycache__/fix_raise.cpython-312.pyc
/opt/conda/lib/python3.12/lib2to3/fixes/__pycache__/fix_funcattrs.cpython-312.pyc
/opt/conda/lib/python3.12/lib2to3/fixes/__pycache__/fix_import.cpython-312.pyc
/opt/conda/lib/python3.12/lib2to3/fixes/__pycache__/fix_ne.cpython-312.pyc
/opt/conda/lib/python3.12/lib2to3/fixes/__pycache__/fix_basestring.cpython-312.pyc
/opt/conda/lib/python3.12/lib2to3/fixes/__pycache__/fix_next.cpython-312.pyc
/opt/conda/lib/python3.12/lib2to3/fixes/__pycache__/fix_isinstance.cpython-312.pyc
/opt/conda/lib/python3.12/lib2to3/fixes/__pycache__/fix_repr.cpython-312.pyc
/opt/conda/lib/python3.12/lib2to3/fixes/__pycache__/fix_imports.cpython-312.pyc
/opt/conda/lib/python3.12/lib2to3/fixes/__pycache__/__init__.cpython-312.pyc
/opt/conda/lib/python3.12/lib2to3/fixes/__pycache__/fix_throw.cpython-312.pyc
/opt/conda/lib/python3.12/lib2to3/fixes/__pycache__/fix_xrange.cpython-312.pyc
/opt/conda/lib/python3.12/lib2to3/fixes/__pycache__/fix_dict.cpython-312.pyc
/opt/conda/lib/python3.12/lib2to3/fixes/__pycache__/fix_raw_input.cpython-312.pyc
/opt/conda/lib/python3.12/lib2to3/fixes/__pycache__/fix_itertools.cpython-312.pyc
/opt/conda/lib/python3.12/lib2to3/fixes/__pycache__/fix_ws_comma.cpython-312.pyc
/opt/conda/lib/python3.12/lib2to3/fixes/__pycache__/fix_itertools_imports.cpython-312.pyc
/opt/conda/lib/python3.12/lib2to3/fixes/__pycache__/fix_paren.cpython-312.pyc
/opt/conda/lib/python3.12/lib2to3/fixes/__pycache__/fix_zip.cpython-312.pyc
/opt/conda/lib/python3.12/lib2to3/fixes/__pycache__/fix_filter.cpython-312.pyc
/opt/conda/lib/python3.12/lib2to3/fixes/__pycache__/fix_reload.cpython-312.pyc
/opt/conda/lib/python3.12/lib2to3/fixes/__pycache__/fix_unicode.cpython-312.pyc
/opt/conda/lib/python3.12/lib2to3/fixes/__pycache__/fix_asserts.cpython-312.pyc
/opt/conda/lib/python3.12/lib2to3/fixes/__pycache__/fix_urllib.cpython-312.pyc
/opt/conda/lib/python3.12/lib2to3/fixes/__pycache__/fix_apply.cpython-312.pyc
/opt/conda/lib/python3.12/lib2to3/fixes/__pycache__/fix_imports2.cpython-312.pyc
/opt/conda/lib/python3.12/lib2to3/fixes/fix_long.py
/opt/conda/lib/python3.12/lib2to3/fixes/fix_sys_exc.py
/opt/conda/lib/python3.12/lib2to3/fixes/fix_exec.py
/opt/conda/lib/python3.12/lib2to3/fixes/fix_xreadlines.py
/opt/conda/lib/python3.12/lib2to3/fixes/fix_numliterals.py
/opt/conda/lib/python3.12/lib2to3/fixes/fix_repr.py
/opt/conda/lib/python3.12/lib2to3/fixes/fix_imports.py
/opt/conda/lib/python3.12/lib2to3/fixes/fix_unicode.py
/opt/conda/lib/python3.12/lib2to3/fixes/fix_zip.py
/opt/conda/lib/python3.12/lib2to3/fixes/fix_standarderror.py
/opt/conda/lib/python3.12/lib2to3/fixes/fix_imports2.py
/opt/conda/lib/python3.12/lib2to3/fixes/fix_buffer.py
/opt/conda/lib/python3.12/lib2to3/__main__.py
/opt/conda/lib/python3.12/lib2to3/__init__.py
/opt/conda/lib/python3.12/lib2to3/main.py
/opt/conda/lib/python3.12/lib2to3/pygram.py
/opt/conda/lib/python3.12/lib2to3/refactor.py
/opt/conda/lib/python3.12/lib2to3/pgen2
/opt/conda/lib/python3.12/lib2to3/pgen2/tokenize.py
/opt/conda/lib/python3.12/lib2to3/pgen2/__init__.py
/opt/conda/lib/python3.12/lib2to3/pgen2/conv.py
/opt/conda/lib/python3.12/lib2to3/pgen2/literals.py
/opt/conda/lib/python3.12/lib2to3/pgen2/token.py
/opt/conda/lib/python3.12/lib2to3/pgen2/grammar.py
/opt/conda/lib/python3.12/lib2to3/pgen2/__pycache__
/opt/conda/lib/python3.12/lib2to3/pgen2/__pycache__/literals.cpython-312.pyc
/opt/conda/lib/python3.12/lib2to3/pgen2/__pycache__/driver.cpython-312.pyc
/opt/conda/lib/python3.12/lib2to3/pgen2/__pycache__/parse.cpython-312.pyc
/opt/conda/lib/python3.12/lib2to3/pgen2/__pycache__/grammar.cpython-312.pyc
/opt/conda/lib/python3.12/lib2to3/pgen2/__pycache__/token.cpython-312.pyc
/opt/conda/lib/python3.12/lib2to3/pgen2/__pycache__/__init__.cpython-312.pyc
/opt/conda/lib/python3.12/lib2to3/pgen2/__pycache__/tokenize.cpython-312.pyc
/opt/conda/lib/python3.12/lib2to3/pgen2/__pycache__/conv.cpython-312.pyc
/opt/conda/lib/python3.12/lib2to3/pgen2/__pycache__/pgen.cpython-312.pyc
/opt/conda/lib/python3.12/lib2to3/pgen2/pgen.py
/opt/conda/lib/python3.12/lib2to3/pgen2/parse.py
/opt/conda/lib/python3.12/lib2to3/pgen2/driver.py
/opt/conda/lib/python3.12/lib2to3/patcomp.py
/opt/conda/lib/python3.12/lib2to3/btm_matcher.py
/opt/conda/lib/python3.12/lib2to3/Grammar3.12.3.final.0.pickle
/opt/conda/lib/python3.12/lib2to3/PatternGrammar.txt
/opt/conda/lib/python3.12/lib2to3/fixer_base.py
/opt/conda/lib/python3.12/lib2to3/pytree.py
/opt/conda/lib/python3.12/lib2to3/__pycache__
/opt/conda/lib/python3.12/lib2to3/__pycache__/btm_utils.cpython-312.pyc
/opt/conda/lib/python3.12/lib2to3/__pycache__/pygram.cpython-312.pyc
/opt/conda/lib/python3.12/lib2to3/__pycache__/pytree.cpython-312.pyc
/opt/conda/lib/python3.12/lib2to3/__pycache__/refactor.cpython-312.pyc
/opt/conda/lib/python3.12/lib2to3/__pycache__/fixer_util.cpython-312.pyc
/opt/conda/lib/python3.12/lib2to3/__pycache__/__init__.cpython-312.pyc
/opt/conda/lib/python3.12/lib2to3/__pycache__/patcomp.cpython-312.pyc
/opt/conda/lib/python3.12/lib2to3/__pycache__/fixer_base.cpython-312.pyc
/opt/conda/lib/python3.12/lib2to3/__pycache__/main.cpython-312.pyc
/opt/conda/lib/python3.12/lib2to3/__pycache__/btm_matcher.cpython-312.pyc
/opt/conda/lib/python3.12/lib2to3/__pycache__/__main__.cpython-312.pyc
/opt/conda/lib/python3.12/lib2to3/PatternGrammar3.12.3.final.0.pickle
/opt/conda/lib/python3.12/lib2to3/fixer_util.py
/opt/conda/lib/python3.12/lib2to3/btm_utils.py
/opt/conda/lib/python3.12/lib2to3/Grammar.txt
/opt/conda/lib/python3.12/email
/opt/conda/lib/python3.12/email/quoprimime.py
/opt/conda/lib/python3.12/email/charset.py
/opt/conda/lib/python3.12/email/errors.py
/opt/conda/lib/python3.12/email/headerregistry.py
/opt/conda/lib/python3.12/email/__init__.py
/opt/conda/lib/python3.12/email/_encoded_words.py
/opt/conda/lib/python3.12/email/mime
/opt/conda/lib/python3.12/email/mime/application.py
/opt/conda/lib/python3.12/email/mime/__init__.py
/opt/conda/lib/python3.12/email/mime/nonmultipart.py
/opt/conda/lib/python3.12/email/mime/image.py
/opt/conda/lib/python3.12/email/mime/multipart.py
/opt/conda/lib/python3.12/email/mime/base.py
/opt/conda/lib/python3.12/email/mime/text.py
/opt/conda/lib/python3.12/email/mime/__pycache__
/opt/conda/lib/python3.12/email/mime/__pycache__/text.cpython-312.pyc
/opt/conda/lib/python3.12/email/mime/__pycache__/base.cpython-312.pyc
/opt/conda/lib/python3.12/email/mime/__pycache__/multipart.cpython-312.pyc
/opt/conda/lib/python3.12/email/mime/__pycache__/nonmultipart.cpython-312.pyc
/opt/conda/lib/python3.12/email/mime/__pycache__/image.cpython-312.pyc
/opt/conda/lib/python3.12/email/mime/__pycache__/message.cpython-312.pyc
/opt/conda/lib/python3.12/email/mime/__pycache__/__init__.cpython-312.pyc
/opt/conda/lib/python3.12/email/mime/__pycache__/application.cpython-312.pyc
/opt/conda/lib/python3.12/email/mime/__pycache__/audio.cpython-312.pyc
/opt/conda/lib/python3.12/email/mime/message.py
/opt/conda/lib/python3.12/email/mime/audio.py
/opt/conda/lib/python3.12/email/architecture.rst
/opt/conda/lib/python3.12/email/encoders.py
/opt/conda/lib/python3.12/email/_parseaddr.py
/opt/conda/lib/python3.12/email/header.py
/opt/conda/lib/python3.12/email/feedparser.py
/opt/conda/lib/python3.12/email/parser.py
/opt/conda/lib/python3.12/email/_header_value_parser.py
/opt/conda/lib/python3.12/email/iterators.py
/opt/conda/lib/python3.12/email/generator.py
/opt/conda/lib/python3.12/email/contentmanager.py
/opt/conda/lib/python3.12/email/policy.py
/opt/conda/lib/python3.12/email/base64mime.py
/opt/conda/lib/python3.12/email/utils.py
/opt/conda/lib/python3.12/email/__pycache__
/opt/conda/lib/python3.12/email/__pycache__/encoders.cpython-312.pyc
/opt/conda/lib/python3.12/email/__pycache__/_header_value_parser.cpython-312.pyc
/opt/conda/lib/python3.12/email/__pycache__/errors.cpython-312.pyc
/opt/conda/lib/python3.12/email/__pycache__/base64mime.cpython-312.pyc
/opt/conda/lib/python3.12/email/__pycache__/iterators.cpython-312.pyc
/opt/conda/lib/python3.12/email/__pycache__/headerregistry.cpython-312.pyc
/opt/conda/lib/python3.12/email/__pycache__/policy.cpython-312.pyc
/opt/conda/lib/python3.12/email/__pycache__/contentmanager.cpython-312.pyc
/opt/conda/lib/python3.12/email/__pycache__/_parseaddr.cpython-312.pyc
/opt/conda/lib/python3.12/email/__pycache__/_encoded_words.cpython-312.pyc
/opt/conda/lib/python3.12/email/__pycache__/quoprimime.cpython-312.pyc
/opt/conda/lib/python3.12/email/__pycache__/feedparser.cpython-312.pyc
/opt/conda/lib/python3.12/email/__pycache__/generator.cpython-312.pyc
/opt/conda/lib/python3.12/email/__pycache__/message.cpython-312.pyc
/opt/conda/lib/python3.12/email/__pycache__/__init__.cpython-312.pyc
/opt/conda/lib/python3.12/email/__pycache__/_policybase.cpython-312.pyc
/opt/conda/lib/python3.12/email/__pycache__/utils.cpython-312.pyc
/opt/conda/lib/python3.12/email/__pycache__/header.cpython-312.pyc
/opt/conda/lib/python3.12/email/__pycache__/charset.cpython-312.pyc
/opt/conda/lib/python3.12/email/__pycache__/parser.cpython-312.pyc
/opt/conda/lib/python3.12/email/message.py
/opt/conda/lib/python3.12/email/_policybase.py
/opt/conda/lib/python3.12/inspect.py
/opt/conda/lib/python3.12/telnetlib.py
/opt/conda/lib/python3.12/tomllib
/opt/conda/lib/python3.12/tomllib/_types.py
/opt/conda/lib/python3.12/tomllib/_re.py
/opt/conda/lib/python3.12/tomllib/__init__.py
/opt/conda/lib/python3.12/tomllib/__pycache__
/opt/conda/lib/python3.12/tomllib/__pycache__/_types.cpython-312.pyc
/opt/conda/lib/python3.12/tomllib/__pycache__/_re.cpython-312.pyc
/opt/conda/lib/python3.12/tomllib/__pycache__/_parser.cpython-312.pyc
/opt/conda/lib/python3.12/tomllib/__pycache__/__init__.cpython-312.pyc
/opt/conda/lib/python3.12/tomllib/_parser.py
/opt/conda/lib/python3.12/subprocess.py
/opt/conda/lib/python3.12/xmlrpc
/opt/conda/lib/python3.12/xmlrpc/__init__.py
/opt/conda/lib/python3.12/xmlrpc/__pycache__
/opt/conda/lib/python3.12/xmlrpc/__pycache__/client.cpython-312.pyc
/opt/conda/lib/python3.12/xmlrpc/__pycache__/__init__.cpython-312.pyc
/opt/conda/lib/python3.12/xmlrpc/__pycache__/server.cpython-312.pyc
/opt/conda/lib/python3.12/xmlrpc/server.py
/opt/conda/lib/python3.12/xmlrpc/client.py
/opt/conda/lib/python3.12/turtledemo
/opt/conda/lib/python3.12/turtledemo/rosette.py
/opt/conda/lib/python3.12/turtledemo/chaos.py
/opt/conda/lib/python3.12/turtledemo/__main__.py
/opt/conda/lib/python3.12/turtledemo/__init__.py
/opt/conda/lib/python3.12/turtledemo/planet_and_moon.py
/opt/conda/lib/python3.12/turtledemo/yinyang.py
/opt/conda/lib/python3.12/turtledemo/forest.py
/opt/conda/lib/python3.12/turtledemo/paint.py
/opt/conda/lib/python3.12/turtledemo/turtle.cfg
/opt/conda/lib/python3.12/turtledemo/nim.py
/opt/conda/lib/python3.12/turtledemo/peace.py
/opt/conda/lib/python3.12/turtledemo/sorting_animate.py
/opt/conda/lib/python3.12/turtledemo/tree.py
/opt/conda/lib/python3.12/turtledemo/fractalcurves.py
/opt/conda/lib/python3.12/turtledemo/round_dance.py
/opt/conda/lib/python3.12/turtledemo/penrose.py
/opt/conda/lib/python3.12/turtledemo/__pycache__
/opt/conda/lib/python3.12/turtledemo/__pycache__/yinyang.cpython-312.pyc
/opt/conda/lib/python3.12/turtledemo/__pycache__/planet_and_moon.cpython-312.pyc
/opt/conda/lib/python3.12/turtledemo/__pycache__/lindenmayer.cpython-312.pyc
/opt/conda/lib/python3.12/turtledemo/__pycache__/colormixer.cpython-312.pyc
/opt/conda/lib/python3.12/turtledemo/__pycache__/clock.cpython-312.pyc
/opt/conda/lib/python3.12/turtledemo/__pycache__/chaos.cpython-312.pyc
/opt/conda/lib/python3.12/turtledemo/__pycache__/rosette.cpython-312.pyc
/opt/conda/lib/python3.12/turtledemo/__pycache__/minimal_hanoi.cpython-312.pyc
/opt/conda/lib/python3.12/turtledemo/__pycache__/tree.cpython-312.pyc
/opt/conda/lib/python3.12/turtledemo/__pycache__/nim.cpython-312.pyc
/opt/conda/lib/python3.12/turtledemo/__pycache__/sorting_animate.cpython-312.pyc
/opt/conda/lib/python3.12/turtledemo/__pycache__/two_canvases.cpython-312.pyc
/opt/conda/lib/python3.12/turtledemo/__pycache__/forest.cpython-312.pyc
/opt/conda/lib/python3.12/turtledemo/__pycache__/peace.cpython-312.pyc
/opt/conda/lib/python3.12/turtledemo/__pycache__/paint.cpython-312.pyc
/opt/conda/lib/python3.12/turtledemo/__pycache__/__init__.cpython-312.pyc
/opt/conda/lib/python3.12/turtledemo/__pycache__/penrose.cpython-312.pyc
/opt/conda/lib/python3.12/turtledemo/__pycache__/bytedesign.cpython-312.pyc
/opt/conda/lib/python3.12/turtledemo/__pycache__/fractalcurves.cpython-312.pyc
/opt/conda/lib/python3.12/turtledemo/__pycache__/round_dance.cpython-312.pyc
/opt/conda/lib/python3.12/turtledemo/__pycache__/__main__.cpython-312.pyc
/opt/conda/lib/python3.12/turtledemo/two_canvases.py
/opt/conda/lib/python3.12/turtledemo/bytedesign.py
/opt/conda/lib/python3.12/turtledemo/colormixer.py
/opt/conda/lib/python3.12/turtledemo/lindenmayer.py
/opt/conda/lib/python3.12/turtledemo/clock.py
/opt/conda/lib/python3.12/turtledemo/minimal_hanoi.py
/opt/conda/lib/python3.12/pty.py
/opt/conda/lib/python3.12/_sysconfigdata_x86_64_conda_linux_gnu.py
/opt/conda/lib/python3.12/os.py
/opt/conda/lib/python3.12/__pycache__
/opt/conda/lib/python3.12/__pycache__/textwrap.cpython-312.pyc
/opt/conda/lib/python3.12/__pycache__/fractions.cpython-312.pyc
/opt/conda/lib/python3.12/__pycache__/codecs.cpython-312.pyc
/opt/conda/lib/python3.12/__pycache__/optparse.cpython-312.pyc
/opt/conda/lib/python3.12/__pycache__/pdb.cpython-312.pyc
/opt/conda/lib/python3.12/__pycache__/socket.cpython-312.pyc
/opt/conda/lib/python3.12/__pycache__/tarfile.cpython-312.pyc
/opt/conda/lib/python3.12/__pycache__/_pydatetime.cpython-312.pyc
/opt/conda/lib/python3.12/__pycache__/uuid.cpython-312.pyc
/opt/conda/lib/python3.12/__pycache__/keyword.cpython-312.pyc
/opt/conda/lib/python3.12/__pycache__/ftplib.cpython-312.pyc
/opt/conda/lib/python3.12/__pycache__/numbers.cpython-312.pyc
/opt/conda/lib/python3.12/__pycache__/imaplib.cpython-312.pyc
/opt/conda/lib/python3.12/__pycache__/_sysconfigdata_x86_64_conda_linux_gnu.cpython-312.pyc
/opt/conda/lib/python3.12/__pycache__/pkgutil.cpython-312.pyc
/opt/conda/lib/python3.12/__pycache__/copy.cpython-312.pyc
/opt/conda/lib/python3.12/__pycache__/getpass.cpython-312.pyc
/opt/conda/lib/python3.12/__pycache__/nntplib.cpython-312.pyc
/opt/conda/lib/python3.12/__pycache__/io.cpython-312.pyc
/opt/conda/lib/python3.12/__pycache__/cgi.cpython-312.pyc
/opt/conda/lib/python3.12/__pycache__/_sitebuiltins.cpython-312.pyc
/opt/conda/lib/python3.12/__pycache__/sched.cpython-312.pyc
/opt/conda/lib/python3.12/__pycache__/datetime.cpython-312.pyc
/opt/conda/lib/python3.12/__pycache__/ast.cpython-312.pyc
/opt/conda/lib/python3.12/__pycache__/__future__.cpython-312.pyc
/opt/conda/lib/python3.12/__pycache__/code.cpython-312.pyc
/opt/conda/lib/python3.12/__pycache__/typing.cpython-312.pyc
/opt/conda/lib/python3.12/__pycache__/codeop.cpython-312.pyc
/opt/conda/lib/python3.12/__pycache__/netrc.cpython-312.pyc
/opt/conda/lib/python3.12/__pycache__/ssl.cpython-312.pyc
/opt/conda/lib/python3.12/__pycache__/timeit.cpython-312.pyc
/opt/conda/lib/python3.12/__pycache__/difflib.cpython-312.pyc
/opt/conda/lib/python3.12/__pycache__/zipapp.cpython-312.pyc
/opt/conda/lib/python3.12/__pycache__/pty.cpython-312.pyc
/opt/conda/lib/python3.12/__pycache__/sunau.cpython-312.pyc
/opt/conda/lib/python3.12/__pycache__/this.cpython-312.pyc
/opt/conda/lib/python3.12/__pycache__/_markupbase.cpython-312.pyc
/opt/conda/lib/python3.12/__pycache__/csv.cpython-312.pyc
/opt/conda/lib/python3.12/__pycache__/profile.cpython-312.pyc
/opt/conda/lib/python3.12/__pycache__/mailbox.cpython-312.pyc
/opt/conda/lib/python3.12/__pycache__/opcode.cpython-312.pyc
/opt/conda/lib/python3.12/__pycache__/dataclasses.cpython-312.pyc
/opt/conda/lib/python3.12/__pycache__/_sysconfigdata_x86_64_conda_cos6_linux_gnu.cpython-312.pyc
/opt/conda/lib/python3.12/__pycache__/_compression.cpython-312.pyc
/opt/conda/lib/python3.12/__pycache__/enum.cpython-312.pyc
/opt/conda/lib/python3.12/__pycache__/shutil.cpython-312.pyc
/opt/conda/lib/python3.12/__pycache__/functools.cpython-312.pyc
/opt/conda/lib/python3.12/__pycache__/contextlib.cpython-312.pyc
/opt/conda/lib/python3.12/__pycache__/sre_compile.cpython-312.pyc
/opt/conda/lib/python3.12/__pycache__/shlex.cpython-312.pyc
/opt/conda/lib/python3.12/__pycache__/linecache.cpython-312.pyc
/opt/conda/lib/python3.12/__pycache__/tempfile.cpython-312.pyc
/opt/conda/lib/python3.12/__pycache__/fileinput.cpython-312.pyc
/opt/conda/lib/python3.12/__pycache__/_weakrefset.cpython-312.pyc
/opt/conda/lib/python3.12/__pycache__/glob.cpython-312.pyc
/opt/conda/lib/python3.12/__pycache__/pyclbr.cpython-312.pyc
/opt/conda/lib/python3.12/__pycache__/operator.cpython-312.pyc
/opt/conda/lib/python3.12/__pycache__/secrets.cpython-312.pyc
/opt/conda/lib/python3.12/__pycache__/gettext.cpython-312.pyc
/opt/conda/lib/python3.12/__pycache__/locale.cpython-312.pyc
/opt/conda/lib/python3.12/__pycache__/_strptime.cpython-312.pyc
/opt/conda/lib/python3.12/__pycache__/hashlib.cpython-312.pyc
/opt/conda/lib/python3.12/__pycache__/reprlib.cpython-312.pyc
/opt/conda/lib/python3.12/__pycache__/warnings.cpython-312.pyc
/opt/conda/lib/python3.12/__pycache__/_py_abc.cpython-312.pyc
/opt/conda/lib/python3.12/__pycache__/platform.cpython-312.pyc
/opt/conda/lib/python3.12/__pycache__/colorsys.cpython-312.pyc
/opt/conda/lib/python3.12/__pycache__/modulefinder.cpython-312.pyc
/opt/conda/lib/python3.12/__pycache__/weakref.cpython-312.pyc
/opt/conda/lib/python3.12/__pycache__/bz2.cpython-312.pyc
/opt/conda/lib/python3.12/__pycache__/statistics.cpython-312.pyc
/opt/conda/lib/python3.12/__pycache__/cmd.cpython-312.pyc
/opt/conda/lib/python3.12/__pycache__/imghdr.cpython-312.pyc
/opt/conda/lib/python3.12/__pycache__/decimal.cpython-312.pyc
/opt/conda/lib/python3.12/__pycache__/socketserver.cpython-312.pyc
/opt/conda/lib/python3.12/__pycache__/string.cpython-312.pyc
/opt/conda/lib/python3.12/__pycache__/stat.cpython-312.pyc
/opt/conda/lib/python3.12/__pycache__/compileall.cpython-312.pyc
/opt/conda/lib/python3.12/__pycache__/tracemalloc.cpython-312.pyc
/opt/conda/lib/python3.12/__pycache__/quopri.cpython-312.pyc
/opt/conda/lib/python3.12/__pycache__/_pydecimal.cpython-312.pyc
/opt/conda/lib/python3.12/__pycache__/_osx_support.cpython-312.pyc
/opt/conda/lib/python3.12/__pycache__/configparser.cpython-312.pyc
/opt/conda/lib/python3.12/__pycache__/lzma.cpython-312.pyc
/opt/conda/lib/python3.12/__pycache__/base64.cpython-312.pyc
/opt/conda/lib/python3.12/__pycache__/shelve.cpython-312.pyc
/opt/conda/lib/python3.12/__pycache__/trace.cpython-312.pyc
/opt/conda/lib/python3.12/__pycache__/tabnanny.cpython-312.pyc
/opt/conda/lib/python3.12/__pycache__/bisect.cpython-312.pyc
/opt/conda/lib/python3.12/__pycache__/dis.cpython-312.pyc
/opt/conda/lib/python3.12/__pycache__/bdb.cpython-312.pyc
/opt/conda/lib/python3.12/__pycache__/runpy.cpython-312.pyc
/opt/conda/lib/python3.12/__pycache__/plistlib.cpython-312.pyc
/opt/conda/lib/python3.12/__pycache__/chunk.cpython-312.pyc
/opt/conda/lib/python3.12/__pycache__/mimetypes.cpython-312.pyc
/opt/conda/lib/python3.12/__pycache__/__hello__.cpython-312.pyc
/opt/conda/lib/python3.12/__pycache__/tty.cpython-312.pyc
/opt/conda/lib/python3.12/__pycache__/pipes.cpython-312.pyc
/opt/conda/lib/python3.12/__pycache__/_pyio.cpython-312.pyc
/opt/conda/lib/python3.12/__pycache__/graphlib.cpython-312.pyc
/opt/conda/lib/python3.12/__pycache__/contextvars.cpython-312.pyc
/opt/conda/lib/python3.12/__pycache__/mailcap.cpython-312.pyc
/opt/conda/lib/python3.12/__pycache__/turtle.cpython-312.pyc
/opt/conda/lib/python3.12/__pycache__/py_compile.cpython-312.pyc
/opt/conda/lib/python3.12/__pycache__/token.cpython-312.pyc
/opt/conda/lib/python3.12/__pycache__/argparse.cpython-312.pyc
/opt/conda/lib/python3.12/__pycache__/ipaddress.cpython-312.pyc
/opt/conda/lib/python3.12/__pycache__/struct.cpython-312.pyc
/opt/conda/lib/python3.12/__pycache__/stringprep.cpython-312.pyc
/opt/conda/lib/python3.12/__pycache__/uu.cpython-312.pyc
/opt/conda/lib/python3.12/__pycache__/site.cpython-312.pyc
/opt/conda/lib/python3.12/__pycache__/fnmatch.cpython-312.pyc
/opt/conda/lib/python3.12/__pycache__/traceback.cpython-312.pyc
/opt/conda/lib/python3.12/__pycache__/xdrlib.cpython-312.pyc
/opt/conda/lib/python3.12/__pycache__/threading.cpython-312.pyc
/opt/conda/lib/python3.12/__pycache__/_sysconfigdata__linux_x86_64-linux-gnu.cpython-312.pyc
/opt/conda/lib/python3.12/__pycache__/_aix_support.cpython-312.pyc
/opt/conda/lib/python3.12/__pycache__/wave.cpython-312.pyc
/opt/conda/lib/python3.12/__pycache__/pickle.cpython-312.pyc
/opt/conda/lib/python3.12/__pycache__/filecmp.cpython-312.pyc
/opt/conda/lib/python3.12/__pycache__/_collections_abc.cpython-312.pyc
/opt/conda/lib/python3.12/__pycache__/os.cpython-312.pyc
/opt/conda/lib/python3.12/__pycache__/zipimport.cpython-312.pyc
/opt/conda/lib/python3.12/__pycache__/hmac.cpython-312.pyc
/opt/conda/lib/python3.12/__pycache__/symtable.cpython-312.pyc
/opt/conda/lib/python3.12/__pycache__/cProfile.cpython-312.pyc
/opt/conda/lib/python3.12/__pycache__/pprint.cpython-312.pyc
/opt/conda/lib/python3.12/__pycache__/selectors.cpython-312.pyc
/opt/conda/lib/python3.12/__pycache__/antigravity.cpython-312.pyc
/opt/conda/lib/python3.12/__pycache__/_pylong.cpython-312.pyc
/opt/conda/lib/python3.12/__pycache__/copyreg.cpython-312.pyc
/opt/conda/lib/python3.12/__pycache__/heapq.cpython-312.pyc
/opt/conda/lib/python3.12/__pycache__/pydoc.cpython-312.pyc
/opt/conda/lib/python3.12/__pycache__/sysconfig.cpython-312.pyc
/opt/conda/lib/python3.12/__pycache__/smtplib.cpython-312.pyc
/opt/conda/lib/python3.12/__pycache__/tokenize.cpython-312.pyc
/opt/conda/lib/python3.12/__pycache__/crypt.cpython-312.pyc
/opt/conda/lib/python3.12/__pycache__/types.cpython-312.pyc
/opt/conda/lib/python3.12/__pycache__/webbrowser.cpython-312.pyc
/opt/conda/lib/python3.12/__pycache__/pathlib.cpython-312.pyc
/opt/conda/lib/python3.12/__pycache__/getopt.cpython-312.pyc
/opt/conda/lib/python3.12/__pycache__/rlcompleter.cpython-312.pyc
/opt/conda/lib/python3.12/__pycache__/poplib.cpython-312.pyc
/opt/conda/lib/python3.12/__pycache__/genericpath.cpython-312.pyc
/opt/conda/lib/python3.12/__pycache__/_threading_local.cpython-312.pyc
/opt/conda/lib/python3.12/__pycache__/posixpath.cpython-312.pyc
/opt/conda/lib/python3.12/__pycache__/sre_constants.cpython-312.pyc
/opt/conda/lib/python3.12/__pycache__/sre_parse.cpython-312.pyc
/opt/conda/lib/python3.12/__pycache__/gzip.cpython-312.pyc
/opt/conda/lib/python3.12/__pycache__/calendar.cpython-312.pyc
/opt/conda/lib/python3.12/__pycache__/aifc.cpython-312.pyc
/opt/conda/lib/python3.12/__pycache__/doctest.cpython-312.pyc
/opt/conda/lib/python3.12/__pycache__/_compat_pickle.cpython-312.pyc
/opt/conda/lib/python3.12/__pycache__/abc.cpython-312.pyc
/opt/conda/lib/python3.12/__pycache__/pstats.cpython-312.pyc
/opt/conda/lib/python3.12/__pycache__/nturl2path.cpython-312.pyc
/opt/conda/lib/python3.12/__pycache__/sndhdr.cpython-312.pyc
/opt/conda/lib/python3.12/__pycache__/ntpath.cpython-312.pyc
/opt/conda/lib/python3.12/__pycache__/subprocess.cpython-312.pyc
/opt/conda/lib/python3.12/__pycache__/inspect.cpython-312.pyc
/opt/conda/lib/python3.12/__pycache__/telnetlib.cpython-312.pyc
/opt/conda/lib/python3.12/__pycache__/random.cpython-312.pyc
/opt/conda/lib/python3.12/__pycache__/queue.cpython-312.pyc
/opt/conda/lib/python3.12/__pycache__/pickletools.cpython-312.pyc
/opt/conda/lib/python3.12/__pycache__/cgitb.cpython-312.pyc
/opt/conda/lib/python3.12/__pycache__/signal.cpython-312.pyc
/opt/conda/lib/python3.12/fileinput.py
/opt/conda/lib/python3.12/fractions.py
/opt/conda/lib/python3.12/lzma.py
/opt/conda/lib/python3.12/dis.py
/opt/conda/lib/python3.12/weakref.py
/opt/conda/lib/python3.12/urllib
/opt/conda/lib/python3.12/urllib/__init__.py
/opt/conda/lib/python3.12/urllib/response.py
/opt/conda/lib/python3.12/urllib/error.py
/opt/conda/lib/python3.12/urllib/robotparser.py
/opt/conda/lib/python3.12/urllib/request.py
/opt/conda/lib/python3.12/urllib/__pycache__
/opt/conda/lib/python3.12/urllib/__pycache__/error.cpython-312.pyc
/opt/conda/lib/python3.12/urllib/__pycache__/response.cpython-312.pyc
/opt/conda/lib/python3.12/urllib/__pycache__/parse.cpython-312.pyc
/opt/conda/lib/python3.12/urllib/__pycache__/robotparser.cpython-312.pyc
/opt/conda/lib/python3.12/urllib/__pycache__/__init__.cpython-312.pyc
/opt/conda/lib/python3.12/urllib/__pycache__/request.cpython-312.pyc
/opt/conda/lib/python3.12/urllib/parse.py
/opt/conda/lib/python3.12/hashlib.py
/opt/conda/lib/python3.12/textwrap.py
/opt/conda/lib/python3.12/_sysconfigdata__linux_x86_64-linux-gnu.py.orig
/opt/conda/lib/python3.12/_osx_support.py
/opt/conda/lib/python3.12/colorsys.py
/opt/conda/lib/python3.12/graphlib.py
/opt/conda/lib/python3.12/wave.py
/opt/conda/lib/python3.12/compileall.py
/opt/conda/lib/python3.12/getpass.py
/opt/conda/lib/python3.12/_compression.py
/opt/conda/lib/python3.12/uuid.py
/opt/conda/lib/python3.12/_strptime.py
/opt/conda/lib/python3.12/lib-dynload
/opt/conda/lib/python3.12/lib-dynload/xxsubtype.cpython-312-x86_64-linux-gnu.so
/opt/conda/lib/python3.12/lib-dynload/_testinternalcapi.cpython-312-x86_64-linux-gnu.so
/opt/conda/lib/python3.12/lib-dynload/_json.cpython-312-x86_64-linux-gnu.so
/opt/conda/lib/python3.12/lib-dynload/_codecs_iso2022.cpython-312-x86_64-linux-gnu.so
/opt/conda/lib/python3.12/lib-dynload/_ssl.cpython-312-x86_64-linux-gnu.so
/opt/conda/lib/python3.12/lib-dynload/_queue.cpython-312-x86_64-linux-gnu.so
/opt/conda/lib/python3.12/lib-dynload/_ctypes_test.cpython-312-x86_64-linux-gnu.so
/opt/conda/lib/python3.12/lib-dynload/_random.cpython-312-x86_64-linux-gnu.so
/opt/conda/lib/python3.12/lib-dynload/_contextvars.cpython-312-x86_64-linux-gnu.so
/opt/conda/lib/python3.12/lib-dynload/_codecs_cn.cpython-312-x86_64-linux-gnu.so
/opt/conda/lib/python3.12/lib-dynload/_codecs_tw.cpython-312-x86_64-linux-gnu.so
/opt/conda/lib/python3.12/lib-dynload/resource.cpython-312-x86_64-linux-gnu.so
/opt/conda/lib/python3.12/lib-dynload/_pickle.cpython-312-x86_64-linux-gnu.so
/opt/conda/lib/python3.12/lib-dynload/_xxsubinterpreters.cpython-312-x86_64-linux-gnu.so
/opt/conda/lib/python3.12/lib-dynload/_sha3.cpython-312-x86_64-linux-gnu.so
/opt/conda/lib/python3.12/lib-dynload/binascii.cpython-312-x86_64-linux-gnu.so
/opt/conda/lib/python3.12/lib-dynload/_testmultiphase.cpython-312-x86_64-linux-gnu.so
/opt/conda/lib/python3.12/lib-dynload/_multiprocessing.cpython-312-x86_64-linux-gnu.so
/opt/conda/lib/python3.12/lib-dynload/fcntl.cpython-312-x86_64-linux-gnu.so
/opt/conda/lib/python3.12/lib-dynload/_testsinglephase.cpython-312-x86_64-linux-gnu.so
/opt/conda/lib/python3.12/lib-dynload/_sha2.cpython-312-x86_64-linux-gnu.so
/opt/conda/lib/python3.12/lib-dynload/_ctypes.cpython-312-x86_64-linux-gnu.so
/opt/conda/lib/python3.12/lib-dynload/_curses.cpython-312-x86_64-linux-gnu.so
/opt/conda/lib/python3.12/lib-dynload/_uuid.cpython-312-x86_64-linux-gnu.so
/opt/conda/lib/python3.12/lib-dynload/_multibytecodec.cpython-312-x86_64-linux-gnu.so
/opt/conda/lib/python3.12/lib-dynload/_codecs_kr.cpython-312-x86_64-linux-gnu.so
/opt/conda/lib/python3.12/lib-dynload/_statistics.cpython-312-x86_64-linux-gnu.so
/opt/conda/lib/python3.12/lib-dynload/_testclinic.cpython-312-x86_64-linux-gnu.so
/opt/conda/lib/python3.12/lib-dynload/select.cpython-312-x86_64-linux-gnu.so
/opt/conda/lib/python3.12/lib-dynload/_sqlite3.cpython-312-x86_64-linux-gnu.so
/opt/conda/lib/python3.12/lib-dynload/xxlimited.cpython-312-x86_64-linux-gnu.so
/opt/conda/lib/python3.12/lib-dynload/xxlimited_35.cpython-312-x86_64-linux-gnu.so
/opt/conda/lib/python3.12/lib-dynload/syslog.cpython-312-x86_64-linux-gnu.so
/opt/conda/lib/python3.12/lib-dynload/_lzma.cpython-312-x86_64-linux-gnu.so
/opt/conda/lib/python3.12/lib-dynload/grp.cpython-312-x86_64-linux-gnu.so
/opt/conda/lib/python3.12/lib-dynload/_elementtree.cpython-312-x86_64-linux-gnu.so
/opt/conda/lib/python3.12/lib-dynload/_zoneinfo.cpython-312-x86_64-linux-gnu.so
/opt/conda/lib/python3.12/lib-dynload/_codecs_hk.cpython-312-x86_64-linux-gnu.so
/opt/conda/lib/python3.12/lib-dynload/_sha1.cpython-312-x86_64-linux-gnu.so
/opt/conda/lib/python3.12/lib-dynload/_decimal.cpython-312-x86_64-linux-gnu.so
/opt/conda/lib/python3.12/lib-dynload/_testcapi.cpython-312-x86_64-linux-gnu.so
/opt/conda/lib/python3.12/lib-dynload/_datetime.cpython-312-x86_64-linux-gnu.so
/opt/conda/lib/python3.12/lib-dynload/_md5.cpython-312-x86_64-linux-gnu.so
/opt/conda/lib/python3.12/lib-dynload/nis.cpython-312-x86_64-linux-gnu.so
/opt/conda/lib/python3.12/lib-dynload/readline.cpython-312-x86_64-linux-gnu.so
/opt/conda/lib/python3.12/lib-dynload/_hashlib.cpython-312-x86_64-linux-gnu.so
/opt/conda/lib/python3.12/lib-dynload/_heapq.cpython-312-x86_64-linux-gnu.so
/opt/conda/lib/python3.12/lib-dynload/_crypt.cpython-312-x86_64-linux-gnu.so
/opt/conda/lib/python3.12/lib-dynload/array.cpython-312-x86_64-linux-gnu.so
/opt/conda/lib/python3.12/lib-dynload/termios.cpython-312-x86_64-linux-gnu.so
/opt/conda/lib/python3.12/lib-dynload/_codecs_jp.cpython-312-x86_64-linux-gnu.so
/opt/conda/lib/python3.12/lib-dynload/math.cpython-312-x86_64-linux-gnu.so
/opt/conda/lib/python3.12/lib-dynload/_lsprof.cpython-312-x86_64-linux-gnu.so
/opt/conda/lib/python3.12/lib-dynload/_struct.cpython-312-x86_64-linux-gnu.so
/opt/conda/lib/python3.12/lib-dynload/audioop.cpython-312-x86_64-linux-gnu.so
/opt/conda/lib/python3.12/lib-dynload/zlib.cpython-312-x86_64-linux-gnu.so
/opt/conda/lib/python3.12/lib-dynload/_blake2.cpython-312-x86_64-linux-gnu.so
/opt/conda/lib/python3.12/lib-dynload/unicodedata.cpython-312-x86_64-linux-gnu.so
/opt/conda/lib/python3.12/lib-dynload/ossaudiodev.cpython-312-x86_64-linux-gnu.so
/opt/conda/lib/python3.12/lib-dynload/_xxinterpchannels.cpython-312-x86_64-linux-gnu.so
/opt/conda/lib/python3.12/lib-dynload/_tkinter.cpython-312-x86_64-linux-gnu.so
/opt/conda/lib/python3.12/lib-dynload/_bz2.cpython-312-x86_64-linux-gnu.so
/opt/conda/lib/python3.12/lib-dynload/_socket.cpython-312-x86_64-linux-gnu.so
/opt/conda/lib/python3.12/lib-dynload/_bisect.cpython-312-x86_64-linux-gnu.so
/opt/conda/lib/python3.12/lib-dynload/_xxtestfuzz.cpython-312-x86_64-linux-gnu.so
/opt/conda/lib/python3.12/lib-dynload/spwd.cpython-312-x86_64-linux-gnu.so
/opt/conda/lib/python3.12/lib-dynload/pyexpat.cpython-312-x86_64-linux-gnu.so
/opt/conda/lib/python3.12/lib-dynload/_testbuffer.cpython-312-x86_64-linux-gnu.so
/opt/conda/lib/python3.12/lib-dynload/_csv.cpython-312-x86_64-linux-gnu.so
/opt/conda/lib/python3.12/lib-dynload/_curses_panel.cpython-312-x86_64-linux-gnu.so
/opt/conda/lib/python3.12/lib-dynload/_testimportmultiple.cpython-312-x86_64-linux-gnu.so
/opt/conda/lib/python3.12/lib-dynload/_opcode.cpython-312-x86_64-linux-gnu.so
/opt/conda/lib/python3.12/lib-dynload/mmap.cpython-312-x86_64-linux-gnu.so
/opt/conda/lib/python3.12/lib-dynload/_posixshmem.cpython-312-x86_64-linux-gnu.so
/opt/conda/lib/python3.12/lib-dynload/cmath.cpython-312-x86_64-linux-gnu.so
/opt/conda/lib/python3.12/lib-dynload/_asyncio.cpython-312-x86_64-linux-gnu.so
/opt/conda/lib/python3.12/lib-dynload/_posixsubprocess.cpython-312-x86_64-linux-gnu.so
/opt/conda/lib/python3.12/cgi.py
/opt/conda/lib/python3.12/_pydecimal.py
/opt/conda/lib/python3.12/operator.py
/opt/conda/lib/python3.12/contextvars.py
/opt/conda/lib/python3.12/tkinter
/opt/conda/lib/python3.12/tkinter/__main__.py
/opt/conda/lib/python3.12/tkinter/__init__.py
/opt/conda/lib/python3.12/tkinter/dialog.py
/opt/conda/lib/python3.12/tkinter/commondialog.py
/opt/conda/lib/python3.12/tkinter/scrolledtext.py
/opt/conda/lib/python3.12/tkinter/simpledialog.py
/opt/conda/lib/python3.12/tkinter/font.py
/opt/conda/lib/python3.12/tkinter/messagebox.py
/opt/conda/lib/python3.12/tkinter/dnd.py
/opt/conda/lib/python3.12/tkinter/filedialog.py
/opt/conda/lib/python3.12/tkinter/tix.py
/opt/conda/lib/python3.12/tkinter/__pycache__
/opt/conda/lib/python3.12/tkinter/__pycache__/tix.cpython-312.pyc
/opt/conda/lib/python3.12/tkinter/__pycache__/dnd.cpython-312.pyc
/opt/conda/lib/python3.12/tkinter/__pycache__/dialog.cpython-312.pyc
/opt/conda/lib/python3.12/tkinter/__pycache__/filedialog.cpython-312.pyc
/opt/conda/lib/python3.12/tkinter/__pycache__/scrolledtext.cpython-312.pyc
/opt/conda/lib/python3.12/tkinter/__pycache__/commondialog.cpython-312.pyc
/opt/conda/lib/python3.12/tkinter/__pycache__/simpledialog.cpython-312.pyc
/opt/conda/lib/python3.12/tkinter/__pycache__/ttk.cpython-312.pyc
/opt/conda/lib/python3.12/tkinter/__pycache__/__init__.cpython-312.pyc
/opt/conda/lib/python3.12/tkinter/__pycache__/colorchooser.cpython-312.pyc
/opt/conda/lib/python3.12/tkinter/__pycache__/constants.cpython-312.pyc
/opt/conda/lib/python3.12/tkinter/__pycache__/font.cpython-312.pyc
/opt/conda/lib/python3.12/tkinter/__pycache__/messagebox.cpython-312.pyc
/opt/conda/lib/python3.12/tkinter/__pycache__/__main__.cpython-312.pyc
/opt/conda/lib/python3.12/tkinter/ttk.py
/opt/conda/lib/python3.12/tkinter/colorchooser.py
/opt/conda/lib/python3.12/tkinter/constants.py
/opt/conda/lib/python3.12/sre_compile.py
/opt/conda/lib/python3.12/pstats.py
/opt/conda/lib/python3.12/tty.py
/opt/conda/lib/python3.12/webbrowser.py
/opt/conda/lib/python3.12/tabnanny.py
/opt/conda/lib/python3.12/zoneinfo
/opt/conda/lib/python3.12/zoneinfo/__init__.py
/opt/conda/lib/python3.12/zoneinfo/_common.py
/opt/conda/lib/python3.12/zoneinfo/_zoneinfo.py
/opt/conda/lib/python3.12/zoneinfo/__pycache__
/opt/conda/lib/python3.12/zoneinfo/__pycache__/_common.cpython-312.pyc
/opt/conda/lib/python3.12/zoneinfo/__pycache__/_zoneinfo.cpython-312.pyc
/opt/conda/lib/python3.12/zoneinfo/__pycache__/__init__.cpython-312.pyc
/opt/conda/lib/python3.12/zoneinfo/__pycache__/_tzpath.cpython-312.pyc
/opt/conda/lib/python3.12/zoneinfo/_tzpath.py
/opt/conda/lib/python3.12/runpy.py
/opt/conda/lib/python3.12/configparser.py
/opt/conda/lib/python3.12/filecmp.py
/opt/conda/lib/python3.12/sysconfig.py
/opt/conda/lib/python3.12/asyncio
/opt/conda/lib/python3.12/asyncio/base_subprocess.py
/opt/conda/lib/python3.12/asyncio/log.py
/opt/conda/lib/python3.12/asyncio/__main__.py
/opt/conda/lib/python3.12/asyncio/proactor_events.py
/opt/conda/lib/python3.12/asyncio/format_helpers.py
/opt/conda/lib/python3.12/asyncio/__init__.py
/opt/conda/lib/python3.12/asyncio/tasks.py
/opt/conda/lib/python3.12/asyncio/events.py
/opt/conda/lib/python3.12/asyncio/protocols.py
/opt/conda/lib/python3.12/asyncio/transports.py
/opt/conda/lib/python3.12/asyncio/threads.py
/opt/conda/lib/python3.12/asyncio/streams.py
/opt/conda/lib/python3.12/asyncio/queues.py
/opt/conda/lib/python3.12/asyncio/base_events.py
/opt/conda/lib/python3.12/asyncio/timeouts.py
/opt/conda/lib/python3.12/asyncio/coroutines.py
/opt/conda/lib/python3.12/asyncio/selector_events.py
/opt/conda/lib/python3.12/asyncio/mixins.py
/opt/conda/lib/python3.12/asyncio/windows_events.py
/opt/conda/lib/python3.12/asyncio/futures.py
/opt/conda/lib/python3.12/asyncio/locks.py
/opt/conda/lib/python3.12/asyncio/runners.py
/opt/conda/lib/python3.12/asyncio/subprocess.py
/opt/conda/lib/python3.12/asyncio/__pycache__
/opt/conda/lib/python3.12/asyncio/__pycache__/threads.cpython-312.pyc
/opt/conda/lib/python3.12/asyncio/__pycache__/proactor_events.cpython-312.pyc
/opt/conda/lib/python3.12/asyncio/__pycache__/sslproto.cpython-312.pyc
/opt/conda/lib/python3.12/asyncio/__pycache__/base_tasks.cpython-312.pyc
/opt/conda/lib/python3.12/asyncio/__pycache__/futures.cpython-312.pyc
/opt/conda/lib/python3.12/asyncio/__pycache__/base_subprocess.cpython-312.pyc
/opt/conda/lib/python3.12/asyncio/__pycache__/log.cpython-312.pyc
/opt/conda/lib/python3.12/asyncio/__pycache__/windows_events.cpython-312.pyc
/opt/conda/lib/python3.12/asyncio/__pycache__/windows_utils.cpython-312.pyc
/opt/conda/lib/python3.12/asyncio/__pycache__/format_helpers.cpython-312.pyc
/opt/conda/lib/python3.12/asyncio/__pycache__/coroutines.cpython-312.pyc
/opt/conda/lib/python3.12/asyncio/__pycache__/unix_events.cpython-312.pyc
/opt/conda/lib/python3.12/asyncio/__pycache__/protocols.cpython-312.pyc
/opt/conda/lib/python3.12/asyncio/__pycache__/mixins.cpython-312.pyc
/opt/conda/lib/python3.12/asyncio/__pycache__/transports.cpython-312.pyc
/opt/conda/lib/python3.12/asyncio/__pycache__/events.cpython-312.pyc
/opt/conda/lib/python3.12/asyncio/__pycache__/runners.cpython-312.pyc
/opt/conda/lib/python3.12/asyncio/__pycache__/timeouts.cpython-312.pyc
/opt/conda/lib/python3.12/asyncio/__pycache__/__init__.cpython-312.pyc
/opt/conda/lib/python3.12/asyncio/__pycache__/taskgroups.cpython-312.pyc
/opt/conda/lib/python3.12/asyncio/__pycache__/locks.cpython-312.pyc
/opt/conda/lib/python3.12/asyncio/__pycache__/queues.cpython-312.pyc
/opt/conda/lib/python3.12/asyncio/__pycache__/base_futures.cpython-312.pyc
/opt/conda/lib/python3.12/asyncio/__pycache__/staggered.cpython-312.pyc
/opt/conda/lib/python3.12/asyncio/__pycache__/constants.cpython-312.pyc
/opt/conda/lib/python3.12/asyncio/__pycache__/selector_events.cpython-312.pyc
/opt/conda/lib/python3.12/asyncio/__pycache__/exceptions.cpython-312.pyc
/opt/conda/lib/python3.12/asyncio/__pycache__/trsock.cpython-312.pyc
/opt/conda/lib/python3.12/asyncio/__pycache__/tasks.cpython-312.pyc
/opt/conda/lib/python3.12/asyncio/__pycache__/subprocess.cpython-312.pyc
/opt/conda/lib/python3.12/asyncio/__pycache__/streams.cpython-312.pyc
/opt/conda/lib/python3.12/asyncio/__pycache__/base_events.cpython-312.pyc
/opt/conda/lib/python3.12/asyncio/__pycache__/__main__.cpython-312.pyc
/opt/conda/lib/python3.12/asyncio/base_tasks.py
/opt/conda/lib/python3.12/asyncio/base_futures.py
/opt/conda/lib/python3.12/asyncio/taskgroups.py
/opt/conda/lib/python3.12/asyncio/exceptions.py
/opt/conda/lib/python3.12/asyncio/windows_utils.py
/opt/conda/lib/python3.12/asyncio/sslproto.py
/opt/conda/lib/python3.12/asyncio/staggered.py
/opt/conda/lib/python3.12/asyncio/unix_events.py
/opt/conda/lib/python3.12/asyncio/trsock.py
/opt/conda/lib/python3.12/asyncio/constants.py
/opt/conda/lib/python3.12/socketserver.py
/opt/conda/lib/python3.12/turtle.py
/opt/conda/lib/python3.12/_pyio.py
/opt/conda/lib/python3.12/decimal.py
/opt/conda/lib/python3.12/types.py
/opt/conda/lib/python3.12/_markupbase.py
/opt/conda/lib/python3.12/importlib
/opt/conda/lib/python3.12/importlib/readers.py
/opt/conda/lib/python3.12/importlib/_abc.py
/opt/conda/lib/python3.12/importlib/__init__.py
/opt/conda/lib/python3.12/importlib/_bootstrap.py
/opt/conda/lib/python3.12/importlib/abc.py
/opt/conda/lib/python3.12/importlib/metadata
/opt/conda/lib/python3.12/importlib/metadata/__init__.py
/opt/conda/lib/python3.12/importlib/metadata/_text.py
/opt/conda/lib/python3.12/importlib/metadata/_meta.py
/opt/conda/lib/python3.12/importlib/metadata/_functools.py
/opt/conda/lib/python3.12/importlib/metadata/_itertools.py
/opt/conda/lib/python3.12/importlib/metadata/__pycache__
/opt/conda/lib/python3.12/importlib/metadata/__pycache__/_functools.cpython-312.pyc
/opt/conda/lib/python3.12/importlib/metadata/__pycache__/_text.cpython-312.pyc
/opt/conda/lib/python3.12/importlib/metadata/__pycache__/_meta.cpython-312.pyc
/opt/conda/lib/python3.12/importlib/metadata/__pycache__/__init__.cpython-312.pyc
/opt/conda/lib/python3.12/importlib/metadata/__pycache__/_collections.cpython-312.pyc
/opt/conda/lib/python3.12/importlib/metadata/__pycache__/_adapters.cpython-312.pyc
/opt/conda/lib/python3.12/importlib/metadata/__pycache__/_itertools.cpython-312.pyc
/opt/conda/lib/python3.12/importlib/metadata/_collections.py
/opt/conda/lib/python3.12/importlib/metadata/_adapters.py
/opt/conda/lib/python3.12/importlib/util.py
/opt/conda/lib/python3.12/importlib/__pycache__
/opt/conda/lib/python3.12/importlib/__pycache__/_abc.cpython-312.pyc
/opt/conda/lib/python3.12/importlib/__pycache__/util.cpython-312.pyc
/opt/conda/lib/python3.12/importlib/__pycache__/_bootstrap_external.cpython-312.pyc
/opt/conda/lib/python3.12/importlib/__pycache__/_bootstrap.cpython-312.pyc
/opt/conda/lib/python3.12/importlib/__pycache__/__init__.cpython-312.pyc
/opt/conda/lib/python3.12/importlib/__pycache__/simple.cpython-312.pyc
/opt/conda/lib/python3.12/importlib/__pycache__/machinery.cpython-312.pyc
/opt/conda/lib/python3.12/importlib/__pycache__/abc.cpython-312.pyc
/opt/conda/lib/python3.12/importlib/__pycache__/readers.cpython-312.pyc
/opt/conda/lib/python3.12/importlib/resources
/opt/conda/lib/python3.12/importlib/resources/readers.py
/opt/conda/lib/python3.12/importlib/resources/__init__.py
/opt/conda/lib/python3.12/importlib/resources/abc.py
/opt/conda/lib/python3.12/importlib/resources/_itertools.py
/opt/conda/lib/python3.12/importlib/resources/_common.py
/opt/conda/lib/python3.12/importlib/resources/_legacy.py
/opt/conda/lib/python3.12/importlib/resources/__pycache__
/opt/conda/lib/python3.12/importlib/resources/__pycache__/_legacy.cpython-312.pyc
/opt/conda/lib/python3.12/importlib/resources/__pycache__/_common.cpython-312.pyc
/opt/conda/lib/python3.12/importlib/resources/__pycache__/__init__.cpython-312.pyc
/opt/conda/lib/python3.12/importlib/resources/__pycache__/simple.cpython-312.pyc
/opt/conda/lib/python3.12/importlib/resources/__pycache__/_adapters.cpython-312.pyc
/opt/conda/lib/python3.12/importlib/resources/__pycache__/abc.cpython-312.pyc
/opt/conda/lib/python3.12/importlib/resources/__pycache__/readers.cpython-312.pyc
/opt/conda/lib/python3.12/importlib/resources/__pycache__/_itertools.cpython-312.pyc
/opt/conda/lib/python3.12/importlib/resources/_adapters.py
/opt/conda/lib/python3.12/importlib/resources/simple.py
/opt/conda/lib/python3.12/importlib/_bootstrap_external.py
/opt/conda/lib/python3.12/importlib/machinery.py
/opt/conda/lib/python3.12/importlib/simple.py
/opt/conda/lib/python3.12/xdrlib.py
/opt/conda/lib/python3.12/_threading_local.py
/opt/conda/lib/python3.12/shlex.py
/opt/conda/lib/python3.12/stringprep.py
/opt/conda/lib/python3.12/curses
/opt/conda/lib/python3.12/curses/__init__.py
/opt/conda/lib/python3.12/curses/has_key.py
/opt/conda/lib/python3.12/curses/ascii.py
/opt/conda/lib/python3.12/curses/textpad.py
/opt/conda/lib/python3.12/curses/__pycache__
/opt/conda/lib/python3.12/curses/__pycache__/textpad.cpython-312.pyc
/opt/conda/lib/python3.12/curses/__pycache__/has_key.cpython-312.pyc
/opt/conda/lib/python3.12/curses/__pycache__/panel.cpython-312.pyc
/opt/conda/lib/python3.12/curses/__pycache__/__init__.cpython-312.pyc
/opt/conda/lib/python3.12/curses/__pycache__/ascii.cpython-312.pyc
/opt/conda/lib/python3.12/curses/panel.py
/opt/conda/lib/python3.12/functools.py
/opt/conda/lib/python3.12/http
/opt/conda/lib/python3.12/http/__init__.py
/opt/conda/lib/python3.12/http/cookiejar.py
/opt/conda/lib/python3.12/http/cookies.py
/opt/conda/lib/python3.12/http/__pycache__
/opt/conda/lib/python3.12/http/__pycache__/client.cpython-312.pyc
/opt/conda/lib/python3.12/http/__pycache__/cookiejar.cpython-312.pyc
/opt/conda/lib/python3.12/http/__pycache__/__init__.cpython-312.pyc
/opt/conda/lib/python3.12/http/__pycache__/cookies.cpython-312.pyc
/opt/conda/lib/python3.12/http/__pycache__/server.cpython-312.pyc
/opt/conda/lib/python3.12/http/server.py
/opt/conda/lib/python3.12/http/client.py
/opt/conda/lib/python3.12/_pylong.py
/opt/conda/lib/python3.12/nturl2path.py
/opt/conda/lib/python3.12/pickle.py
/opt/conda/lib/python3.12/tracemalloc.py
/opt/conda/lib/python3.12/datetime.py
/opt/conda/lib/python3.12/sunau.py
/opt/conda/lib/python3.12/code.py
/opt/conda/lib/python3.12/xml
/opt/conda/lib/python3.12/xml/__init__.py
/opt/conda/lib/python3.12/xml/dom
/opt/conda/lib/python3.12/xml/dom/__init__.py
/opt/conda/lib/python3.12/xml/dom/xmlbuilder.py
/opt/conda/lib/python3.12/xml/dom/minidom.py
/opt/conda/lib/python3.12/xml/dom/expatbuilder.py
/opt/conda/lib/python3.12/xml/dom/pulldom.py
/opt/conda/lib/python3.12/xml/dom/domreg.py
/opt/conda/lib/python3.12/xml/dom/minicompat.py
/opt/conda/lib/python3.12/xml/dom/__pycache__
/opt/conda/lib/python3.12/xml/dom/__pycache__/NodeFilter.cpython-312.pyc
/opt/conda/lib/python3.12/xml/dom/__pycache__/pulldom.cpython-312.pyc
/opt/conda/lib/python3.12/xml/dom/__pycache__/expatbuilder.cpython-312.pyc
/opt/conda/lib/python3.12/xml/dom/__pycache__/xmlbuilder.cpython-312.pyc
/opt/conda/lib/python3.12/xml/dom/__pycache__/__init__.cpython-312.pyc
/opt/conda/lib/python3.12/xml/dom/__pycache__/minidom.cpython-312.pyc
/opt/conda/lib/python3.12/xml/dom/__pycache__/domreg.cpython-312.pyc
/opt/conda/lib/python3.12/xml/dom/__pycache__/minicompat.cpython-312.pyc
/opt/conda/lib/python3.12/xml/dom/NodeFilter.py
/opt/conda/lib/python3.12/xml/sax
/opt/conda/lib/python3.12/xml/sax/__init__.py
/opt/conda/lib/python3.12/xml/sax/handler.py
/opt/conda/lib/python3.12/xml/sax/xmlreader.py
/opt/conda/lib/python3.12/xml/sax/saxutils.py
/opt/conda/lib/python3.12/xml/sax/_exceptions.py
/opt/conda/lib/python3.12/xml/sax/expatreader.py
/opt/conda/lib/python3.12/xml/sax/__pycache__
/opt/conda/lib/python3.12/xml/sax/__pycache__/_exceptions.cpython-312.pyc
/opt/conda/lib/python3.12/xml/sax/__pycache__/xmlreader.cpython-312.pyc
/opt/conda/lib/python3.12/xml/sax/__pycache__/handler.cpython-312.pyc
/opt/conda/lib/python3.12/xml/sax/__pycache__/expatreader.cpython-312.pyc
/opt/conda/lib/python3.12/xml/sax/__pycache__/__init__.cpython-312.pyc
/opt/conda/lib/python3.12/xml/sax/__pycache__/saxutils.cpython-312.pyc
/opt/conda/lib/python3.12/xml/parsers
/opt/conda/lib/python3.12/xml/parsers/__init__.py
/opt/conda/lib/python3.12/xml/parsers/expat.py
/opt/conda/lib/python3.12/xml/parsers/__pycache__
/opt/conda/lib/python3.12/xml/parsers/__pycache__/__init__.cpython-312.pyc
/opt/conda/lib/python3.12/xml/parsers/__pycache__/expat.cpython-312.pyc
/opt/conda/lib/python3.12/xml/__pycache__
/opt/conda/lib/python3.12/xml/__pycache__/__init__.cpython-312.pyc
/opt/conda/lib/python3.12/xml/etree
/opt/conda/lib/python3.12/xml/etree/ElementInclude.py
/opt/conda/lib/python3.12/xml/etree/__init__.py
/opt/conda/lib/python3.12/xml/etree/cElementTree.py
/opt/conda/lib/python3.12/xml/etree/ElementTree.py
/opt/conda/lib/python3.12/xml/etree/ElementPath.py
/opt/conda/lib/python3.12/xml/etree/__pycache__
/opt/conda/lib/python3.12/xml/etree/__pycache__/ElementInclude.cpython-312.pyc
/opt/conda/lib/python3.12/xml/etree/__pycache__/ElementPath.cpython-312.pyc
/opt/conda/lib/python3.12/xml/etree/__pycache__/__init__.cpython-312.pyc
/opt/conda/lib/python3.12/xml/etree/__pycache__/ElementTree.cpython-312.pyc
/opt/conda/lib/python3.12/xml/etree/__pycache__/cElementTree.cpython-312.pyc
/opt/conda/lib/libpcre2-posix.so.3.0.4
/opt/conda/lib/libncursesw.so.6.4
/opt/conda/lib/itcl4.2.4
/opt/conda/lib/itcl4.2.4/itcl.tcl
/opt/conda/lib/itcl4.2.4/itclWidget.tcl
/opt/conda/lib/itcl4.2.4/itclConfig.sh
/opt/conda/lib/itcl4.2.4/pkgIndex.tcl
/opt/conda/lib/itcl4.2.4/itclHullCmds.tcl
/opt/conda/lib/itcl4.2.4/libitcl4.2.4.so
/opt/conda/lib/itcl4.2.4/libitclstub4.2.4.a
/opt/conda/lib/liblsan.so.0.0.0
/opt/conda/lib/tcl8
/opt/conda/lib/tcl8/8.4
/opt/conda/lib/tcl8/8.4/platform
/opt/conda/lib/tcl8/8.4/platform/shell-1.1.4.tm
/opt/conda/lib/tcl8/8.4/platform-1.0.19.tm
/opt/conda/lib/tcl8/8.6
/opt/conda/lib/tcl8/8.6/http-2.9.8.tm
/opt/conda/lib/tcl8/8.6/tdbc
/opt/conda/lib/tcl8/8.6/tdbc/sqlite3-1.1.7.tm
/opt/conda/lib/tcl8/8.5
/opt/conda/lib/tcl8/8.5/tcltest-2.5.7.tm
/opt/conda/lib/tcl8/8.5/msgcat-1.6.1.tm
/opt/conda/lib/libgssrpc.so.4.2
/opt/conda/lib/tclooConfig.sh
/opt/conda/lib/libkrb5.so.3.3
/opt/conda/lib/libkrad.so.0.0
/opt/conda/lib/libreadline.so.8.2
/opt/conda/lib/libz.so.1.2.13
/opt/conda/lib/libpython3.12.so.1.0
/opt/conda/lib/libreproc.so.14.2.4
/opt/conda/lib/libpcre2-posix.a
/opt/conda/lib/libncurses++w.a
/opt/conda/lib/libexpat.so.1.9.2
/opt/conda/lib/liblz4.so.1.9.4
/opt/conda/lib/libedit.a
/opt/conda/lib/libtk8.6.so
/opt/conda/lib/libkadm5srv_mit.so.12.0
/opt/conda/lib/libarchive.a
/opt/conda/lib/tdbcmysql1.1.7
/opt/conda/lib/tdbcmysql1.1.7/libtdbcmysql1.1.7.so
/opt/conda/lib/tdbcmysql1.1.7/tdbcmysql.tcl
/opt/conda/lib/tdbcmysql1.1.7/pkgIndex.tcl
/opt/conda/lib/libicudata.so.73.1
/opt/conda/lib/tdbcodbc1.1.7
/opt/conda/lib/tdbcodbc1.1.7/tdbcodbc.tcl
/opt/conda/lib/tdbcodbc1.1.7/libtdbcodbc1.1.7.so
/opt/conda/lib/tdbcodbc1.1.7/pkgIndex.tcl
/opt/conda/lib/libsolvext.so.1
/opt/conda/bin
/opt/conda/bin/xzless
/opt/conda/bin/tset
/opt/conda/bin/installcheck
/opt/conda/bin/zstdgrep
/opt/conda/bin/ahost
/opt/conda/bin/sclient
/opt/conda/bin/jsondiff
/opt/conda/bin/repo2solv
/opt/conda/bin/genrb
/opt/conda/bin/idle3.12
/opt/conda/bin/bsdcpio
/opt/conda/bin/gencfu
/opt/conda/bin/bunzip2
/opt/conda/bin/pcre2-config
/opt/conda/bin/xml2-config
/opt/conda/bin/lz4
/opt/conda/bin/kswitch
/opt/conda/bin/gendict
/opt/conda/bin/xmlwf
/opt/conda/bin/conda2solv
/opt/conda/bin/kpasswd
/opt/conda/bin/ktutil
/opt/conda/bin/icu-config
/opt/conda/bin/deactivate
/opt/conda/bin/archspec
/opt/conda/bin/zstd
/opt/conda/bin/kadmin
/opt/conda/bin/xmllint
/opt/conda/bin/gencnval
/opt/conda/bin/bzgrep
/opt/conda/bin/icuexportdata
/opt/conda/bin/bzip2recover
/opt/conda/bin/tqdm
/opt/conda/bin/kvno
/opt/conda/bin/bzdiff
/opt/conda/bin/klist
/opt/conda/bin/distro
/opt/conda/bin/lzmadec
/opt/conda/bin/gss-client
/opt/conda/bin/kinit
/opt/conda/bin/pip3
/opt/conda/bin/normalizer
/opt/conda/bin/pcre2grep
/opt/conda/bin/mergesolv
/opt/conda/bin/makeconv
/opt/conda/bin/python3.12-config
/opt/conda/bin/adig
/opt/conda/bin/ncursesw6-config
/opt/conda/bin/zstdless
/opt/conda/bin/bsdcat
/opt/conda/bin/k5srvutil
/opt/conda/bin/kdestroy
/opt/conda/bin/nghttpd
/opt/conda/bin/conda-env
/opt/conda/bin/derb
/opt/conda/bin/xzmore
/opt/conda/bin/openssl
/opt/conda/bin/sim_client
/opt/conda/bin/tic
/opt/conda/bin/tput
/opt/conda/bin/sqlite3
/opt/conda/bin/pkgdata
/opt/conda/bin/activate
/opt/conda/bin/c_rehash
/opt/conda/bin/curl-config
/opt/conda/bin/uuclient
/opt/conda/bin/compile_et
/opt/conda/bin/bzmore
/opt/conda/bin/xmlcatalog
/opt/conda/bin/lzmainfo
/opt/conda/bin/mamba-package
/opt/conda/bin/nghttp
/opt/conda/bin/jsonpatch
/opt/conda/bin/xzgrep
/opt/conda/bin/bzcat
/opt/conda/bin/krb5-config
/opt/conda/bin/testsolv
/opt/conda/bin/2to3-3.12
/opt/conda/bin/wish8.6
/opt/conda/bin/tabs
/opt/conda/bin/x86_64-conda-linux-gnu-ld
/opt/conda/bin/jsonpointer
/opt/conda/bin/pcre2_jit_test
/opt/conda/bin/wheel
/opt/conda/bin/clear
/opt/conda/bin/icuinfo
/opt/conda/bin/pcre2test
/opt/conda/bin/tclsh8.6
/opt/conda/bin/dumpsolv
/opt/conda/bin/ksu
/opt/conda/bin/xzdec
/opt/conda/bin/cph
/opt/conda/bin/conda
/opt/conda/bin/pcre2posix_test
/opt/conda/bin/python3.12
/opt/conda/bin/bsdtar
/opt/conda/bin/bzip2
/opt/conda/bin/sqlite3_analyzer
/opt/conda/bin/infocmp
/opt/conda/bin/pydoc3.12
/opt/conda/bin/toe
/opt/conda/bin/xzdiff
/opt/conda/bin/genbrk
/opt/conda/bin/pip
/opt/conda/bin/xz
/opt/conda/bin/acountry
/opt/conda/bin/nghttpx
/opt/conda/sbin
/opt/conda/sbin/krb5kdc
/opt/conda/sbin/kpropd
/opt/conda/sbin/sserver
/opt/conda/sbin/kproplog
/opt/conda/sbin/uuserver
/opt/conda/sbin/kdb5_util
/opt/conda/sbin/sim_server
/opt/conda/sbin/kprop
/opt/conda/sbin/gss-server
/opt/conda/sbin/kadmind
/opt/conda/sbin/krb5-send-pr
/opt/conda/sbin/kadmin.local
/opt/conda/ssl
/opt/conda/ssl/ct_log_list.cnf.dist
/opt/conda/ssl/misc
/opt/conda/ssl/misc/tsget.pl
/opt/conda/ssl/misc/CA.pl
/opt/conda/ssl/cacert.pem
/opt/conda/ssl/ct_log_list.cnf
/opt/conda/ssl/openssl.cnf.dist
/opt/conda/ssl/openssl.cnf
/opt/conda/man
/opt/conda/man/man3
/opt/conda/man/man3/pcre2_match_context_free.3
/opt/conda/man/man3/pcre2posix.3
/opt/conda/man/man3/pcre2_jit_match.3
/opt/conda/man/man3/pcre2_jit_stack_create.3
/opt/conda/man/man3/pcre2_set_match_limit.3
/opt/conda/man/man3/pcre2syntax.3
/opt/conda/man/man3/pcre2_set_heap_limit.3
/opt/conda/man/man3/pcre2_general_context_free.3
/opt/conda/man/man3/pcre2_get_error_message.3
/opt/conda/man/man3/pcre2_set_substitute_callout.3
/opt/conda/man/man3/pcre2_substring_length_bynumber.3
/opt/conda/man/man3/pcre2_get_mark.3
/opt/conda/man/man3/pcre2_compile_context_create.3
/opt/conda/man/man3/pcre2_substring_get_bynumber.3
/opt/conda/man/man3/pcre2serialize.3
/opt/conda/man/man3/pcre2_jit_compile.3
/opt/conda/man/man3/pcre2_set_character_tables.3
/opt/conda/man/man3/pcre2convert.3
/opt/conda/man/man3/pcre2build.3
/opt/conda/man/man3/pcre2_match_data_free.3
/opt/conda/man/man3/pcre2_serialize_get_number_of_codes.3
/opt/conda/man/man3/pcre2matching.3
/opt/conda/man/man3/pcre2_dfa_match.3
/opt/conda/man/man3/pcre2_set_parens_nest_limit.3
/opt/conda/man/man3/pcre2_match_data_create.3
/opt/conda/man/man3/pcre2_convert_context_create.3
/opt/conda/man/man3/pcre2_serialize_encode.3
/opt/conda/man/man3/pcre2_config.3
/opt/conda/man/man3/pcre2_code_copy_with_tables.3
/opt/conda/man/man3/pcre2_match_context_copy.3
/opt/conda/man/man3/pcre2_maketables.3
/opt/conda/man/man3/pcre2_jit_free_unused_memory.3
/opt/conda/man/man3/pcre2jit.3
/opt/conda/man/man3/pcre2perform.3
/opt/conda/man/man3/pcre2_set_callout.3
/opt/conda/man/man3/pcre2_match_context_create.3
/opt/conda/man/man3/pcre2_set_max_pattern_length.3
/opt/conda/man/man3/pcre2_set_recursion_limit.3
/opt/conda/man/man3/pcre2_set_bsr.3
/opt/conda/man/man3/pcre2_converted_pattern_free.3
/opt/conda/man/man3/pcre2demo.3
/opt/conda/man/man3/pcre2_set_newline.3
/opt/conda/man/man3/pcre2_jit_stack_free.3
/opt/conda/man/man3/pcre2_match.3
/opt/conda/man/man3/pcre2_set_offset_limit.3
/opt/conda/man/man3/pcre2_jit_stack_assign.3
/opt/conda/man/man3/pcre2_pattern_info.3
/opt/conda/man/man3/pcre2pattern.3
/opt/conda/man/man3/pcre2_set_compile_extra_options.3
/opt/conda/man/man3/pcre2api.3
/opt/conda/man/man3/pcre2_substring_get_byname.3
/opt/conda/man/man3/pcre2_set_recursion_memory_management.3
/opt/conda/man/man3/pcre2_get_match_data_size.3
/opt/conda/man/man3/pcre2_get_startchar.3
/opt/conda/man/man3/pcre2_substring_number_from_name.3
/opt/conda/man/man3/pcre2unicode.3
/opt/conda/man/man3/pcre2_compile_context_copy.3
/opt/conda/man/man3/pcre2_general_context_copy.3
/opt/conda/man/man3/pcre2_serialize_free.3
/opt/conda/man/man3/pcre2limits.3
/opt/conda/man/man3/pcre2_set_glob_escape.3
/opt/conda/man/man3/pcre2_pattern_convert.3
/opt/conda/man/man3/pcre2_substring_list_free.3
/opt/conda/man/man3/pcre2_get_ovector_count.3
/opt/conda/man/man3/pcre2_convert_context_copy.3
/opt/conda/man/man3/pcre2sample.3
/opt/conda/man/man3/pcre2_compile_context_free.3
/opt/conda/man/man3/pcre2_substring_free.3
/opt/conda/man/man3/pcre2_substring_copy_byname.3
/opt/conda/man/man3/pcre2_serialize_decode.3
/opt/conda/man/man3/pcre2_match_data_create_from_pattern.3
/opt/conda/man/man3/pcre2callout.3
/opt/conda/man/man3/pcre2_get_ovector_pointer.3
/opt/conda/man/man3/pcre2compat.3
/opt/conda/man/man3/pcre2_code_free.3
/opt/conda/man/man3/pcre2_compile.3
/opt/conda/man/man3/pcre2.3
/opt/conda/man/man3/pcre2_substitute.3
/opt/conda/man/man3/pcre2_convert_context_free.3
/opt/conda/man/man3/pcre2_maketables_free.3
/opt/conda/man/man3/pcre2partial.3
/opt/conda/man/man3/pcre2_code_copy.3
/opt/conda/man/man3/pcre2_substring_copy_bynumber.3
/opt/conda/man/man3/pcre2_substring_nametable_scan.3
/opt/conda/man/man3/pcre2_set_depth_limit.3
/opt/conda/man/man3/pcre2_general_context_create.3
/opt/conda/man/man3/pcre2_set_compile_recursion_guard.3
/opt/conda/man/man3/pcre2_callout_enumerate.3
/opt/conda/man/man3/pcre2_substring_list_get.3
/opt/conda/man/man3/pcre2_substring_length_byname.3
/opt/conda/man/man3/pcre2_set_glob_separator.3
/opt/conda/man/man1
/opt/conda/man/man1/pcre2test.1
/opt/conda/man/man1/bzmore.1
/opt/conda/man/man1/bzless.1
/opt/conda/man/man1/bzip2.1
/opt/conda/man/man1/bzfgrep.1
/opt/conda/man/man1/bzdiff.1
/opt/conda/man/man1/bzegrep.1
/opt/conda/man/man1/bzcmp.1
/opt/conda/man/man1/pcre2-config.1
/opt/conda/man/man1/pcre2grep.1
/opt/conda/man/man1/bzgrep.1
/opt/conda/shell
/opt/conda/shell/condabin
/opt/conda/shell/condabin/Conda.psm1
/opt/conda/shell/condabin/conda-hook.ps1
/opt/conda/x86_64-conda-linux-gnu
/opt/conda/x86_64-conda-linux-gnu/bin
/opt/conda/conda-meta
/opt/conda/conda-meta/krb5-1.20.1-h143b758_1.json
/opt/conda/conda-meta/bzip2-1.0.8-h5eee18b_6.json
/opt/conda/conda-meta/pcre2-10.42-hebb0a14_1.json
/opt/conda/conda-meta/_libgcc_mutex-0.1-main.json
/opt/conda/conda-meta/c-ares-1.19.1-h5eee18b_0.json
/opt/conda/conda-meta/libsolv-0.7.24-he621ea3_1.json
/opt/conda/conda-meta/boltons-23.0.0-py312h06a4308_0.json
/opt/conda/conda-meta/libmambapy-1.5.8-py312h2dafd23_2.json
/opt/conda/conda-meta/truststore-0.8.0-py312h06a4308_0.json
/opt/conda/conda-meta/ca-certificates-2024.3.11-h06a4308_0.json
/opt/conda/conda-meta/zstandard-0.22.0-py312h2c38b39_0.json
/opt/conda/conda-meta/libcurl-8.7.1-h251f7ec_0.json
/opt/conda/conda-meta/idna-3.7-py312h06a4308_0.json
/opt/conda/conda-meta/libnghttp2-1.57.0-h2d74bed_0.json
/opt/conda/conda-meta/conda-24.5.0-py312h06a4308_0.json
/opt/conda/conda-meta/tk-8.6.14-h39e8969_0.json
/opt/conda/conda-meta/conda-package-handling-2.2.0-py312h06a4308_1.json
/opt/conda/conda-meta/libgcc-ng-11.2.0-h1234567_1.json
/opt/conda/conda-meta/archspec-0.2.3-pyhd3eb1b0_0.json
/opt/conda/conda-meta/jsonpointer-2.1-pyhd3eb1b0_0.json
/opt/conda/conda-meta/yaml-cpp-0.8.0-h6a678d5_1.json
/opt/conda/conda-meta/fmt-9.1.0-hdb19cb5_1.json
/opt/conda/conda-meta/jsonpatch-1.33-py312h06a4308_1.json
/opt/conda/conda-meta/cffi-1.16.0-py312h5eee18b_1.json
/opt/conda/conda-meta/pybind11-abi-5-hd3eb1b0_0.json
/opt/conda/conda-meta/frozendict-2.4.2-py312h06a4308_0.json
/opt/conda/conda-meta/pycparser-2.21-pyhd3eb1b0_0.json
/opt/conda/conda-meta/python-3.12.3-h996f2a0_1.json
/opt/conda/conda-meta/certifi-2024.2.2-py312h06a4308_0.json
/opt/conda/conda-meta/ruamel.yaml-0.17.21-py312h5eee18b_0.json
/opt/conda/conda-meta/libmamba-1.5.8-hfe524e5_2.json
/opt/conda/conda-meta/tqdm-4.66.2-py312he106c6f_0.json
/opt/conda/conda-meta/libarchive-3.6.2-h6ac8c49_3.json
/opt/conda/conda-meta/libstdcxx-ng-11.2.0-h1234567_1.json
/opt/conda/conda-meta/distro-1.9.0-py312h06a4308_0.json
/opt/conda/conda-meta/icu-73.1-h6a678d5_0.json
/opt/conda/conda-meta/reproc-14.2.4-h6a678d5_2.json
/opt/conda/conda-meta/libxml2-2.10.4-hfdd30dd_2.json
/opt/conda/conda-meta/urllib3-2.2.1-py312h06a4308_0.json
/opt/conda/conda-meta/zlib-1.2.13-h5eee18b_1.json
/opt/conda/conda-meta/pysocks-1.7.1-py312h06a4308_0.json
/opt/conda/conda-meta/_openmp_mutex-5.1-1_gnu.json
/opt/conda/conda-meta/libffi-3.4.4-h6a678d5_1.json
/opt/conda/conda-meta/history
/opt/conda/conda-meta/requests-2.31.0-py312h06a4308_1.json
/opt/conda/conda-meta/ncurses-6.4-h6a678d5_0.json
/opt/conda/conda-meta/xz-5.4.6-h5eee18b_1.json
/opt/conda/conda-meta/platformdirs-3.10.0-py312h06a4308_0.json
/opt/conda/conda-meta/libuuid-1.41.5-h5eee18b_0.json
/opt/conda/conda-meta/pycosat-0.6.6-py312h5eee18b_1.json
/opt/conda/conda-meta/readline-8.2-h5eee18b_0.json
/opt/conda/conda-meta/conda-package-streaming-0.9.0-py312h06a4308_0.json
/opt/conda/conda-meta/charset-normalizer-2.0.4-pyhd3eb1b0_0.json
/opt/conda/conda-meta/brotli-python-1.0.9-py312h6a678d5_8.json
/opt/conda/conda-meta/zstd-1.5.5-hc292b87_2.json
/opt/conda/conda-meta/pluggy-1.0.0-py312h06a4308_1.json
/opt/conda/conda-meta/conda-libmamba-solver-24.1.0-pyhd3eb1b0_0.json
/opt/conda/conda-meta/reproc-cpp-14.2.4-h6a678d5_2.json
/opt/conda/conda-meta/libedit-3.1.20230828-h5eee18b_0.json
/opt/conda/conda-meta/openssl-3.0.13-h7f8727e_1.json
/opt/conda/conda-meta/tzdata-2024a-h04d1e81_0.json
/opt/conda/conda-meta/packaging-23.2-py312h06a4308_0.json
/opt/conda/conda-meta/lz4-c-1.9.4-h6a678d5_1.json
/opt/conda/conda-meta/pip-24.0-py312h06a4308_0.json
/opt/conda/conda-meta/sqlite-3.45.3-h5eee18b_0.json
/opt/conda/conda-meta/menuinst-2.0.2-py312h06a4308_1.json
/opt/conda/conda-meta/libgomp-11.2.0-h1234567_1.json
/opt/conda/conda-meta/ld_impl_linux-64-2.38-h1181459_1.json
/opt/conda/conda-meta/wheel-0.43.0-py312h06a4308_0.json
/opt/conda/conda-meta/libev-4.33-h7f8727e_1.json
/opt/conda/conda-meta/libssh2-1.11.0-h251f7ec_0.json
/opt/conda/conda-meta/setuptools-69.5.1-py312h06a4308_0.json
/opt/conda/conda-meta/expat-2.6.2-h6a678d5_0.json
/opt/conda/cmake
/opt/conda/cmake/pcre2-config-version.cmake
/opt/conda/cmake/pcre2-config.cmake
/opt/conda/share
/opt/conda/share/locale
/opt/conda/share/locale/pl
/opt/conda/share/locale/pl/LC_MESSAGES
/opt/conda/share/locale/pl/LC_MESSAGES/xz.mo
/opt/conda/share/locale/zh_TW
/opt/conda/share/locale/zh_TW/LC_MESSAGES
/opt/conda/share/locale/zh_TW/LC_MESSAGES/xz.mo
/opt/conda/share/locale/fi
/opt/conda/share/locale/fi/LC_MESSAGES
/opt/conda/share/locale/fi/LC_MESSAGES/xz.mo
/opt/conda/share/locale/fr
/opt/conda/share/locale/fr/LC_MESSAGES
/opt/conda/share/locale/fr/LC_MESSAGES/xz.mo
/opt/conda/share/locale/sv
/opt/conda/share/locale/sv/LC_MESSAGES
/opt/conda/share/locale/sv/LC_MESSAGES/xz.mo
/opt/conda/share/locale/vi
/opt/conda/share/locale/vi/LC_MESSAGES
/opt/conda/share/locale/vi/LC_MESSAGES/xz.mo
/opt/conda/share/locale/de
/opt/conda/share/locale/de/LC_MESSAGES
/opt/conda/share/locale/de/LC_MESSAGES/xz.mo
/opt/conda/share/locale/hr
/opt/conda/share/locale/hr/LC_MESSAGES
/opt/conda/share/locale/hr/LC_MESSAGES/xz.mo
/opt/conda/share/locale/ca
/opt/conda/share/locale/ca/LC_MESSAGES
/opt/conda/share/locale/ca/LC_MESSAGES/xz.mo
/opt/conda/share/locale/ro
/opt/conda/share/locale/ro/LC_MESSAGES
/opt/conda/share/locale/ro/LC_MESSAGES/xz.mo
/opt/conda/share/locale/hu
/opt/conda/share/locale/hu/LC_MESSAGES
/opt/conda/share/locale/hu/LC_MESSAGES/xz.mo
/opt/conda/share/locale/uk
/opt/conda/share/locale/uk/LC_MESSAGES
/opt/conda/share/locale/uk/LC_MESSAGES/xz.mo
/opt/conda/share/locale/it
/opt/conda/share/locale/it/LC_MESSAGES
/opt/conda/share/locale/it/LC_MESSAGES/xz.mo
/opt/conda/share/locale/zh_CN
/opt/conda/share/locale/zh_CN/LC_MESSAGES
/opt/conda/share/locale/zh_CN/LC_MESSAGES/xz.mo
/opt/conda/share/locale/ko
/opt/conda/share/locale/ko/LC_MESSAGES
/opt/conda/share/locale/ko/LC_MESSAGES/xz.mo
/opt/conda/share/locale/da
/opt/conda/share/locale/da/LC_MESSAGES
/opt/conda/share/locale/da/LC_MESSAGES/xz.mo
/opt/conda/share/locale/tr
/opt/conda/share/locale/tr/LC_MESSAGES
/opt/conda/share/locale/tr/LC_MESSAGES/xz.mo
/opt/conda/share/locale/pt_BR
/opt/conda/share/locale/pt_BR/LC_MESSAGES
/opt/conda/share/locale/pt_BR/LC_MESSAGES/xz.mo
/opt/conda/share/locale/pt
/opt/conda/share/locale/pt/LC_MESSAGES
/opt/conda/share/locale/pt/LC_MESSAGES/xz.mo
/opt/conda/share/locale/es
/opt/conda/share/locale/es/LC_MESSAGES
/opt/conda/share/locale/es/LC_MESSAGES/xz.mo
/opt/conda/share/locale/cs
/opt/conda/share/locale/cs/LC_MESSAGES
/opt/conda/share/locale/cs/LC_MESSAGES/xz.mo
/opt/conda/share/locale/eo
/opt/conda/share/locale/eo/LC_MESSAGES
/opt/conda/share/locale/eo/LC_MESSAGES/xz.mo
/opt/conda/share/locale/sr
/opt/conda/share/locale/sr/LC_MESSAGES
/opt/conda/share/locale/sr/LC_MESSAGES/xz.mo
/opt/conda/share/et
/opt/conda/share/et/et_c.awk
/opt/conda/share/et/et_h.awk
/opt/conda/share/doc
/opt/conda/share/doc/expat
/opt/conda/share/doc/expat/AUTHORS
/opt/conda/share/doc/expat/changelog
/opt/conda/share/doc/readline
/opt/conda/share/doc/readline/INSTALL
/opt/conda/share/doc/readline/CHANGES
/opt/conda/share/doc/readline/README
/opt/conda/share/doc/pcre2
/opt/conda/share/doc/pcre2/html
/opt/conda/share/doc/pcre2/html/pcre2jit.html
/opt/conda/share/doc/pcre2/html/pcre2_match_context_create.html
/opt/conda/share/doc/pcre2/html/pcre2_match_context_copy.html
/opt/conda/share/doc/pcre2/html/pcre2_match_data_create.html
/opt/conda/share/doc/pcre2/html/pcre2demo.html
/opt/conda/share/doc/pcre2/html/pcre2_converted_pattern_free.html
/opt/conda/share/doc/pcre2/html/pcre2_config.html
/opt/conda/share/doc/pcre2/html/pcre2_set_recursion_memory_management.html
/opt/conda/share/doc/pcre2/html/pcre2_jit_stack_free.html
/opt/conda/share/doc/pcre2/html/pcre2_match_context_free.html
/opt/conda/share/doc/pcre2/html/pcre2_match_data_create_from_pattern.html
/opt/conda/share/doc/pcre2/html/pcre2_substring_get_byname.html
/opt/conda/share/doc/pcre2/html/pcre2_code_free.html
/opt/conda/share/doc/pcre2/html/pcre2_set_newline.html
/opt/conda/share/doc/pcre2/html/pcre2_substitute.html
/opt/conda/share/doc/pcre2/html/pcre2_compile_context_copy.html
/opt/conda/share/doc/pcre2/html/pcre2callout.html
/opt/conda/share/doc/pcre2/html/pcre2_get_error_message.html
/opt/conda/share/doc/pcre2/html/pcre2_jit_compile.html
/opt/conda/share/doc/pcre2/html/pcre2_jit_stack_create.html
/opt/conda/share/doc/pcre2/html/pcre2_set_glob_separator.html
/opt/conda/share/doc/pcre2/html/pcre2_jit_stack_assign.html
/opt/conda/share/doc/pcre2/html/pcre2posix.html
/opt/conda/share/doc/pcre2/html/pcre2_set_bsr.html
/opt/conda/share/doc/pcre2/html/pcre2_set_match_limit.html
/opt/conda/share/doc/pcre2/html/pcre2syntax.html
/opt/conda/share/doc/pcre2/html/pcre2_substring_list_free.html
/opt/conda/share/doc/pcre2/html/pcre2_match.html
/opt/conda/share/doc/pcre2/html/pcre2sample.html
/opt/conda/share/doc/pcre2/html/pcre2partial.html
/opt/conda/share/doc/pcre2/html/pcre2convert.html
/opt/conda/share/doc/pcre2/html/pcre2serialize.html
/opt/conda/share/doc/pcre2/html/pcre2_convert_context_copy.html
/opt/conda/share/doc/pcre2/html/pcre2_set_glob_escape.html
/opt/conda/share/doc/pcre2/html/pcre2_serialize_decode.html
/opt/conda/share/doc/pcre2/html/pcre2unicode.html
/opt/conda/share/doc/pcre2/html/pcre2_substring_free.html
/opt/conda/share/doc/pcre2/html/pcre2_set_substitute_callout.html
/opt/conda/share/doc/pcre2/html/pcre2_serialize_free.html
/opt/conda/share/doc/pcre2/html/pcre2perform.html
/opt/conda/share/doc/pcre2/html/pcre2_convert_context_free.html
/opt/conda/share/doc/pcre2/html/pcre2_get_startchar.html
/opt/conda/share/doc/pcre2/html/pcre2_substring_length_bynumber.html
/opt/conda/share/doc/pcre2/html/pcre2pattern.html
/opt/conda/share/doc/pcre2/html/pcre2_substring_length_byname.html
/opt/conda/share/doc/pcre2/html/pcre2build.html
/opt/conda/share/doc/pcre2/html/pcre2_pattern_info.html
/opt/conda/share/doc/pcre2/html/pcre2grep.html
/opt/conda/share/doc/pcre2/html/pcre2_convert_context_create.html
/opt/conda/share/doc/pcre2/html/pcre2_set_max_pattern_length.html
/opt/conda/share/doc/pcre2/html/pcre2_dfa_match.html
/opt/conda/share/doc/pcre2/html/pcre2limits.html
/opt/conda/share/doc/pcre2/html/pcre2compat.html
/opt/conda/share/doc/pcre2/html/pcre2_substring_nametable_scan.html
/opt/conda/share/doc/pcre2/html/pcre2_set_depth_limit.html
/opt/conda/share/doc/pcre2/html/pcre2_match_data_free.html
/opt/conda/share/doc/pcre2/html/pcre2_set_compile_extra_options.html
/opt/conda/share/doc/pcre2/html/pcre2_general_context_create.html
/opt/conda/share/doc/pcre2/html/index.html
/opt/conda/share/doc/pcre2/html/pcre2_general_context_free.html
/opt/conda/share/doc/pcre2/html/pcre2_get_ovector_count.html
/opt/conda/share/doc/pcre2/html/pcre2_substring_number_from_name.html
/opt/conda/share/doc/pcre2/html/pcre2_substring_copy_byname.html
/opt/conda/share/doc/pcre2/html/pcre2_callout_enumerate.html
/opt/conda/share/doc/pcre2/html/pcre2_maketables.html
/opt/conda/share/doc/pcre2/html/pcre2_serialize_get_number_of_codes.html
/opt/conda/share/doc/pcre2/html/pcre2test.html
/opt/conda/share/doc/pcre2/html/pcre2_set_character_tables.html
/opt/conda/share/doc/pcre2/html/pcre2_compile_context_create.html
/opt/conda/share/doc/pcre2/html/pcre2_get_ovector_pointer.html
/opt/conda/share/doc/pcre2/html/pcre2_substring_copy_bynumber.html
/opt/conda/share/doc/pcre2/html/pcre2_compile.html
/opt/conda/share/doc/pcre2/html/pcre2_substring_list_get.html
/opt/conda/share/doc/pcre2/html/pcre2api.html
/opt/conda/share/doc/pcre2/html/pcre2.html
/opt/conda/share/doc/pcre2/html/pcre2_get_match_data_size.html
/opt/conda/share/doc/pcre2/html/pcre2-config.html
/opt/conda/share/doc/pcre2/html/pcre2_set_heap_limit.html
/opt/conda/share/doc/pcre2/html/pcre2_serialize_encode.html
/opt/conda/share/doc/pcre2/html/pcre2_get_mark.html
/opt/conda/share/doc/pcre2/html/pcre2matching.html
/opt/conda/share/doc/pcre2/html/pcre2_jit_free_unused_memory.html
/opt/conda/share/doc/pcre2/html/pcre2_code_copy.html
/opt/conda/share/doc/pcre2/html/pcre2_set_offset_limit.html
/opt/conda/share/doc/pcre2/html/pcre2_general_context_copy.html
/opt/conda/share/doc/pcre2/html/pcre2_set_recursion_limit.html
/opt/conda/share/doc/pcre2/html/pcre2_set_parens_nest_limit.html
/opt/conda/share/doc/pcre2/html/pcre2_set_compile_recursion_guard.html
/opt/conda/share/doc/pcre2/html/pcre2_compile_context_free.html
/opt/conda/share/doc/pcre2/html/pcre2_substring_get_bynumber.html
/opt/conda/share/doc/pcre2/html/pcre2_jit_match.html
/opt/conda/share/doc/pcre2/html/pcre2_pattern_convert.html
/opt/conda/share/doc/pcre2/html/pcre2_maketables_free.html
/opt/conda/share/doc/pcre2/html/pcre2_code_copy_with_tables.html
/opt/conda/share/doc/pcre2/html/pcre2_set_callout.html
/opt/conda/share/doc/libssh2
/opt/conda/share/doc/libssh2/HACKING.md
/opt/conda/share/doc/libssh2/AUTHORS
/opt/conda/share/doc/libssh2/README
/opt/conda/share/doc/libssh2/COPYING
/opt/conda/share/doc/libssh2/NEWS
/opt/conda/share/doc/libssh2/RELEASE-NOTES
/opt/conda/share/doc/libssh2/BINDINGS.md
/opt/conda/share/doc/xz
/opt/conda/share/doc/xz/api
/opt/conda/share/doc/xz/api/docd.svg
/opt/conda/share/doc/xz/api/tab_s.png
/opt/conda/share/doc/xz/api/closed.png
/opt/conda/share/doc/xz/api/check_8h.html
/opt/conda/share/doc/xz/api/sync_on.png
/opt/conda/share/doc/xz/api/doc.svg
/opt/conda/share/doc/xz/api/stream__flags_8h.html
/opt/conda/share/doc/xz/api/splitbar.png
/opt/conda/share/doc/xz/api/globals_type.html
/opt/conda/share/doc/xz/api/structlzma__index__iter.html
/opt/conda/share/doc/xz/api/structlzma__allocator.html
/opt/conda/share/doc/xz/api/nav_g.png
/opt/conda/share/doc/xz/api/bcj_8h.html
/opt/conda/share/doc/xz/api/globals_defs.html
/opt/conda/share/doc/xz/api/lzma12_8h.html
/opt/conda/share/doc/xz/api/dir_b17a1d403082bd69a703ed987cf158fb.html
/opt/conda/share/doc/xz/api/nav_hd.png
/opt/conda/share/doc/xz/api/structlzma__stream.html
/opt/conda/share/doc/xz/api/tab_hd.png
/opt/conda/share/doc/xz/api/open.png
/opt/conda/share/doc/xz/api/index__hash_8h.html
/opt/conda/share/doc/xz/api/bc_sd.png
/opt/conda/share/doc/xz/api/doxygen.svg
/opt/conda/share/doc/xz/api/filter_8h.html
/opt/conda/share/doc/xz/api/tab_b.png
/opt/conda/share/doc/xz/api/functions_vars.html
/opt/conda/share/doc/xz/api/tabs.css
/opt/conda/share/doc/xz/api/tab_a.png
/opt/conda/share/doc/xz/api/tab_bd.png
/opt/conda/share/doc/xz/api/hardware_8h.html
/opt/conda/share/doc/xz/api/splitbard.png
/opt/conda/share/doc/xz/api/base_8h.html
/opt/conda/share/doc/xz/api/index.html
/opt/conda/share/doc/xz/api/vli_8h.html
/opt/conda/share/doc/xz/api/tab_sd.png
/opt/conda/share/doc/xz/api/container_8h.html
/opt/conda/share/doc/xz/api/structlzma__options__delta.html
/opt/conda/share/doc/xz/api/folderopen.svg
/opt/conda/share/doc/xz/api/tab_ad.png
/opt/conda/share/doc/xz/api/globals.html
/opt/conda/share/doc/xz/api/nav_f.png
/opt/conda/share/doc/xz/api/index_8h.html
/opt/conda/share/doc/xz/api/nav_fd.png
/opt/conda/share/doc/xz/api/nav_h.png
/opt/conda/share/doc/xz/api/files.html
/opt/conda/share/doc/xz/api/structlzma__options__lzma.html
/opt/conda/share/doc/xz/api/structlzma__filter.html
/opt/conda/share/doc/xz/api/lzma_8h.html
/opt/conda/share/doc/xz/api/annotated.html
/opt/conda/share/doc/xz/api/structlzma__mt.html
/opt/conda/share/doc/xz/api/folderclosed.svg
/opt/conda/share/doc/xz/api/block_8h.html
/opt/conda/share/doc/xz/api/globals_eval.html
/opt/conda/share/doc/xz/api/classes.html
/opt/conda/share/doc/xz/api/sync_off.png
/opt/conda/share/doc/xz/api/folderopend.svg
/opt/conda/share/doc/xz/api/doxygen.css
/opt/conda/share/doc/xz/api/folderclosedd.svg
/opt/conda/share/doc/xz/api/version_8h.html
/opt/conda/share/doc/xz/api/bc_s.png
/opt/conda/share/doc/xz/api/globals_func.html
/opt/conda/share/doc/xz/api/delta_8h.html
/opt/conda/share/doc/xz/api/globals_enum.html
/opt/conda/share/doc/xz/api/structlzma__options__bcj.html
/opt/conda/share/doc/xz/api/tab_h.png
/opt/conda/share/doc/xz/api/functions.html
/opt/conda/share/doc/xz/api/structlzma__block.html
/opt/conda/share/doc/xz/api/structlzma__stream__flags.html
/opt/conda/share/doc/xz/AUTHORS
/opt/conda/share/doc/xz/lzma-file-format.txt
/opt/conda/share/doc/xz/THANKS
/opt/conda/share/doc/xz/COPYING.GPLv2
/opt/conda/share/doc/xz/README
/opt/conda/share/doc/xz/COPYING
/opt/conda/share/doc/xz/xz-file-format.txt
/opt/conda/share/doc/xz/TODO
/opt/conda/share/doc/xz/history.txt
/opt/conda/share/doc/xz/NEWS
/opt/conda/share/doc/xz/faq.txt
/opt/conda/share/doc/xz/examples_old
/opt/conda/share/doc/xz/examples_old/xz_pipe_comp.c
/opt/conda/share/doc/xz/examples_old/xz_pipe_decomp.c
/opt/conda/share/doc/xz/examples
/opt/conda/share/doc/xz/examples/01_compress_easy.c
/opt/conda/share/doc/xz/examples/Makefile
/opt/conda/share/doc/xz/examples/03_compress_custom.c
/opt/conda/share/doc/xz/examples/02_decompress.c
/opt/conda/share/doc/xz/examples/00_README.txt
/opt/conda/share/doc/xz/examples/04_compress_easy_mt.c
/opt/conda/share/licenses
/opt/conda/share/licenses/gcc-libs
/opt/conda/share/licenses/gcc-libs/RUNTIME.LIBRARY.EXCEPTION
/opt/conda/share/licenses/gcc-libs/RUNTIME.LIBRARY.EXCEPTION.gomp_copy
/opt/conda/share/licenses/libstdc++
/opt/conda/share/licenses/libstdc++/RUNTIME.LIBRARY.EXCEPTION
/opt/conda/share/terminfo
/opt/conda/share/terminfo/8
/opt/conda/share/terminfo/3
/opt/conda/share/terminfo/b
/opt/conda/share/terminfo/b/bg1.25rv
/opt/conda/share/terminfo/b/bq300-8-pc
/opt/conda/share/terminfo/b/bg2.0
/opt/conda/share/terminfo/b/beehive4
/opt/conda/share/terminfo/b/bsdos-sparc
/opt/conda/share/terminfo/b/bg2.0rv
/opt/conda/share/terminfo/b/bq300-8w
/opt/conda/share/terminfo/b/bq300-w
/opt/conda/share/terminfo/b/bg1.25nv
/opt/conda/share/terminfo/b/bq300-rv
/opt/conda/share/terminfo/b/bq300-8rv
/opt/conda/share/terminfo/b/bq300-pc-rv
/opt/conda/share/terminfo/b/bg1.25
/opt/conda/share/terminfo/b/beterm
/opt/conda/share/terminfo/b/beehive3
/opt/conda/share/terminfo/b/bq300-8-pc-rv
/opt/conda/share/terminfo/b/bitgraph
/opt/conda/share/terminfo/b/bsdos-pc-nobold
/opt/conda/share/terminfo/b/bantam
/opt/conda/share/terminfo/b/basis
/opt/conda/share/terminfo/b/bq300-8-pc-w
/opt/conda/share/terminfo/b/bterm
/opt/conda/share/terminfo/b/blit
/opt/conda/share/terminfo/b/bobcat
/opt/conda/share/terminfo/b/bsdos-pc-m
/opt/conda/share/terminfo/b/bq300-8
/opt/conda/share/terminfo/b/bracketed+paste
/opt/conda/share/terminfo/b/bq300-w-8rv
/opt/conda/share/terminfo/b/bsdos-pc
/opt/conda/share/terminfo/b/bq300-pc
/opt/conda/share/terminfo/b/bq300-w-rv
/opt/conda/share/terminfo/b/bq300
/opt/conda/share/terminfo/b/bsdos-ppc
/opt/conda/share/terminfo/b/bq300-pc-w
/opt/conda/share/terminfo/b/bq300-pc-w-rv
/opt/conda/share/terminfo/b/bq300-8-pc-w-rv
/opt/conda/share/terminfo/b/beehive
/opt/conda/share/terminfo/b/beacon
/opt/conda/share/terminfo/2
/opt/conda/share/terminfo/u
/opt/conda/share/terminfo/u/unknown
/opt/conda/share/terminfo/u/uniterm
/opt/conda/share/terminfo/u/uwin
/opt/conda/share/terminfo/u/uts30
/opt/conda/share/terminfo/c
/opt/conda/share/terminfo/c/cons43-m
/opt/conda/share/terminfo/c/cit101e
/opt/conda/share/terminfo/c/cbunix
/opt/conda/share/terminfo/c/cops10
/opt/conda/share/terminfo/c/cons25w
/opt/conda/share/terminfo/c/citoh-elite
/opt/conda/share/terminfo/c/citoh-comp
/opt/conda/share/terminfo/c/coco3
/opt/conda/share/terminfo/c/cons60
/opt/conda/share/terminfo/c/c108
/opt/conda/share/terminfo/c/cit101e-132
/opt/conda/share/terminfo/c/cdc721
/opt/conda/share/terminfo/c/c108-rv-4p
/opt/conda/share/terminfo/c/cons25l1
/opt/conda/share/terminfo/c/cons25r-m
/opt/conda/share/terminfo/c/cit80
/opt/conda/share/terminfo/c/cygwinDBG
/opt/conda/share/terminfo/c/c108-4p
/opt/conda/share/terminfo/c/cons25
/opt/conda/share/terminfo/c/cyb110
/opt/conda/share/terminfo/c/cg7900
/opt/conda/share/terminfo/c/cons50l1-m
/opt/conda/share/terminfo/c/cygwinB19
/opt/conda/share/terminfo/c/c100
/opt/conda/share/terminfo/c/cons50-m
/opt/conda/share/terminfo/c/cs10-w
/opt/conda/share/terminfo/c/cit500
/opt/conda/share/terminfo/c/cit101e-n
/opt/conda/share/terminfo/c/color_xterm
/opt/conda/share/terminfo/c/cdc721ll
/opt/conda/share/terminfo/c/cons50l1
/opt/conda/share/terminfo/c/cons50r
/opt/conda/share/terminfo/c/contel301
/opt/conda/share/terminfo/c/citoh-prop
/opt/conda/share/terminfo/c/c100-rv
/opt/conda/share/terminfo/c/cons60l1-m
/opt/conda/share/terminfo/c/cdc456
/opt/conda/share/terminfo/c/c108-rv
/opt/conda/share/terminfo/c/cons25l1-m
/opt/conda/share/terminfo/c/cs10
/opt/conda/share/terminfo/c/cygwin
/opt/conda/share/terminfo/c/cbblit
/opt/conda/share/terminfo/c/cons43
/opt/conda/share/terminfo/c/cons50
/opt/conda/share/terminfo/c/citoh
/opt/conda/share/terminfo/c/cons25-debian
/opt/conda/share/terminfo/c/cdc721-esc
/opt/conda/share/terminfo/c/cons30
/opt/conda/share/terminfo/c/cdc756
/opt/conda/share/terminfo/c/citoh-6lpi
/opt/conda/share/terminfo/c/cad68-2
/opt/conda/share/terminfo/c/cons60-m
/opt/conda/share/terminfo/c/cad68-3
/opt/conda/share/terminfo/c/cons60l1
/opt/conda/share/terminfo/c/citoh-8lpi
/opt/conda/share/terminfo/c/crt
/opt/conda/share/terminfo/c/contel300
/opt/conda/share/terminfo/c/commodore
/opt/conda/share/terminfo/c/cons25r
/opt/conda/share/terminfo/c/cons25-m
/opt/conda/share/terminfo/c/citoh-pica
/opt/conda/share/terminfo/c/cit101e-rv
/opt/conda/share/terminfo/c/c108-w
/opt/conda/share/terminfo/c/cit101e-n132
/opt/conda/share/terminfo/c/ct8500
/opt/conda/share/terminfo/c/cons30-m
/opt/conda/share/terminfo/c/ca22851
/opt/conda/share/terminfo/c/cit101
/opt/conda/share/terminfo/c/cci
/opt/conda/share/terminfo/c/cons60r
/opt/conda/share/terminfo/c/cons60r-m
/opt/conda/share/terminfo/c/cyb83
/opt/conda/share/terminfo/c/ctrm
/opt/conda/share/terminfo/c/cdc752
/opt/conda/share/terminfo/c/cons50r-m
/opt/conda/share/terminfo/n
/opt/conda/share/terminfo/n/nsterm-c-s-7
/opt/conda/share/terminfo/n/ndr9500-nl
/opt/conda/share/terminfo/n/nsterm-build309
/opt/conda/share/terminfo/n/nsterm+s
/opt/conda/share/terminfo/n/news-33-sjis
/opt/conda/share/terminfo/n/ncr260vt100wan
/opt/conda/share/terminfo/n/nsterm-build361
/opt/conda/share/terminfo/n/nsterm-s-acs
/opt/conda/share/terminfo/n/netbsd6
/opt/conda/share/terminfo/n/ncr160vpwpp
/opt/conda/share/terminfo/n/nansi.sys
/opt/conda/share/terminfo/n/news-42
/opt/conda/share/terminfo/n/ncr160vt100an
/opt/conda/share/terminfo/n/ncr260intwan
/opt/conda/share/terminfo/n/ncr160vt300wan
/opt/conda/share/terminfo/n/ncr160vppp
/opt/conda/share/terminfo/n/nsterm+7
/opt/conda/share/terminfo/n/ncr160vt300an
/opt/conda/share/terminfo/n/ncr160vt300wpp
/opt/conda/share/terminfo/n/ncsa-m
/opt/conda/share/terminfo/n/newhpkeyboard
/opt/conda/share/terminfo/n/nsterm-build400
/opt/conda/share/terminfo/n/nsterm-m-7
/opt/conda/share/terminfo/n/nsterm+mac
/opt/conda/share/terminfo/n/ncr260wy325pp
/opt/conda/share/terminfo/n/news-33-euc
/opt/conda/share/terminfo/n/ncr260vt200wpp
/opt/conda/share/terminfo/n/ncrvt100wan
/opt/conda/share/terminfo/n/nsterm+c
/opt/conda/share/terminfo/n/nsterm-c-s-acs
/opt/conda/share/terminfo/n/ncr160wy50+wpp
/opt/conda/share/terminfo/n/nsterm-s-7
/opt/conda/share/terminfo/n/nsterm-acs
/opt/conda/share/terminfo/n/news-29-euc
/opt/conda/share/terminfo/n/nsterm
/opt/conda/share/terminfo/n/ncr260vt+sl
/opt/conda/share/terminfo/n/ncr260wy350wpp
/opt/conda/share/terminfo/n/nsterm+c41
/opt/conda/share/terminfo/n/news-unk
/opt/conda/share/terminfo/n/northstar
/opt/conda/share/terminfo/n/ncr260vt100an
/opt/conda/share/terminfo/n/ncrvt100an
/opt/conda/share/terminfo/n/ncr260wy60wpp
/opt/conda/share/terminfo/n/ncr160wy50+pp
/opt/conda/share/terminfo/n/ncr260vpwpp
/opt/conda/share/terminfo/n/ncr160vt200wan
/opt/conda/share/terminfo/n/ncr260vt200an
/opt/conda/share/terminfo/n/ncr260vt200wan
/opt/conda/share/terminfo/n/ncr260vt300an
/opt/conda/share/terminfo/n/ncsa-vt220
/opt/conda/share/terminfo/n/nsterm+acs
/opt/conda/share/terminfo/n/nansi.sysk
/opt/conda/share/terminfo/n/nsterm-s
/opt/conda/share/terminfo/n/ncr260wy50+wpp
/opt/conda/share/terminfo/n/ncr160wy60wpp
/opt/conda/share/terminfo/n/ncr160vt100wpp
/opt/conda/share/terminfo/n/nsterm-m-acs
/opt/conda/share/terminfo/n/news-29-sjis
/opt/conda/share/terminfo/n/nsterm-16color
/opt/conda/share/terminfo/n/ncsa-m-ns
/opt/conda/share/terminfo/n/ncr260vp+sl
/opt/conda/share/terminfo/n/ncr260wy50+pp
/opt/conda/share/terminfo/n/nec5520
/opt/conda/share/terminfo/n/ncr160vt100pp
/opt/conda/share/terminfo/n/nsterm-m-s
/opt/conda/share/terminfo/n/news-33
/opt/conda/share/terminfo/n/nsterm-bce
/opt/conda/share/terminfo/n/ncr160vt200an
/opt/conda/share/terminfo/n/ncr7901
/opt/conda/share/terminfo/n/news-29
/opt/conda/share/terminfo/n/ncsa
/opt/conda/share/terminfo/n/nsterm-build343
/opt/conda/share/terminfo/n/ncr260vt300wan
/opt/conda/share/terminfo/n/ncr160vt100wan
/opt/conda/share/terminfo/n/nsterm-build440
/opt/conda/share/terminfo/n/ncr160wy60pp
/opt/conda/share/terminfo/n/nwp517-w
/opt/conda/share/terminfo/n/news-42-euc
/opt/conda/share/terminfo/n/news28
/opt/conda/share/terminfo/n/ncr260wy60pp
/opt/conda/share/terminfo/n/nsterm-m-s-acs
/opt/conda/share/terminfo/n/ncr260vt300pp
/opt/conda/share/terminfo/n/next
/opt/conda/share/terminfo/n/nsterm-7-c
/opt/conda/share/terminfo/n/nsterm-7
/opt/conda/share/terminfo/n/ncr260vt100wpp
/opt/conda/share/terminfo/n/ncr160vt300pp
/opt/conda/share/terminfo/n/nwp517
/opt/conda/share/terminfo/n/nsterm-c-acs
/opt/conda/share/terminfo/n/nsterm-build326
/opt/conda/share/terminfo/n/no+brackets
/opt/conda/share/terminfo/n/ncr260vt100pp
/opt/conda/share/terminfo/n/nsterm-direct
/opt/conda/share/terminfo/n/nwp513
/opt/conda/share/terminfo/n/ncsa-ns
/opt/conda/share/terminfo/n/ncr7900i
/opt/conda/share/terminfo/n/ncr260wy325wpp
/opt/conda/share/terminfo/n/ncr7900iv
/opt/conda/share/terminfo/n/ncr160vt200wpp
/opt/conda/share/terminfo/n/nwp512
/opt/conda/share/terminfo/n/ndr9500-25-mc-nl
/opt/conda/share/terminfo/n/ncr160vt200pp
/opt/conda/share/terminfo/n/news-42-sjis
/opt/conda/share/terminfo/n/nsterm-m
/opt/conda/share/terminfo/n/nwp511
/opt/conda/share/terminfo/n/nsterm-old
/opt/conda/share/terminfo/n/ncr260wy350pp
/opt/conda/share/terminfo/n/ndr9500
/opt/conda/share/terminfo/n/ncr260vt300wpp
/opt/conda/share/terminfo/n/nsterm-c-s
/opt/conda/share/terminfo/n/nwp513-a
/opt/conda/share/terminfo/n/ndr9500-mc
/opt/conda/share/terminfo/n/ncr260intan
/opt/conda/share/terminfo/n/nwp512-a
/opt/conda/share/terminfo/n/ncr260intpp
/opt/conda/share/terminfo/n/ndr9500-25-nl
/opt/conda/share/terminfo/n/news29
/opt/conda/share/terminfo/n/nextshell
/opt/conda/share/terminfo/n/ncr260vt200pp
/opt/conda/share/terminfo/n/news-old-unk
/opt/conda/share/terminfo/n/ndr9500-25-mc
/opt/conda/share/terminfo/n/newhp
/opt/conda/share/terminfo/n/ncr260vppp
/opt/conda/share/terminfo/n/ncr260intwpp
/opt/conda/share/terminfo/n/nsterm-c
/opt/conda/share/terminfo/n/ndr9500-25
/opt/conda/share/terminfo/n/ndr9500-mc-nl
/opt/conda/share/terminfo/n/nsterm-m-s-7
/opt/conda/share/terminfo/e
/opt/conda/share/terminfo/e/ecma+color
/opt/conda/share/terminfo/e/ex155
/opt/conda/share/terminfo/e/eterm-color
/opt/conda/share/terminfo/e/ecma+italics
/opt/conda/share/terminfo/e/excel62-rv
/opt/conda/share/terminfo/e/eterm
/opt/conda/share/terminfo/e/elks-ansi
/opt/conda/share/terminfo/e/ecma+sgr
/opt/conda/share/terminfo/e/emu
/opt/conda/share/terminfo/e/excel62-w
/opt/conda/share/terminfo/e/ecma+index
/opt/conda/share/terminfo/e/env230
/opt/conda/share/terminfo/e/elks
/opt/conda/share/terminfo/e/excel62
/opt/conda/share/terminfo/e/esprit-am
/opt/conda/share/terminfo/e/ergo4000
/opt/conda/share/terminfo/e/emu-220
/opt/conda/share/terminfo/e/elks-vt52
/opt/conda/share/terminfo/e/elks-glasstty
/opt/conda/share/terminfo/e/emx-base
/opt/conda/share/terminfo/e/ep48
/opt/conda/share/terminfo/e/ecma+strikeout
/opt/conda/share/terminfo/e/esprit
/opt/conda/share/terminfo/e/ep40
/opt/conda/share/terminfo/7
/opt/conda/share/terminfo/d
/opt/conda/share/terminfo/d/dtc382
/opt/conda/share/terminfo/d/d413-unix-sr
/opt/conda/share/terminfo/d/d230c-dg
/opt/conda/share/terminfo/d/dm3025
/opt/conda/share/terminfo/d/d216-unix-25
/opt/conda/share/terminfo/d/d430c-unix-w
/opt/conda/share/terminfo/d/dgmode+color8
/opt/conda/share/terminfo/d/dg211
/opt/conda/share/terminfo/d/dku7102-old
/opt/conda/share/terminfo/d/dgunix+fixed
/opt/conda/share/terminfo/d/d220-7b
/opt/conda/share/terminfo/d/diablo1620
/opt/conda/share/terminfo/d/diablo1740-lm
/opt/conda/share/terminfo/d/d430c-unix-s
/opt/conda/share/terminfo/d/dg6053-old
/opt/conda/share/terminfo/d/d555-7b
/opt/conda/share/terminfo/d/domterm
/opt/conda/share/terminfo/d/dwk
/opt/conda/share/terminfo/d/dvtm-256color
/opt/conda/share/terminfo/d/d217-unix
/opt/conda/share/terminfo/d/dg450
/opt/conda/share/terminfo/d/d210-dg
/opt/conda/share/terminfo/d/d430c-dg-ccc
/opt/conda/share/terminfo/d/d210
/opt/conda/share/terminfo/d/dw3
/opt/conda/share/terminfo/d/dec+pp
/opt/conda/share/terminfo/d/d800
/opt/conda/share/terminfo/d/dp3360
/opt/conda/share/terminfo/d/dg+fixed
/opt/conda/share/terminfo/d/d230c
/opt/conda/share/terminfo/d/d430c-unix-ccc
/opt/conda/share/terminfo/d/d412-unix-s
/opt/conda/share/terminfo/d/dt80-sas
/opt/conda/share/terminfo/d/dvtm
/opt/conda/share/terminfo/d/dg+color8
/opt/conda/share/terminfo/d/dtc300s
/opt/conda/share/terminfo/d/d410-dg
/opt/conda/share/terminfo/d/dm3045
/opt/conda/share/terminfo/d/dgmode+color
/opt/conda/share/terminfo/d/d555-7b-w
/opt/conda/share/terminfo/d/d410-7b
/opt/conda/share/terminfo/d/dg+color
/opt/conda/share/terminfo/d/djgpp204
/opt/conda/share/terminfo/d/d577
/opt/conda/share/terminfo/d/d412-unix-25
/opt/conda/share/terminfo/d/decid+cpr
/opt/conda/share/terminfo/d/d413-unix-w
/opt/conda/share/terminfo/d/dku7003-dumb
/opt/conda/share/terminfo/d/dg200
/opt/conda/share/terminfo/d/dm80
/opt/conda/share/terminfo/d/d555-w
/opt/conda/share/terminfo/d/diablo1640
/opt/conda/share/terminfo/d/d410-w
/opt/conda/share/terminfo/d/dg+ccc
/opt/conda/share/terminfo/d/d414-unix-w
/opt/conda/share/terminfo/d/dmchat
/opt/conda/share/terminfo/d/d400
/opt/conda/share/terminfo/d/d410-7b-w
/opt/conda/share/terminfo/d/d410
/opt/conda/share/terminfo/d/d132
/opt/conda/share/terminfo/d/d470c
/opt/conda/share/terminfo/d/dku7202
/opt/conda/share/terminfo/d/d211-dg
/opt/conda/share/terminfo/d/d430c-unix-w-ccc
/opt/conda/share/terminfo/d/d430c-unix-sr
/opt/conda/share/terminfo/d/dku7003
/opt/conda/share/terminfo/d/d200
/opt/conda/share/terminfo/d/dw4
/opt/conda/share/terminfo/d/dumb-emacs-ansi
/opt/conda/share/terminfo/d/d578
/opt/conda/share/terminfo/d/d470c-dg
/opt/conda/share/terminfo/d/djgpp
/opt/conda/share/terminfo/d/dt110
/opt/conda/share/terminfo/d/dgkeys+11
/opt/conda/share/terminfo/d/d414-unix-sr
/opt/conda/share/terminfo/d/dg6053
/opt/conda/share/terminfo/d/dg210
/opt/conda/share/terminfo/d/dt100w
/opt/conda/share/terminfo/d/digilog
/opt/conda/share/terminfo/d/d577-w
/opt/conda/share/terminfo/d/diablo1620-m8
/opt/conda/share/terminfo/d/d412-unix
/opt/conda/share/terminfo/d/dw1
/opt/conda/share/terminfo/d/dp8242
/opt/conda/share/terminfo/d/dgkeys+7b
/opt/conda/share/terminfo/d/d413-unix-s
/opt/conda/share/terminfo/d/d577-7b
/opt/conda/share/terminfo/d/dec-vt100
/opt/conda/share/terminfo/d/d413-unix-25
/opt/conda/share/terminfo/d/d430c-unix-sr-ccc
/opt/conda/share/terminfo/d/dumb
/opt/conda/share/terminfo/d/dg460-ansi
/opt/conda/share/terminfo/d/dec-vt220
/opt/conda/share/terminfo/d/d412-dg
/opt/conda/share/terminfo/d/d430c-unix-25-ccc
/opt/conda/share/terminfo/d/d430c-unix
/opt/conda/share/terminfo/d/d577-7b-w
/opt/conda/share/terminfo/d/d220-dg
/opt/conda/share/terminfo/d/d555
/opt/conda/share/terminfo/d/dg-generic
/opt/conda/share/terminfo/d/dm2500
/opt/conda/share/terminfo/d/djgpp203
/opt/conda/share/terminfo/d/d578-7b
/opt/conda/share/terminfo/d/d412-unix-w
/opt/conda/share/terminfo/d/dmterm
/opt/conda/share/terminfo/d/dtterm
/opt/conda/share/terminfo/d/d216-unix
/opt/conda/share/terminfo/d/dt100
/opt/conda/share/terminfo/d/dm80w
/opt/conda/share/terminfo/d/d577-dg
/opt/conda/share/terminfo/d/diablo1640-lm
/opt/conda/share/terminfo/d/d555-dg
/opt/conda/share/terminfo/d/d220
/opt/conda/share/terminfo/d/d414-unix
/opt/conda/share/terminfo/d/d217-unix-25
/opt/conda/share/terminfo/d/d430c-dg
/opt/conda/share/terminfo/d/dgunix+ccc
/opt/conda/share/terminfo/d/dgkeys+8b
/opt/conda/share/terminfo/d/dw2
/opt/conda/share/terminfo/d/d216-dg
/opt/conda/share/terminfo/d/delta
/opt/conda/share/terminfo/d/dm1520
/opt/conda/share/terminfo/d/d211-7b
/opt/conda/share/terminfo/d/d412-unix-sr
/opt/conda/share/terminfo/d/d413-unix
/opt/conda/share/terminfo/d/dec+sl
/opt/conda/share/terminfo/d/ddr
/opt/conda/share/terminfo/d/d414-unix-25
/opt/conda/share/terminfo/d/d414-unix-s
/opt/conda/share/terminfo/d/d430c-unix-s-ccc
/opt/conda/share/terminfo/d/decansi
/opt/conda/share/terminfo/d/d470c-7b
/opt/conda/share/terminfo/d/d430c-unix-25
/opt/conda/share/terminfo/d/dgkeys+15
/opt/conda/share/terminfo/d/d211
/opt/conda/share/terminfo/x
/opt/conda/share/terminfo/x/xterm-utf8
/opt/conda/share/terminfo/x/xerox820
/opt/conda/share/terminfo/x/xnuppc-m-f2
/opt/conda/share/terminfo/x/xterm+256color
/opt/conda/share/terminfo/x/xterm+256setaf
/opt/conda/share/terminfo/x/xterm+sl
/opt/conda/share/terminfo/x/xterm+pcc2
/opt/conda/share/terminfo/x/xterm+x10mouse
/opt/conda/share/terminfo/x/xterm-1003
/opt/conda/share/terminfo/x/xnuppc+160x64
/opt/conda/share/terminfo/x/xterm-pcolor
/opt/conda/share/terminfo/x/xnuppc+basic
/opt/conda/share/terminfo/x/xterm-xfree86
/opt/conda/share/terminfo/x/xterm+pcc3
/opt/conda/share/terminfo/x/xterm-r5
/opt/conda/share/terminfo/x/xterm+tmux2
/opt/conda/share/terminfo/x/xterm+alt47
/opt/conda/share/terminfo/x/xnuppc-m
/opt/conda/share/terminfo/x/xterm+sm+1006
/opt/conda/share/terminfo/x/xnuppc-100x37
/opt/conda/share/terminfo/x/xterm-1006
/opt/conda/share/terminfo/x/xterm+edit
/opt/conda/share/terminfo/x/xterm-basic
/opt/conda/share/terminfo/x/xterm-88color
/opt/conda/share/terminfo/x/xterm-color
/opt/conda/share/terminfo/x/xterm-sun
/opt/conda/share/terminfo/x/xnuppc-200x64-m
/opt/conda/share/terminfo/x/xnuppc-200x75-m
/opt/conda/share/terminfo/x/xterm-256color
/opt/conda/share/terminfo/x/xnuppc-80x30
/opt/conda/share/terminfo/x/xnuppc-200x75
/opt/conda/share/terminfo/x/xnuppc-f
/opt/conda/share/terminfo/x/xterm-xf86-v40
/opt/conda/share/terminfo/x/x10term
/opt/conda/share/terminfo/x/xterm+pcf0
/opt/conda/share/terminfo/x/xterm+sm+1002
/opt/conda/share/terminfo/x/xnuppc
/opt/conda/share/terminfo/x/xterm+alt1049
/opt/conda/share/terminfo/x/xnuppc-112x37
/opt/conda/share/terminfo/x/xterm-bold
/opt/conda/share/terminfo/x/xterm+pcc1
/opt/conda/share/terminfo/x/xterm+pcf2
/opt/conda/share/terminfo/x/xterm1
/opt/conda/share/terminfo/x/xnuppc-128x40-m
/opt/conda/share/terminfo/x/xterm+keypad
/opt/conda/share/terminfo/x/xterm-hp
/opt/conda/share/terminfo/x/xterm+app
/opt/conda/share/terminfo/x/xterm+vt+edit
/opt/conda/share/terminfo/x/xiterm
/opt/conda/share/terminfo/x/xnuppc-112x37-m
/opt/conda/share/terminfo/x/xterm-nic
/opt/conda/share/terminfo/x/xterm-x11hilite
/opt/conda/share/terminfo/x/xterm+pce2
/opt/conda/share/terminfo/x/xterm+nopcfkeys
/opt/conda/share/terminfo/x/xnuppc-m-f
/opt/conda/share/terminfo/x/xterm-xf86-v333
/opt/conda/share/terminfo/x/xterm+pcfkeys
/opt/conda/share/terminfo/x/xnuppc+100x37
/opt/conda/share/terminfo/x/x68k
/opt/conda/share/terminfo/x/xterm+sm+1005
/opt/conda/share/terminfo/x/xterm-1005
/opt/conda/share/terminfo/x/xterm+direct16
/opt/conda/share/terminfo/x/xterm-xi
/opt/conda/share/terminfo/x/xterm+alt+title
/opt/conda/share/terminfo/x/xterm+direct2
/opt/conda/share/terminfo/x/xterm-x10mouse
/opt/conda/share/terminfo/x/xnuppc+144x48
/opt/conda/share/terminfo/x/xterm+sl-twm
/opt/conda/share/terminfo/x/xnuppc-256x96
/opt/conda/share/terminfo/x/xnuppc-160x64-m
/opt/conda/share/terminfo/x/xterm+88color
/opt/conda/share/terminfo/x/xterm+r6f2
/opt/conda/share/terminfo/x/xterm-direct16
/opt/conda/share/terminfo/x/xnuppc+c
/opt/conda/share/terminfo/x/xnuppc-144x48
/opt/conda/share/terminfo/x/xterm+noalt
/opt/conda/share/terminfo/x/xterm-p370
/opt/conda/share/terminfo/x/xnuppc+200x64
/opt/conda/share/terminfo/x/xnuppc+b
/opt/conda/share/terminfo/x/xterm-new
/opt/conda/share/terminfo/x/xterm-noapp
/opt/conda/share/terminfo/x/xterm-vt52
/opt/conda/share/terminfo/x/xterm+meta
/opt/conda/share/terminfo/x/xnuppc-128x40
/opt/conda/share/terminfo/x/xfce
/opt/conda/share/terminfo/x/xterm-xf86-v32
/opt/conda/share/terminfo/x/xterm+88color2
/opt/conda/share/terminfo/x/xnuppc-80x25
/opt/conda/share/terminfo/x/xterm-sco
/opt/conda/share/terminfo/x/xnuppc-128x48-m
/opt/conda/share/terminfo/x/xnuppc+128x40
/opt/conda/share/terminfo/x/xnuppc-100x37-m
/opt/conda/share/terminfo/x/xterm-xf86-v33
/opt/conda/share/terminfo/x/xnuppc-128x48
/opt/conda/share/terminfo/x/xterm-direct2
/opt/conda/share/terminfo/x/xterm-mono
/opt/conda/share/terminfo/x/xterms-sun
/opt/conda/share/terminfo/x/xerox1720
/opt/conda/share/terminfo/x/xnuppc+256x96
/opt/conda/share/terminfo/x/xgterm
/opt/conda/share/terminfo/x/xtalk
/opt/conda/share/terminfo/x/xnuppc+80x30
/opt/conda/share/terminfo/x/xterm+focus
/opt/conda/share/terminfo/x/x10term+sl
/opt/conda/share/terminfo/x/xnuppc-90x30
/opt/conda/share/terminfo/x/xterm+tmux
/opt/conda/share/terminfo/x/xnuppc-80x25-m
/opt/conda/share/terminfo/x/xterm-direct256
/opt/conda/share/terminfo/x/xterm+sm+1003
/opt/conda/share/terminfo/x/xterm-16color
/opt/conda/share/terminfo/x/xnuppc+f
/opt/conda/share/terminfo/x/xnuppc-b
/opt/conda/share/terminfo/x/xterm+indirect
/opt/conda/share/terminfo/x/xnuppc-90x30-m
/opt/conda/share/terminfo/x/xterm-xf86-v44
/opt/conda/share/terminfo/x/xnuppc-f2
/opt/conda/share/terminfo/x/xterm-vt220
/opt/conda/share/terminfo/x/xterm+sl-alt
/opt/conda/share/terminfo/x/xterm+direct
/opt/conda/share/terminfo/x/xterm+acs
/opt/conda/share/terminfo/x/xterm+x11mouse
/opt/conda/share/terminfo/x/xterm-direct
/opt/conda/share/terminfo/x/xterm+noapp
/opt/conda/share/terminfo/x/xterm-xf86-v43
/opt/conda/share/terminfo/x/xterm
/opt/conda/share/terminfo/x/xnuppc-m-b
/opt/conda/share/terminfo/x/xnuppc+112x37
/opt/conda/share/terminfo/x/xterm+pc+edit
/opt/conda/share/terminfo/x/xnuppc-160x64
/opt/conda/share/terminfo/x/xterm+titlestack
/opt/conda/share/terminfo/x/xnuppc+90x30
/opt/conda/share/terminfo/x/xtermm
/opt/conda/share/terminfo/x/xterm-p371
/opt/conda/share/terminfo/x/xnuppc-144x48-m
/opt/conda/share/terminfo/x/xterm+kbs
/opt/conda/share/terminfo/x/xterm+direct256
/opt/conda/share/terminfo/x/xterm-r6
/opt/conda/share/terminfo/x/xtermc
/opt/conda/share/terminfo/x/xterm-old
/opt/conda/share/terminfo/x/xnuppc+80x25
/opt/conda/share/terminfo/x/xnuppc+f2
/opt/conda/share/terminfo/x/xnuppc-256x96-m
/opt/conda/share/terminfo/x/xnuppc-200x64
/opt/conda/share/terminfo/x/xnuppc+200x75
/opt/conda/share/terminfo/x/xterm-24
/opt/conda/share/terminfo/x/xterm+osc104
/opt/conda/share/terminfo/x/xterm+256color2
/opt/conda/share/terminfo/x/xterm+pcc0
/opt/conda/share/terminfo/x/xterm-1002
/opt/conda/share/terminfo/x/xterm-8bit
/opt/conda/share/terminfo/x/xnuppc-80x30-m
/opt/conda/share/terminfo/x/xterm+nofkeys
/opt/conda/share/terminfo/x/xterm-x11mouse
/opt/conda/share/terminfo/x/xnuppc+128x48
/opt/conda/share/terminfo/x/xterm+x11hilite
/opt/conda/share/terminfo/6
/opt/conda/share/terminfo/9
/opt/conda/share/terminfo/9/9term
/opt/conda/share/terminfo/5
/opt/conda/share/terminfo/f
/opt/conda/share/terminfo/f/falco-p
/opt/conda/share/terminfo/f/falco
/opt/conda/share/terminfo/f/f1720
/opt/conda/share/terminfo/f/fbterm
/opt/conda/share/terminfo/f/f200vi-w
/opt/conda/share/terminfo/f/fox
/opt/conda/share/terminfo/f/fos
/opt/conda/share/terminfo/f/f200
/opt/conda/share/terminfo/f/f200vi
/opt/conda/share/terminfo/f/foot
/opt/conda/share/terminfo/f/f110
/opt/conda/share/terminfo/f/foot+base
/opt/conda/share/terminfo/f/f110-14w
/opt/conda/share/terminfo/f/f100-rv
/opt/conda/share/terminfo/f/f110-w
/opt/conda/share/terminfo/f/f110-14
/opt/conda/share/terminfo/f/f200-w
/opt/conda/share/terminfo/f/foot-direct
/opt/conda/share/terminfo/f/f100
/opt/conda/share/terminfo/X
/opt/conda/share/terminfo/w
/opt/conda/share/terminfo/w/wy185-24
/opt/conda/share/terminfo/w/wy75
/opt/conda/share/terminfo/w/wy60-43
/opt/conda/share/terminfo/w/wy120-vb
/opt/conda/share/terminfo/w/wy85-w
/opt/conda/share/terminfo/w/wy99gt-vb
/opt/conda/share/terminfo/w/wy185
/opt/conda/share/terminfo/w/wy99gt
/opt/conda/share/terminfo/w/wy99gt-25-w
/opt/conda/share/terminfo/w/wy120-25
/opt/conda/share/terminfo/w/wy85-8bit
/opt/conda/share/terminfo/w/wy30-vb
/opt/conda/share/terminfo/w/wy160-43-w
/opt/conda/share/terminfo/w/wy100
/opt/conda/share/terminfo/w/wy50
/opt/conda/share/terminfo/w/wy370
/opt/conda/share/terminfo/w/wy60-25-w
/opt/conda/share/terminfo/w/wy160-42-w
/opt/conda/share/terminfo/w/wy60-25
/opt/conda/share/terminfo/w/wy520-36pc
/opt/conda/share/terminfo/w/wy99gt-tek
/opt/conda/share/terminfo/w/wy350-w
/opt/conda/share/terminfo/w/wy60-42
/opt/conda/share/terminfo/w/wy520-w
/opt/conda/share/terminfo/w/wy325-43w-vb
/opt/conda/share/terminfo/w/wy370-rv
/opt/conda/share/terminfo/w/wy50-wvb
/opt/conda/share/terminfo/w/wy75-vb
/opt/conda/share/terminfo/w/wy99-ansi
/opt/conda/share/terminfo/w/wy370-nk
/opt/conda/share/terminfo/w/wy520-24
/opt/conda/share/terminfo/w/wy85-wvb
/opt/conda/share/terminfo/w/wy520-48pc
/opt/conda/share/terminfo/w/wy325-42
/opt/conda/share/terminfo/w/wy520-48
/opt/conda/share/terminfo/w/wy75-wvb
/opt/conda/share/terminfo/w/wy520-48w
/opt/conda/share/terminfo/w/wy160-25
/opt/conda/share/terminfo/w/wy160-42
/opt/conda/share/terminfo/w/wy60-42-w
/opt/conda/share/terminfo/w/wy520-epc-wvb
/opt/conda/share/terminfo/w/wy60-43-w
/opt/conda/share/terminfo/w/wy370-EPC
/opt/conda/share/terminfo/w/wy99gt-25
/opt/conda/share/terminfo/w/wy60-vb
/opt/conda/share/terminfo/w/wy50-mc
/opt/conda/share/terminfo/w/wy325-42w
/opt/conda/share/terminfo/w/wy75-mc
/opt/conda/share/terminfo/w/wy160
/opt/conda/share/terminfo/w/wy160-25-w
/opt/conda/share/terminfo/w/wy370-tek
/opt/conda/share/terminfo/w/wy325
/opt/conda/share/terminfo/w/wy520-epc
/opt/conda/share/terminfo/w/wy325-vb
/opt/conda/share/terminfo/w/wy100q
/opt/conda/share/terminfo/w/wsvt25m
/opt/conda/share/terminfo/w/wy325-43w
/opt/conda/share/terminfo/w/wy325-w-vb
/opt/conda/share/terminfo/w/wy30
/opt/conda/share/terminfo/w/wy370-vb
/opt/conda/share/terminfo/w/wy160-43
/opt/conda/share/terminfo/w/wy30-mc
/opt/conda/share/terminfo/w/wy120-25-w
/opt/conda/share/terminfo/w/wy99a-ansi
/opt/conda/share/terminfo/w/wy99gt-w
/opt/conda/share/terminfo/w/wy120-w-vb
/opt/conda/share/terminfo/w/wy160-tek
/opt/conda/share/terminfo/w/wy99fa
/opt/conda/share/terminfo/w/wy520-epc-24
/opt/conda/share/terminfo/w/wy75-w
/opt/conda/share/terminfo/w/wy350
/opt/conda/share/terminfo/w/wy350-vb
/opt/conda/share/terminfo/w/wyse+sl
/opt/conda/share/terminfo/w/wy520-36w
/opt/conda/share/terminfo/w/wy520-36
/opt/conda/share/terminfo/w/wy370-w
/opt/conda/share/terminfo/w/wy520-48wpc
/opt/conda/share/terminfo/w/wy325-w
/opt/conda/share/terminfo/w/wy325-43
/opt/conda/share/terminfo/w/wy75ap
/opt/conda/share/terminfo/w/wy520-epc-vb
/opt/conda/share/terminfo/w/wy520-36wpc
/opt/conda/share/terminfo/w/wy85-vb
/opt/conda/share/terminfo/w/wy160-w
/opt/conda/share/terminfo/w/wy185-wvb
/opt/conda/share/terminfo/w/wy325-25w
/opt/conda/share/terminfo/w/wy160-vb
/opt/conda/share/terminfo/w/wy520-epc-w
/opt/conda/share/terminfo/w/wy520-vb
/opt/conda/share/terminfo/w/wy99f
/opt/conda/share/terminfo/w/wy370-wvb
/opt/conda/share/terminfo/w/wy50-w
/opt/conda/share/terminfo/w/wy185-w
/opt/conda/share/terminfo/w/wy120
/opt/conda/share/terminfo/w/wy370-105k
/opt/conda/share/terminfo/w/wy185-vb
/opt/conda/share/terminfo/w/wy520-wvb
/opt/conda/share/terminfo/w/wy520
/opt/conda/share/terminfo/w/wy350-wvb
/opt/conda/share/terminfo/w/wy60-w-vb
/opt/conda/share/terminfo/w/wy325-25
/opt/conda/share/terminfo/w/wsiris
/opt/conda/share/terminfo/w/wy160-w-vb
/opt/conda/share/terminfo/w/wy99gt-w-vb
/opt/conda/share/terminfo/w/wy50-vb
/opt/conda/share/terminfo/w/wsvt25
/opt/conda/share/terminfo/w/wy60
/opt/conda/share/terminfo/w/wy120-w
/opt/conda/share/terminfo/w/wy85
/opt/conda/share/terminfo/w/wy60-w
/opt/conda/share/terminfo/w/wy325-42w-vb
/opt/conda/share/terminfo/w/wyse-vp
/opt/conda/share/terminfo/k
/opt/conda/share/terminfo/k/kt7ix
/opt/conda/share/terminfo/k/konsole+pcfkeys
/opt/conda/share/terminfo/k/kermit
/opt/conda/share/terminfo/k/kvt
/opt/conda/share/terminfo/k/kaypro
/opt/conda/share/terminfo/k/klone+sgr-dumb
/opt/conda/share/terminfo/k/kterm-color
/opt/conda/share/terminfo/k/klone+color
/opt/conda/share/terminfo/k/konsole-16color
/opt/conda/share/terminfo/k/kitty+setal
/opt/conda/share/terminfo/k/klone+acs
/opt/conda/share/terminfo/k/konsole-direct
/opt/conda/share/terminfo/k/konsole-linux
/opt/conda/share/terminfo/k/konsole-vt420pc
/opt/conda/share/terminfo/k/kt7
/opt/conda/share/terminfo/k/kitty+common
/opt/conda/share/terminfo/k/klone+sgr
/opt/conda/share/terminfo/k/konsole-xf3x
/opt/conda/share/terminfo/k/konsole
/opt/conda/share/terminfo/k/konsole-base
/opt/conda/share/terminfo/k/kitty-direct
/opt/conda/share/terminfo/k/kitty
/opt/conda/share/terminfo/k/klone+sgr8
/opt/conda/share/terminfo/k/konsole-xf4x
/opt/conda/share/terminfo/k/kermit-am
/opt/conda/share/terminfo/k/klone+koi8acs
/opt/conda/share/terminfo/k/konsole-solaris
/opt/conda/share/terminfo/k/kon
/opt/conda/share/terminfo/k/kterm
/opt/conda/share/terminfo/k/konsole-256color
/opt/conda/share/terminfo/k/konsole-vt100
/opt/conda/share/terminfo/l
/opt/conda/share/terminfo/l/lisaterm
/opt/conda/share/terminfo/l/linux-basic
/opt/conda/share/terminfo/l/linux-c
/opt/conda/share/terminfo/l/ln03
/opt/conda/share/terminfo/l/linux-koi8r
/opt/conda/share/terminfo/l/linux-lat
/opt/conda/share/terminfo/l/linux-nic
/opt/conda/share/terminfo/l/lft
/opt/conda/share/terminfo/l/linux2.6.26
/opt/conda/share/terminfo/l/linux-16color
/opt/conda/share/terminfo/l/linux+decid
/opt/conda/share/terminfo/l/linux3.0
/opt/conda/share/terminfo/l/linux2.2
/opt/conda/share/terminfo/l/lisa
/opt/conda/share/terminfo/l/linux-m1b
/opt/conda/share/terminfo/l/luna
/opt/conda/share/terminfo/l/linux-koi8
/opt/conda/share/terminfo/l/liswb
/opt/conda/share/terminfo/l/linux-m1
/opt/conda/share/terminfo/l/linux2.6
/opt/conda/share/terminfo/l/linux-m
/opt/conda/share/terminfo/l/linux-s
/opt/conda/share/terminfo/l/lisaterm-w
/opt/conda/share/terminfo/l/linux+sfkeys
/opt/conda/share/terminfo/l/linux-vt
/opt/conda/share/terminfo/l/linux-c-nc
/opt/conda/share/terminfo/l/linux-m2
/opt/conda/share/terminfo/l/linux
/opt/conda/share/terminfo/l/lpr
/opt/conda/share/terminfo/l/ln03-w
/opt/conda/share/terminfo/N
/opt/conda/share/terminfo/p
/opt/conda/share/terminfo/p/pcvt25-color
/opt/conda/share/terminfo/p/p19
/opt/conda/share/terminfo/p/pckermit120
/opt/conda/share/terminfo/p/pcvtXX
/opt/conda/share/terminfo/p/pe7000c
/opt/conda/share/terminfo/p/putty-noapp
/opt/conda/share/terminfo/p/putty+fnkeys+vt100
/opt/conda/share/terminfo/p/pcansi-43-m
/opt/conda/share/terminfo/p/pc-venix
/opt/conda/share/terminfo/p/pcansi
/opt/conda/share/terminfo/p/pcansi-33
/opt/conda/share/terminfo/p/prism8-w
/opt/conda/share/terminfo/p/pcansi-25
/opt/conda/share/terminfo/p/putty
/opt/conda/share/terminfo/p/putty-m2
/opt/conda/share/terminfo/p/pcvt50w
/opt/conda/share/terminfo/p/pcvt25w
/opt/conda/share/terminfo/p/putty-m1
/opt/conda/share/terminfo/p/pccon+sgr+acs
/opt/conda/share/terminfo/p/pccon0-m
/opt/conda/share/terminfo/p/pcvt43w
/opt/conda/share/terminfo/p/pccon+keys
/opt/conda/share/terminfo/p/prism5
/opt/conda/share/terminfo/p/pcplot
/opt/conda/share/terminfo/p/pcvt35w
/opt/conda/share/terminfo/p/putty+fnkeys+xterm
/opt/conda/share/terminfo/p/putty+fnkeys+linux
/opt/conda/share/terminfo/p/pc-coherent
/opt/conda/share/terminfo/p/pt100w
/opt/conda/share/terminfo/p/pccon
/opt/conda/share/terminfo/p/pc6300plus
/opt/conda/share/terminfo/p/putty-m1b
/opt/conda/share/terminfo/p/prism12-m
/opt/conda/share/terminfo/p/pcvt50
/opt/conda/share/terminfo/p/pccon-m
/opt/conda/share/terminfo/p/pe1251
/opt/conda/share/terminfo/p/putty+keypad
/opt/conda/share/terminfo/p/pccon0
/opt/conda/share/terminfo/p/prism14-w
/opt/conda/share/terminfo/p/putty-screen
/opt/conda/share/terminfo/p/psterm-96x48
/opt/conda/share/terminfo/p/pcvt40w
/opt/conda/share/terminfo/p/pty
/opt/conda/share/terminfo/p/pcansi-25-m
/opt/conda/share/terminfo/p/pccon+colors
/opt/conda/share/terminfo/p/pcansi-m
/opt/conda/share/terminfo/p/pckermit
/opt/conda/share/terminfo/p/prism8
/opt/conda/share/terminfo/p/prism14-m
/opt/conda/share/terminfo/p/pmcons
/opt/conda/share/terminfo/p/putty+fnkeys+vt400
/opt/conda/share/terminfo/p/pt100
/opt/conda/share/terminfo/p/pt250w
/opt/conda/share/terminfo/p/pcvt43
/opt/conda/share/terminfo/p/pcvt35
/opt/conda/share/terminfo/p/pc3
/opt/conda/share/terminfo/p/prism9-8
/opt/conda/share/terminfo/p/pro350
/opt/conda/share/terminfo/p/psterm-fast
/opt/conda/share/terminfo/p/prism4
/opt/conda/share/terminfo/p/pcvt25
/opt/conda/share/terminfo/p/pcmw
/opt/conda/share/terminfo/p/pc-minix
/opt/conda/share/terminfo/p/prism14-m-w
/opt/conda/share/terminfo/p/prism9-w
/opt/conda/share/terminfo/p/psterm-90x28
/opt/conda/share/terminfo/p/pccon+sgr+acs0
/opt/conda/share/terminfo/p/pcvt28
/opt/conda/share/terminfo/p/pccons
/opt/conda/share/terminfo/p/pccon+base
/opt/conda/share/terminfo/p/pe7000m
/opt/conda/share/terminfo/p/putty-sco
/opt/conda/share/terminfo/p/psterm-80x24
/opt/conda/share/terminfo/p/putty+fnkeys+esc
/opt/conda/share/terminfo/p/prism2
/opt/conda/share/terminfo/p/pcvt40
/opt/conda/share/terminfo/p/pcansi-43
/opt/conda/share/terminfo/p/ps300
/opt/conda/share/terminfo/p/pilot
/opt/conda/share/terminfo/p/pcix
/opt/conda/share/terminfo/p/pt210
/opt/conda/share/terminfo/p/putty+screen
/opt/conda/share/terminfo/p/prism12
/opt/conda/share/terminfo/p/prism9-8-w
/opt/conda/share/terminfo/p/psterm
/opt/conda/share/terminfo/p/putty-vt100
/opt/conda/share/terminfo/p/prism9
/opt/conda/share/terminfo/p/prism7
/opt/conda/share/terminfo/p/putty+fnkeys
/opt/conda/share/terminfo/p/prism12-w
/opt/conda/share/terminfo/p/pcvt28w
/opt/conda/share/terminfo/p/pcansi-33-m
/opt/conda/share/terminfo/p/p8gl
/opt/conda/share/terminfo/p/prism14
/opt/conda/share/terminfo/p/pt250
/opt/conda/share/terminfo/p/putty+fnkeys+sco
/opt/conda/share/terminfo/p/prism12-m-w
/opt/conda/share/terminfo/p/putty-256color
/opt/conda/share/terminfo/i
/opt/conda/share/terminfo/i/iris-ansi
/opt/conda/share/terminfo/i/ibm-system1
/opt/conda/share/terminfo/i/ibmpc3
/opt/conda/share/terminfo/i/ibm-apl
/opt/conda/share/terminfo/i/ibm8514-c
/opt/conda/share/terminfo/i/ibm8514
/opt/conda/share/terminfo/i/ibm3161
/opt/conda/share/terminfo/i/ibmega-c
/opt/conda/share/terminfo/i/ibm6153-90
/opt/conda/share/terminfo/i/ibmpc
/opt/conda/share/terminfo/i/ibm5081
/opt/conda/share/terminfo/i/ims950-b
/opt/conda/share/terminfo/i/interix
/opt/conda/share/terminfo/i/iris-ansi-ap
/opt/conda/share/terminfo/i/intext2
/opt/conda/share/terminfo/i/ibmvga
/opt/conda/share/terminfo/i/ibm6154
/opt/conda/share/terminfo/i/ims-ansi
/opt/conda/share/terminfo/i/ibm3151
/opt/conda/share/terminfo/i/ibcs2
/opt/conda/share/terminfo/i/ibm-pc
/opt/conda/share/terminfo/i/ims950
/opt/conda/share/terminfo/i/infoton
/opt/conda/share/terminfo/i/ibm3162
/opt/conda/share/terminfo/i/ibmega
/opt/conda/share/terminfo/i/ifmr
/opt/conda/share/terminfo/i/intertube2
/opt/conda/share/terminfo/i/ibm5151
/opt/conda/share/terminfo/i/i100
/opt/conda/share/terminfo/i/intertube
/opt/conda/share/terminfo/i/iris-color
/opt/conda/share/terminfo/i/iTerm.app
/opt/conda/share/terminfo/i/ibmpcx
/opt/conda/share/terminfo/i/ibmapa8c
/opt/conda/share/terminfo/i/ibm3161-C
/opt/conda/share/terminfo/i/ibm+16color
/opt/conda/share/terminfo/i/ibm3101
/opt/conda/share/terminfo/i/ibm6153
/opt/conda/share/terminfo/i/infoton2
/opt/conda/share/terminfo/i/ibmmono
/opt/conda/share/terminfo/i/ibm5154
/opt/conda/share/terminfo/i/ibm5081-c
/opt/conda/share/terminfo/i/icl6404-w
/opt/conda/share/terminfo/i/ibm6155
/opt/conda/share/terminfo/i/intext
/opt/conda/share/terminfo/i/icl6404
/opt/conda/share/terminfo/i/ibm6153-40
/opt/conda/share/terminfo/i/ibm+color
/opt/conda/share/terminfo/i/ibm327x
/opt/conda/share/terminfo/i/ibm3164
/opt/conda/share/terminfo/i/interix-nti
/opt/conda/share/terminfo/i/iTerm2.app
/opt/conda/share/terminfo/i/ibm8512
/opt/conda/share/terminfo/i/ibmapa8c-c
/opt/conda/share/terminfo/i/iterm2-direct
/opt/conda/share/terminfo/i/i400
/opt/conda/share/terminfo/i/ibm8503
/opt/conda/share/terminfo/i/ibmvga-c
/opt/conda/share/terminfo/i/ims950-rv
/opt/conda/share/terminfo/i/ibmaed
/opt/conda/share/terminfo/Q
/opt/conda/share/terminfo/v
/opt/conda/share/terminfo/v/vt220-8bit
/opt/conda/share/terminfo/v/viewdata-o
/opt/conda/share/terminfo/v/vwmterm
/opt/conda/share/terminfo/v/vt61
/opt/conda/share/terminfo/v/vi603
/opt/conda/share/terminfo/v/vt132
/opt/conda/share/terminfo/v/vt50h
/opt/conda/share/terminfo/v/viewdata
/opt/conda/share/terminfo/v/vip-Hw
/opt/conda/share/terminfo/v/vc415
/opt/conda/share/terminfo/v/vt220+cvis8
/opt/conda/share/terminfo/v/vt320nam
/opt/conda/share/terminfo/v/vte-direct
/opt/conda/share/terminfo/v/vt100-nav
/opt/conda/share/terminfo/v/vt102
/opt/conda/share/terminfo/v/vte-256color
/opt/conda/share/terminfo/v/vt220d
/opt/conda/share/terminfo/v/vt510
/opt/conda/share/terminfo/v/vt125
/opt/conda/share/terminfo/v/vt100-s-bot
/opt/conda/share/terminfo/v/vt420
/opt/conda/share/terminfo/v/vt220+pcedit
/opt/conda/share/terminfo/v/vt220-old
/opt/conda/share/terminfo/v/vanilla
/opt/conda/share/terminfo/v/vt320-nam
/opt/conda/share/terminfo/v/vt100+fnkeys
/opt/conda/share/terminfo/v/vt100+pfkeys
/opt/conda/share/terminfo/v/vi50
/opt/conda/share/terminfo/v/vt200-js
/opt/conda/share/terminfo/v/vte+pcfkeys
/opt/conda/share/terminfo/v/vte-2017
/opt/conda/share/terminfo/v/vt131
/opt/conda/share/terminfo/v/visa50
/opt/conda/share/terminfo/v/vt510pcdos
/opt/conda/share/terminfo/v/vt520
/opt/conda/share/terminfo/v/vc414
/opt/conda/share/terminfo/v/vt100+enq
/opt/conda/share/terminfo/v/vte-2018
/opt/conda/share/terminfo/v/vt320-k3
/opt/conda/share/terminfo/v/vt420+lrmm
/opt/conda/share/terminfo/v/vt102-nsgr
/opt/conda/share/terminfo/v/vt320-k311
/opt/conda/share/terminfo/v/vt50
/opt/conda/share/terminfo/v/viewdata-rv
/opt/conda/share/terminfo/v/vi200
/opt/conda/share/terminfo/v/vi55
/opt/conda/share/terminfo/v/vi300
/opt/conda/share/terminfo/v/vte
/opt/conda/share/terminfo/v/vt510pc
/opt/conda/share/terminfo/v/vt220
/opt/conda/share/terminfo/v/vt420pcdos
/opt/conda/share/terminfo/v/vsc
/opt/conda/share/terminfo/v/vt320
/opt/conda/share/terminfo/v/vt100-putty
/opt/conda/share/terminfo/v/vp90
/opt/conda/share/terminfo/v/vt52-basic
/opt/conda/share/terminfo/v/vi500
/opt/conda/share/terminfo/v/vt420f
/opt/conda/share/terminfo/v/vremote
/opt/conda/share/terminfo/v/vip-H
/opt/conda/share/terminfo/v/vt220-nam
/opt/conda/share/terminfo/v/vi200-f
/opt/conda/share/terminfo/v/v5410
/opt/conda/share/terminfo/v/vi200-rv
/opt/conda/share/terminfo/v/vt220+keypad
/opt/conda/share/terminfo/v/vt220+vtedit
/opt/conda/share/terminfo/v/vt100-s
/opt/conda/share/terminfo/v/vt320-w-nam
/opt/conda/share/terminfo/v/vi50adm
/opt/conda/share/terminfo/v/vt52+keypad
/opt/conda/share/terminfo/v/vt100-vb
/opt/conda/share/terminfo/v/vi300-old
/opt/conda/share/terminfo/v/vt420pc
/opt/conda/share/terminfo/v/vt220-w
/opt/conda/share/terminfo/v/vt525
/opt/conda/share/terminfo/v/vt100-nav-w
/opt/conda/share/terminfo/v/viewpoint
/opt/conda/share/terminfo/v/vt102+enq
/opt/conda/share/terminfo/v/vc404-s
/opt/conda/share/terminfo/v/vt100+4bsd
/opt/conda/share/terminfo/v/vt520ansi
/opt/conda/share/terminfo/v/vc303
/opt/conda/share/terminfo/v/vip-w
/opt/conda/share/terminfo/v/vp60
/opt/conda/share/terminfo/v/vt100-w-nam
/opt/conda/share/terminfo/v/versaterm
/opt/conda/share/terminfo/v/vi550
/opt/conda/share/terminfo/v/vte-2014
/opt/conda/share/terminfo/v/vte-2008
/opt/conda/share/terminfo/v/vt100-w
/opt/conda/share/terminfo/v/vt220+cvis
/opt/conda/share/terminfo/v/vip
/opt/conda/share/terminfo/v/vt400
/opt/conda/share/terminfo/v/vt100nam
/opt/conda/share/terminfo/v/vscode-direct
/opt/conda/share/terminfo/v/vt220-base
/opt/conda/share/terminfo/v/vt100
/opt/conda/share/terminfo/v/vc303a
/opt/conda/share/terminfo/v/v3220
/opt/conda/share/terminfo/v/vt100+keypad
/opt/conda/share/terminfo/v/vscode
/opt/conda/share/terminfo/v/vp3a+
/opt/conda/share/terminfo/v/vte-2007
/opt/conda/share/terminfo/v/vt320-w
/opt/conda/share/terminfo/v/vc404
/opt/conda/share/terminfo/v/vt52
/opt/conda/share/terminfo/v/vte-2012
/opt/conda/share/terminfo/v/vt340
/opt/conda/share/terminfo/v/vt102-w
/opt/conda/share/terminfo/E
/opt/conda/share/terminfo/E/Eterm-88color
/opt/conda/share/terminfo/E/Eterm-256color
/opt/conda/share/terminfo/E/Eterm
/opt/conda/share/terminfo/A
/opt/conda/share/terminfo/M
/opt/conda/share/terminfo/M/MtxOrb204
/opt/conda/share/terminfo/M/MtxOrb162
/opt/conda/share/terminfo/M/MtxOrb
/opt/conda/share/terminfo/r
/opt/conda/share/terminfo/r/rtpc
/opt/conda/share/terminfo/r/regent40+
/opt/conda/share/terminfo/r/rxvt-xpm
/opt/conda/share/terminfo/r/rxvt-256color
/opt/conda/share/terminfo/r/rca
/opt/conda/share/terminfo/r/regent
/opt/conda/share/terminfo/r/rxvt-cygwin
/opt/conda/share/terminfo/r/regent25
/opt/conda/share/terminfo/r/rxvt-basic
/opt/conda/share/terminfo/r/rcons
/opt/conda/share/terminfo/r/rbcomm-w
/opt/conda/share/terminfo/r/regent60
/opt/conda/share/terminfo/r/rxvt-cygwin-native
/opt/conda/share/terminfo/r/regent20
/opt/conda/share/terminfo/r/regent100
/opt/conda/share/terminfo/r/rt6221
/opt/conda/share/terminfo/r/rxvt-16color
/opt/conda/share/terminfo/r/rbcomm
/opt/conda/share/terminfo/r/regent40
/opt/conda/share/terminfo/r/rxvt+pcfkeys
/opt/conda/share/terminfo/r/rt6221-w
/opt/conda/share/terminfo/r/rxvt
/opt/conda/share/terminfo/r/rxvt-88color
/opt/conda/share/terminfo/r/rbcomm-nam
/opt/conda/share/terminfo/r/rcons-color
/opt/conda/share/terminfo/q
/opt/conda/share/terminfo/q/qnx
/opt/conda/share/terminfo/q/qvt203-25-w
/opt/conda/share/terminfo/q/qvt203-w
/opt/conda/share/terminfo/q/qnxm
/opt/conda/share/terminfo/q/qnxw
/opt/conda/share/terminfo/q/qansi-t
/opt/conda/share/terminfo/q/qvt203
/opt/conda/share/terminfo/q/qvt103
/opt/conda/share/terminfo/q/qvt103-w
/opt/conda/share/terminfo/q/qansi-w
/opt/conda/share/terminfo/q/qvt102
/opt/conda/share/terminfo/q/qnxtmono
/opt/conda/share/terminfo/q/qvt119+
/opt/conda/share/terminfo/q/qvt119+-25-w
/opt/conda/share/terminfo/q/qvt203-25
/opt/conda/share/terminfo/q/qansi
/opt/conda/share/terminfo/q/qnxt2
/opt/conda/share/terminfo/q/qvt119+-w
/opt/conda/share/terminfo/q/qansi-m
/opt/conda/share/terminfo/q/qansi-g
/opt/conda/share/terminfo/q/qvt101+
/opt/conda/share/terminfo/q/qnxt
/opt/conda/share/terminfo/q/qume5
/opt/conda/share/terminfo/q/qdss
/opt/conda/share/terminfo/q/qvt101
/opt/conda/share/terminfo/q/qvt119+-25
/opt/conda/share/terminfo/o
/opt/conda/share/terminfo/o/ofcons
/opt/conda/share/terminfo/o/opennt-60-w
/opt/conda/share/terminfo/o/opennt-50-w
/opt/conda/share/terminfo/o/opennt-w-vt
/opt/conda/share/terminfo/o/opennt-w
/opt/conda/share/terminfo/o/opennt-60
/opt/conda/share/terminfo/o/opennt-60-nti
/opt/conda/share/terminfo/o/opennt-50
/opt/conda/share/terminfo/o/osborne
/opt/conda/share/terminfo/o/oc100
/opt/conda/share/terminfo/o/oblit
/opt/conda/share/terminfo/o/osborne-w
/opt/conda/share/terminfo/o/oldsun
/opt/conda/share/terminfo/o/opennt-50-nti
/opt/conda/share/terminfo/o/oldpc3
/opt/conda/share/terminfo/o/opennt-35-w
/opt/conda/share/terminfo/o/otek4115
/opt/conda/share/terminfo/o/osexec
/opt/conda/share/terminfo/o/opus3n1+
/opt/conda/share/terminfo/o/opennt-35-nti
/opt/conda/share/terminfo/o/omron
/opt/conda/share/terminfo/o/opennt-35
/opt/conda/share/terminfo/o/owl
/opt/conda/share/terminfo/o/opennt-100-nti
/opt/conda/share/terminfo/o/opennt-100
/opt/conda/share/terminfo/o/origpc3
/opt/conda/share/terminfo/o/otek4112
/opt/conda/share/terminfo/a
/opt/conda/share/terminfo/a/att605
/opt/conda/share/terminfo/a/apple-videx
/opt/conda/share/terminfo/a/avatar
/opt/conda/share/terminfo/a/avt-w-ns
/opt/conda/share/terminfo/a/apollo
/opt/conda/share/terminfo/a/att730r
/opt/conda/share/terminfo/a/aixterm-16color
/opt/conda/share/terminfo/a/aaa-40
/opt/conda/share/terminfo/a/aaa-22
/opt/conda/share/terminfo/a/apple-uterm-vb
/opt/conda/share/terminfo/a/att615
/opt/conda/share/terminfo/a/avt-w-rv
/opt/conda/share/terminfo/a/ansi+idl
/opt/conda/share/terminfo/a/apple-ae
/opt/conda/share/terminfo/a/ansi+tabs
/opt/conda/share/terminfo/a/att620-103k-w
/opt/conda/share/terminfo/a/att510a
/opt/conda/share/terminfo/a/aaa-rv-unk
/opt/conda/share/terminfo/a/ansi.sys-old
/opt/conda/share/terminfo/a/adm20
/opt/conda/share/terminfo/a/apple-80
/opt/conda/share/terminfo/a/arm100
/opt/conda/share/terminfo/a/abm85e
/opt/conda/share/terminfo/a/aaa-48
/opt/conda/share/terminfo/a/ampex219
/opt/conda/share/terminfo/a/ansi+idl1
/opt/conda/share/terminfo/a/ansi+cpr
/opt/conda/share/terminfo/a/abm85h
/opt/conda/share/terminfo/a/aaa-60-dec-rv
/opt/conda/share/terminfo/a/ansi+inittabs
/opt/conda/share/terminfo/a/aaa-30-s-rv
/opt/conda/share/terminfo/a/avatar0+
/opt/conda/share/terminfo/a/abm85
/opt/conda/share/terminfo/a/adm31
/opt/conda/share/terminfo/a/ansi+sgr
/opt/conda/share/terminfo/a/att4415
/opt/conda/share/terminfo/a/apollo+vt132
/opt/conda/share/terminfo/a/ansi+erase
/opt/conda/share/terminfo/a/aas1901
/opt/conda/share/terminfo/a/alto-h19
/opt/conda/share/terminfo/a/ampex80
/opt/conda/share/terminfo/a/apple80p
/opt/conda/share/terminfo/a/att4418
/opt/conda/share/terminfo/a/att610-103k
/opt/conda/share/terminfo/a/arm100-w
/opt/conda/share/terminfo/a/aaa-60-rv
/opt/conda/share/terminfo/a/att5620
/opt/conda/share/terminfo/a/aixterm
/opt/conda/share/terminfo/a/att5420_2-w
/opt/conda/share/terminfo/a/aaa-60
/opt/conda/share/terminfo/a/aaa-24
/opt/conda/share/terminfo/a/aixterm+sl
/opt/conda/share/terminfo/a/att610+cvis0
/opt/conda/share/terminfo/a/att4420
/opt/conda/share/terminfo/a/att5620-24
/opt/conda/share/terminfo/a/att730r-41
/opt/conda/share/terminfo/a/amiga-h
/opt/conda/share/terminfo/a/avt-rv-ns
/opt/conda/share/terminfo/a/aaa-26
/opt/conda/share/terminfo/a/att605-pc
/opt/conda/share/terminfo/a/amiga
/opt/conda/share/terminfo/a/att4418-w
/opt/conda/share/terminfo/a/ansi-emx
/opt/conda/share/terminfo/a/att5620-1
/opt/conda/share/terminfo/a/att730r-24
/opt/conda/share/terminfo/a/att620-w
/opt/conda/share/terminfo/a/att4415-w-rv-n
/opt/conda/share/terminfo/a/att2300
/opt/conda/share/terminfo/a/aaa+rv
/opt/conda/share/terminfo/a/apollo_color
/opt/conda/share/terminfo/a/adm36
/opt/conda/share/terminfo/a/aaa-40-rv
/opt/conda/share/terminfo/a/ansi-mtabs
/opt/conda/share/terminfo/a/ansi+rca
/opt/conda/share/terminfo/a/aaa-60-s-rv
/opt/conda/share/terminfo/a/ampex219w
/opt/conda/share/terminfo/a/aixterm-m
/opt/conda/share/terminfo/a/aaa+unk
/opt/conda/share/terminfo/a/att4424m
/opt/conda/share/terminfo/a/aj830
/opt/conda/share/terminfo/a/att605-w
/opt/conda/share/terminfo/a/act5
/opt/conda/share/terminfo/a/apple-uterm
/opt/conda/share/terminfo/a/aaa-20
/opt/conda/share/terminfo/a/att4415-nl
/opt/conda/share/terminfo/a/aaa-24-rv
/opt/conda/share/terminfo/a/att505-24
/opt/conda/share/terminfo/a/att610-w
/opt/conda/share/terminfo/a/att4415-rv
/opt/conda/share/terminfo/a/att620-103k
/opt/conda/share/terminfo/a/apple-vm80
/opt/conda/share/terminfo/a/adm12
/opt/conda/share/terminfo/a/ansi+rca2
/opt/conda/share/terminfo/a/ansi+cup
/opt/conda/share/terminfo/a/ansi+local1
/opt/conda/share/terminfo/a/ansi+enq
/opt/conda/share/terminfo/a/ansi.sys
/opt/conda/share/terminfo/a/att6386
/opt/conda/share/terminfo/a/adm3a
/opt/conda/share/terminfo/a/adm22
/opt/conda/share/terminfo/a/adm1a
/opt/conda/share/terminfo/a/ansi-nt
/opt/conda/share/terminfo/a/att500
/opt/conda/share/terminfo/a/att730
/opt/conda/share/terminfo/a/att5420_2
/opt/conda/share/terminfo/a/aaa-36
/opt/conda/share/terminfo/a/ansi
/opt/conda/share/terminfo/a/att620
/opt/conda/share/terminfo/a/appleIIgs
/opt/conda/share/terminfo/a/att610-103k-w
/opt/conda/share/terminfo/a/ansi+idc1
/opt/conda/share/terminfo/a/ampex232w
/opt/conda/share/terminfo/a/aaa-48-rv
/opt/conda/share/terminfo/a/avt-rv
/opt/conda/share/terminfo/a/att615-103k-w
/opt/conda/share/terminfo/a/ansi-mr
/opt/conda/share/terminfo/a/avatar0
/opt/conda/share/terminfo/a/adm3
/opt/conda/share/terminfo/a/adm3a+
/opt/conda/share/terminfo/a/adm42-ns
/opt/conda/share/terminfo/a/adm42
/opt/conda/share/terminfo/a/att5410v1
/opt/conda/share/terminfo/a/apollo_19L
/opt/conda/share/terminfo/a/adm31-old
/opt/conda/share/terminfo/a/att5620-s
/opt/conda/share/terminfo/a/absolute
/opt/conda/share/terminfo/a/adds980
/opt/conda/share/terminfo/a/alacritty+common
/opt/conda/share/terminfo/a/aaa-28
/opt/conda/share/terminfo/a/aaa-30-rv-ctxt
/opt/conda/share/terminfo/a/act4
/opt/conda/share/terminfo/a/apple-videx3
/opt/conda/share/terminfo/a/altos2
/opt/conda/share/terminfo/a/ansi-mini
/opt/conda/share/terminfo/a/att615-103k
/opt/conda/share/terminfo/a/att5425-w
/opt/conda/share/terminfo/a/aaa
/opt/conda/share/terminfo/a/att505
/opt/conda/share/terminfo/a/apple-videx2
/opt/conda/share/terminfo/a/att4415+nl
/opt/conda/share/terminfo/a/aixterm-m-old
/opt/conda/share/terminfo/a/att700
/opt/conda/share/terminfo/a/aepro
/opt/conda/share/terminfo/a/ansi+csr
/opt/conda/share/terminfo/a/att610+cvis
/opt/conda/share/terminfo/a/avt
/opt/conda/share/terminfo/a/ansi+sgrdim
/opt/conda/share/terminfo/a/ansi-m
/opt/conda/share/terminfo/a/avt-w-rv-ns
/opt/conda/share/terminfo/a/att4410v1-w
/opt/conda/share/terminfo/a/amiga-8bit
/opt/conda/share/terminfo/a/att5310
/opt/conda/share/terminfo/a/ansi+sgrul
/opt/conda/share/terminfo/a/att630
/opt/conda/share/terminfo/a/ansi.sysk
/opt/conda/share/terminfo/a/aaa-s-ctxt
/opt/conda/share/terminfo/a/apple-soroc
/opt/conda/share/terminfo/a/att4415-w-rv
/opt/conda/share/terminfo/a/amiga-vnc
/opt/conda/share/terminfo/a/ampex175
/opt/conda/share/terminfo/a/aaa-30-ctxt
/opt/conda/share/terminfo/a/awsc
/opt/conda/share/terminfo/a/altos3
/opt/conda/share/terminfo/a/aaa+dec
/opt/conda/share/terminfo/a/aaa-30-s
/opt/conda/share/terminfo/a/aaa-s-rv-ctxt
/opt/conda/share/terminfo/a/att4424
/opt/conda/share/terminfo/a/atari-old
/opt/conda/share/terminfo/a/alacritty-direct
/opt/conda/share/terminfo/a/altos7pc
/opt/conda/share/terminfo/a/att4415-w
/opt/conda/share/terminfo/a/att610
/opt/conda/share/terminfo/a/aws
/opt/conda/share/terminfo/a/adm+sgr
/opt/conda/share/terminfo/a/avt-w
/opt/conda/share/terminfo/a/att4410
/opt/conda/share/terminfo/a/att5425
/opt/conda/share/terminfo/a/aaa-60-s
/opt/conda/share/terminfo/a/apple2e-p
/opt/conda/share/terminfo/a/ansi-generic
/opt/conda/share/terminfo/a/ansi77
/opt/conda/share/terminfo/a/ampex232
/opt/conda/share/terminfo/a/adm21
/opt/conda/share/terminfo/a/altos4
/opt/conda/share/terminfo/a/att5620-34
/opt/conda/share/terminfo/a/aj510
/opt/conda/share/terminfo/a/ampex210
/opt/conda/share/terminfo/a/adm11
/opt/conda/share/terminfo/a/aaa-18
/opt/conda/share/terminfo/a/ansi+sgrbold
/opt/conda/share/terminfo/a/att730-41
/opt/conda/share/terminfo/a/att730-24
/opt/conda/share/terminfo/a/ansi+pp
/opt/conda/share/terminfo/a/att615-w
/opt/conda/share/terminfo/a/avt+s
/opt/conda/share/terminfo/a/aaa-36-rv
/opt/conda/share/terminfo/a/adm2
/opt/conda/share/terminfo/a/ampex175-b
/opt/conda/share/terminfo/a/aaa-db
/opt/conda/share/terminfo/a/avt-ns
/opt/conda/share/terminfo/a/att510d
/opt/conda/share/terminfo/a/adm1178
/opt/conda/share/terminfo/a/abm80
/opt/conda/share/terminfo/a/ansi-color-3-emx
/opt/conda/share/terminfo/a/aaa-18-rv
/opt/conda/share/terminfo/a/att4415-rv-nl
/opt/conda/share/terminfo/a/att4415-w-nl
/opt/conda/share/terminfo/a/abm85h-old
/opt/conda/share/terminfo/a/appleII
/opt/conda/share/terminfo/a/annarbor4080
/opt/conda/share/terminfo/a/ansi+sgrso
/opt/conda/share/terminfo/a/ansi+arrows
/opt/conda/share/terminfo/a/att505-22
/opt/conda/share/terminfo/a/alacritty
/opt/conda/share/terminfo/a/att630-24
/opt/conda/share/terminfo/a/apple2e
/opt/conda/share/terminfo/a/aterm
/opt/conda/share/terminfo/a/ansi+local
/opt/conda/share/terminfo/a/att7300
/opt/conda/share/terminfo/a/att5425-nl
/opt/conda/share/terminfo/a/altos7
/opt/conda/share/terminfo/a/adm5
/opt/conda/share/terminfo/a/att4424-1
/opt/conda/share/terminfo/a/ansi+idc
/opt/conda/share/terminfo/a/apollo_15P
/opt/conda/share/terminfo/a/ansi+rep
/opt/conda/share/terminfo/a/ansi-color-2-emx
/opt/conda/share/terminfo/a/aaa-30-rv
/opt/conda/share/terminfo/a/att5410-w
/opt/conda/share/terminfo/a/att2350
/opt/conda/share/terminfo/a/addrinfo
/opt/conda/share/terminfo/a/att4426
/opt/conda/share/terminfo/h
/opt/conda/share/terminfo/h/hp2645
/opt/conda/share/terminfo/h/ha8686
/opt/conda/share/terminfo/h/hterm
/opt/conda/share/terminfo/h/hft-c
/opt/conda/share/terminfo/h/hp2626-ns
/opt/conda/share/terminfo/h/hp2641a
/opt/conda/share/terminfo/h/hp+pfk-cr
/opt/conda/share/terminfo/h/hp98550
/opt/conda/share/terminfo/h/hirez100-w
/opt/conda/share/terminfo/h/hp2622
/opt/conda/share/terminfo/h/hp110
/opt/conda/share/terminfo/h/hp262x
/opt/conda/share/terminfo/h/hp2624b-10p-p
/opt/conda/share/terminfo/h/hz1420
/opt/conda/share/terminfo/h/hpsub
/opt/conda/share/terminfo/h/hp2626-x40
/opt/conda/share/terminfo/h/hp2621-ba
/opt/conda/share/terminfo/h/hp2621b-p
/opt/conda/share/terminfo/h/hp2397a
/opt/conda/share/terminfo/h/hp150
/opt/conda/share/terminfo/h/h19k
/opt/conda/share/terminfo/h/hp2621-fl
/opt/conda/share/terminfo/h/hp2621-k45
/opt/conda/share/terminfo/h/hp2626-12x40
/opt/conda/share/terminfo/h/hp+pfk+cr
/opt/conda/share/terminfo/h/hp2626-12
/opt/conda/share/terminfo/h/hp+printer
/opt/conda/share/terminfo/h/hft-c-old
/opt/conda/share/terminfo/h/hp2
/opt/conda/share/terminfo/h/hp236
/opt/conda/share/terminfo/h/hp2627a-rev
/opt/conda/share/terminfo/h/hp2621p-a
/opt/conda/share/terminfo/h/hp2621-a
/opt/conda/share/terminfo/h/h19-bs
/opt/conda/share/terminfo/h/h19-g
/opt/conda/share/terminfo/h/hp2382a
/opt/conda/share/terminfo/h/h19-u
/opt/conda/share/terminfo/h/hpterm
/opt/conda/share/terminfo/h/hp2621
/opt/conda/share/terminfo/h/hp2621-nt
/opt/conda/share/terminfo/h/hterm-256color
/opt/conda/share/terminfo/h/hz2000
/opt/conda/share/terminfo/h/ha8675
/opt/conda/share/terminfo/h/hp9837
/opt/conda/share/terminfo/h/hp2623
/opt/conda/share/terminfo/h/hp+pfk+arrows
/opt/conda/share/terminfo/h/hp70092
/opt/conda/share/terminfo/h/hp2621b-kx-p
/opt/conda/share/terminfo/h/hz1520-noesc
/opt/conda/share/terminfo/h/hz1000
/opt/conda/share/terminfo/h/hp2640b
/opt/conda/share/terminfo/h/hz1552-rv
/opt/conda/share/terminfo/h/hz1500
/opt/conda/share/terminfo/h/hazel
/opt/conda/share/terminfo/h/hp+labels
/opt/conda/share/terminfo/h/hp2640a
/opt/conda/share/terminfo/h/hmod1
/opt/conda/share/terminfo/h/hurd
/opt/conda/share/terminfo/h/hp2648
/opt/conda/share/terminfo/h/hp2621-48
/opt/conda/share/terminfo/h/hp2621-nl
/opt/conda/share/terminfo/h/hp2626-s
/opt/conda/share/terminfo/h/hz1552
/opt/conda/share/terminfo/h/hz1510
/opt/conda/share/terminfo/h/hp2621b-kx
/opt/conda/share/terminfo/h/hp700-wy
/opt/conda/share/terminfo/h/hp2627c
/opt/conda/share/terminfo/h/hz1520
/opt/conda/share/terminfo/h/hp+color
/opt/conda/share/terminfo/h/hp2626-12-s
/opt/conda/share/terminfo/h/hds200
/opt/conda/share/terminfo/h/h19
/opt/conda/share/terminfo/h/hpansi
/opt/conda/share/terminfo/h/hp2392
/opt/conda/share/terminfo/h/hpex
/opt/conda/share/terminfo/h/h19-a
/opt/conda/share/terminfo/h/hp2627a
/opt/conda/share/terminfo/h/hirez100
/opt/conda/share/terminfo/h/hp2626
/opt/conda/share/terminfo/h/hp98550-color
/opt/conda/share/terminfo/h/hp2621b
/opt/conda/share/terminfo/h/hp9845
/opt/conda/share/terminfo/h/hft-old
/opt/conda/share/terminfo/h/hp2624-10p
/opt/conda/share/terminfo/h/hp2621p
/opt/conda/share/terminfo/h/h19-us
/opt/conda/share/terminfo/h/hp+arrows
/opt/conda/share/terminfo/h/hp2624
/opt/conda/share/terminfo/h/hpterm-color
/opt/conda/share/terminfo/h/hpgeneric
/opt/conda/share/terminfo/h/hp300h
/opt/conda/share/terminfo/h/hpterm-color2
/opt/conda/share/terminfo/h/hp2624b-p
/opt/conda/share/terminfo/g
/opt/conda/share/terminfo/g/graphos-30
/opt/conda/share/terminfo/g/guru-76-w-s
/opt/conda/share/terminfo/g/gnome-2008
/opt/conda/share/terminfo/g/guru-44
/opt/conda/share/terminfo/g/gator-52t
/opt/conda/share/terminfo/g/guru-76
/opt/conda/share/terminfo/g/gator-t
/opt/conda/share/terminfo/g/gigi
/opt/conda/share/terminfo/g/gator
/opt/conda/share/terminfo/g/gnome-2012
/opt/conda/share/terminfo/g/guru-76-w
/opt/conda/share/terminfo/g/guru
/opt/conda/share/terminfo/g/gnome-256color
/opt/conda/share/terminfo/g/guru-76-lp
/opt/conda/share/terminfo/g/gt42
/opt/conda/share/terminfo/g/guru-76-wm
/opt/conda/share/terminfo/g/guru-24
/opt/conda/share/terminfo/g/gs6300
/opt/conda/share/terminfo/g/gsi
/opt/conda/share/terminfo/g/gnome-rh72
/opt/conda/share/terminfo/g/graphos
/opt/conda/share/terminfo/g/go140w
/opt/conda/share/terminfo/g/guru-44-s
/opt/conda/share/terminfo/g/gnome-rh62
/opt/conda/share/terminfo/g/guru-nctxt
/opt/conda/share/terminfo/g/go140
/opt/conda/share/terminfo/g/gnome+pcfkeys
/opt/conda/share/terminfo/g/guru+rv
/opt/conda/share/terminfo/g/gator-52
/opt/conda/share/terminfo/g/gnome-fc5
/opt/conda/share/terminfo/g/gnome-rh90
/opt/conda/share/terminfo/g/gnome-rh80
/opt/conda/share/terminfo/g/guru-s
/opt/conda/share/terminfo/g/glasstty
/opt/conda/share/terminfo/g/go225
/opt/conda/share/terminfo/g/guru-76-s
/opt/conda/share/terminfo/g/gt40
/opt/conda/share/terminfo/g/guru+s
/opt/conda/share/terminfo/g/gnome
/opt/conda/share/terminfo/g/guru-rv
/opt/conda/share/terminfo/g/gnome-2007
/opt/conda/share/terminfo/4
/opt/conda/share/terminfo/t
/opt/conda/share/terminfo/t/tvi924
/opt/conda/share/terminfo/t/tvi920b-vb-mc
/opt/conda/share/terminfo/t/tvi920b-mc
/opt/conda/share/terminfo/t/ti_ansi
/opt/conda/share/terminfo/t/tandem653
/opt/conda/share/terminfo/t/tvi950
/opt/conda/share/terminfo/t/tek4025a
/opt/conda/share/terminfo/t/tvi912b-p
/opt/conda/share/terminfo/t/tek4014
/opt/conda/share/terminfo/t/tandem6510
/opt/conda/share/terminfo/t/tvi912b-vb-unk
/opt/conda/share/terminfo/t/ti924-8
/opt/conda/share/terminfo/t/tek4024
/opt/conda/share/terminfo/t/tws2103-sna
/opt/conda/share/terminfo/t/tvi912b+2p
/opt/conda/share/terminfo/t/tvi920b-vb-unk
/opt/conda/share/terminfo/t/t10
/opt/conda/share/terminfo/t/tvi950-rv
/opt/conda/share/terminfo/t/tek4105-30
/opt/conda/share/terminfo/t/tvi920b-unk
/opt/conda/share/terminfo/t/trs2
/opt/conda/share/terminfo/t/tvi9065
/opt/conda/share/terminfo/t/ti931
/opt/conda/share/terminfo/t/teraterm
/opt/conda/share/terminfo/t/tek4115
/opt/conda/share/terminfo/t/tvi912b
/opt/conda/share/terminfo/t/t3700
/opt/conda/share/terminfo/t/tek4025-17-ws
/opt/conda/share/terminfo/t/tty40
/opt/conda/share/terminfo/t/tvi920b-2p-mc
/opt/conda/share/terminfo/t/tek4112
/opt/conda/share/terminfo/t/tty43
/opt/conda/share/terminfo/t/tw52
/opt/conda/share/terminfo/t/tab132-w
/opt/conda/share/terminfo/t/tek4025-cr
/opt/conda/share/terminfo/t/tvi920b-2p
/opt/conda/share/terminfo/t/terminet1200
/opt/conda/share/terminfo/t/tw52-m
/opt/conda/share/terminfo/t/tvi970
/opt/conda/share/terminfo/t/tvi950-4p
/opt/conda/share/terminfo/t/tvi955-w
/opt/conda/share/terminfo/t/tek4013
/opt/conda/share/terminfo/t/tvi920b
/opt/conda/share/terminfo/t/tmux-direct
/opt/conda/share/terminfo/t/tvi92D
/opt/conda/share/terminfo/t/ti924w
/opt/conda/share/terminfo/t/tek4023
/opt/conda/share/terminfo/t/t3800
/opt/conda/share/terminfo/t/tvi912b-2p-mc
/opt/conda/share/terminfo/t/tvi912b+dim
/opt/conda/share/terminfo/t/tvi925
/opt/conda/share/terminfo/t/tw100
/opt/conda/share/terminfo/t/tek4205
/opt/conda/share/terminfo/t/tek4404
/opt/conda/share/terminfo/t/tmux
/opt/conda/share/terminfo/t/tvi921
/opt/conda/share/terminfo/t/tvi912b-vb
/opt/conda/share/terminfo/t/tvi910
/opt/conda/share/terminfo/t/tvi955-hb
/opt/conda/share/terminfo/t/teken-16color
/opt/conda/share/terminfo/t/tt
/opt/conda/share/terminfo/t/ti703-w
/opt/conda/share/terminfo/t/ti924
/opt/conda/share/terminfo/t/tab132-w-rv
/opt/conda/share/terminfo/t/tvi912cc
/opt/conda/share/terminfo/t/ti916
/opt/conda/share/terminfo/t/tek4207
/opt/conda/share/terminfo/t/tek4105a
/opt/conda/share/terminfo/t/tmux-256color
/opt/conda/share/terminfo/t/teken
/opt/conda/share/terminfo/t/ti924-8w
/opt/conda/share/terminfo/t/terminology-0.6.1
/opt/conda/share/terminfo/t/tek4112-5
/opt/conda/share/terminfo/t/ti916-132
/opt/conda/share/terminfo/t/tty37
/opt/conda/share/terminfo/t/tws-generic
/opt/conda/share/terminfo/t/tek4105
/opt/conda/share/terminfo/t/tvi970-2p
/opt/conda/share/terminfo/t/ti926-8
/opt/conda/share/terminfo/t/termite
/opt/conda/share/terminfo/t/tvi955
/opt/conda/share/terminfo/t/tt52
/opt/conda/share/terminfo/t/tvi912b-2p-p
/opt/conda/share/terminfo/t/terminology-1.8.1
/opt/conda/share/terminfo/t/tek4106brl
/opt/conda/share/terminfo/t/tvi912b+printer
/opt/conda/share/terminfo/t/ti928-8
/opt/conda/share/terminfo/t/tvi910+
/opt/conda/share/terminfo/t/teletec
/opt/conda/share/terminfo/t/ts100-ctxt
/opt/conda/share/terminfo/t/ti916-8-132
/opt/conda/share/terminfo/t/tty33
/opt/conda/share/terminfo/t/tvi920b-vb-p
/opt/conda/share/terminfo/t/tek4025ex
/opt/conda/share/terminfo/t/tvi920b-2p-p
/opt/conda/share/terminfo/t/ts100
/opt/conda/share/terminfo/t/tvi925-hi
/opt/conda/share/terminfo/t/tvi912b-vb-mc
/opt/conda/share/terminfo/t/tvi92B
/opt/conda/share/terminfo/t/t16
/opt/conda/share/terminfo/t/trs16
/opt/conda/share/terminfo/t/teraterm2.3
/opt/conda/share/terminfo/t/tvi920b-2p-unk
/opt/conda/share/terminfo/t/terminator
/opt/conda/share/terminfo/t/tek4112-nd
/opt/conda/share/terminfo/t/tws2103
/opt/conda/share/terminfo/t/tvi920b+fn
/opt/conda/share/terminfo/t/tab132
/opt/conda/share/terminfo/t/ti926
/opt/conda/share/terminfo/t/tvi912b+mc
/opt/conda/share/terminfo/t/t1061f
/opt/conda/share/terminfo/t/tek4025-17
/opt/conda/share/terminfo/t/tvi912b-unk
/opt/conda/share/terminfo/t/tek
/opt/conda/share/terminfo/t/tek4113-nd
/opt/conda/share/terminfo/t/terminology
/opt/conda/share/terminfo/t/tvi912b-2p
/opt/conda/share/terminfo/t/ti916-8
/opt/conda/share/terminfo/t/tek4125
/opt/conda/share/terminfo/t/teraterm4.97
/opt/conda/share/terminfo/t/tvi920b-vb
/opt/conda/share/terminfo/t/teraterm4.59
/opt/conda/share/terminfo/t/t1061
/opt/conda/share/terminfo/t/tws2102-sna
/opt/conda/share/terminfo/t/ti703
/opt/conda/share/terminfo/t/teken-sc
/opt/conda/share/terminfo/t/tek4015-sm
/opt/conda/share/terminfo/t/terminology-1.0.0
/opt/conda/share/terminfo/t/ti700
/opt/conda/share/terminfo/t/tvi920b-p
/opt/conda/share/terminfo/t/tek4025-ex
/opt/conda/share/terminfo/t/tvi950-rv-2p
/opt/conda/share/terminfo/t/tek4113
/opt/conda/share/terminfo/t/tek4207-s
/opt/conda/share/terminfo/t/tvi912b-vb-p
/opt/conda/share/terminfo/t/tek4015
/opt/conda/share/terminfo/t/tek4014-sm
/opt/conda/share/terminfo/t/tvipt
/opt/conda/share/terminfo/t/teken-2022
/opt/conda/share/terminfo/t/tvi912b+vb
/opt/conda/share/terminfo/t/tvi950-2p
/opt/conda/share/terminfo/t/tvi912
/opt/conda/share/terminfo/t/tvi912b-2p-unk
/opt/conda/share/terminfo/t/tvi803
/opt/conda/share/terminfo/t/tvi950-rv-4p
/opt/conda/share/terminfo/t/tek4107
/opt/conda/share/terminfo/t/tvi970-vb
/opt/conda/share/terminfo/t/teken-2018
/opt/conda/share/terminfo/t/tab132-rv
/opt/conda/share/terminfo/t/tvi912b-mc
/opt/conda/share/terminfo/t/ti928
/opt/conda/share/terminfo/t/teraterm-256color
/opt/conda/share/terminfo/t/tek4113-34
/opt/conda/share/terminfo/t/teken-sc+fkeys
/opt/conda/share/terminfo/t/teken-vt+fkeys
/opt/conda/share/terminfo/j
/opt/conda/share/terminfo/j/jfbterm
/opt/conda/share/terminfo/j/jaixterm
/opt/conda/share/terminfo/j/jaixterm-m
/opt/conda/share/terminfo/P
/opt/conda/share/terminfo/L
/opt/conda/share/terminfo/s
/opt/conda/share/terminfo/s/screen.xterm-xfree86
/opt/conda/share/terminfo/s/st-0.7
/opt/conda/share/terminfo/s/superbrain
/opt/conda/share/terminfo/s/screen.linux-m2
/opt/conda/share/terminfo/s/sbi
/opt/conda/share/terminfo/s/screen.minitel1-nb
/opt/conda/share/terminfo/s/screen+fkeys
/opt/conda/share/terminfo/s/screen.Eterm
/opt/conda/share/terminfo/s/simterm
/opt/conda/share/terminfo/s/sb2
/opt/conda/share/terminfo/s/sun-12
/opt/conda/share/terminfo/s/screen.vte-256color
/opt/conda/share/terminfo/s/st52-old
/opt/conda/share/terminfo/s/screen.putty-m1b
/opt/conda/share/terminfo/s/screen-bce.Eterm
/opt/conda/share/terminfo/s/stv52
/opt/conda/share/terminfo/s/sb1
/opt/conda/share/terminfo/s/sun-color
/opt/conda/share/terminfo/s/screen.gnome
/opt/conda/share/terminfo/s/sun-type4
/opt/conda/share/terminfo/s/scrhp
/opt/conda/share/terminfo/s/screen.putty-m2
/opt/conda/share/terminfo/s/st-direct
/opt/conda/share/terminfo/s/sun
/opt/conda/share/terminfo/s/superbeeic
/opt/conda/share/terminfo/s/sun-s
/opt/conda/share/terminfo/s/screen.minitel1
/opt/conda/share/terminfo/s/sun-1
/opt/conda/share/terminfo/s/scrt
/opt/conda/share/terminfo/s/screen.rxvt
/opt/conda/share/terminfo/s/screen-bce
/opt/conda/share/terminfo/s/screen-256color-bce-s
/opt/conda/share/terminfo/s/screen.xterm-256color
/opt/conda/share/terminfo/s/simpleterm
/opt/conda/share/terminfo/s/screen.mlterm-256color
/opt/conda/share/terminfo/s/screen.mlterm
/opt/conda/share/terminfo/s/synertek
/opt/conda/share/terminfo/s/scoansi-old
/opt/conda/share/terminfo/s/screen5
/opt/conda/share/terminfo/s/st-256color
/opt/conda/share/terminfo/s/screen.putty
/opt/conda/share/terminfo/s/screen.vte
/opt/conda/share/terminfo/s/screen.minitel1b
/opt/conda/share/terminfo/s/screen-16color-s
/opt/conda/share/terminfo/s/sun-c
/opt/conda/share/terminfo/s/screen-s
/opt/conda/share/terminfo/s/screen-bce.gnome
/opt/conda/share/terminfo/s/screen-bce.linux
/opt/conda/share/terminfo/s/screen.konsole
/opt/conda/share/terminfo/s/screen.konsole-256color
/opt/conda/share/terminfo/s/screen.teraterm
/opt/conda/share/terminfo/s/screen-w
/opt/conda/share/terminfo/s/screen4
/opt/conda/share/terminfo/s/scanset
/opt/conda/share/terminfo/s/screen.minitel1b-80
/opt/conda/share/terminfo/s/screen-bce.mrxvt
/opt/conda/share/terminfo/s/st-0.8
/opt/conda/share/terminfo/s/screen2
/opt/conda/share/terminfo/s/sibo
/opt/conda/share/terminfo/s/sun-48
/opt/conda/share/terminfo/s/superbee-xsb
/opt/conda/share/terminfo/s/sun-34
/opt/conda/share/terminfo/s/screen-256color-bce
/opt/conda/share/terminfo/s/screen-256color-s
/opt/conda/share/terminfo/s/st
/opt/conda/share/terminfo/s/screen.putty-m1
/opt/conda/share/terminfo/s/screen-16color-bce
/opt/conda/share/terminfo/s/screen.linux-m1b
/opt/conda/share/terminfo/s/screen-bce.konsole
/opt/conda/share/terminfo/s/screen.linux-m1
/opt/conda/share/terminfo/s/soroc120
/opt/conda/share/terminfo/s/sun-cgsix
/opt/conda/share/terminfo/s/screen.putty-256color
/opt/conda/share/terminfo/s/soroc140
/opt/conda/share/terminfo/s/screen-256color
/opt/conda/share/terminfo/s/screen-bce.xterm-new
/opt/conda/share/terminfo/s/sun-17
/opt/conda/share/terminfo/s/screen.mrxvt
/opt/conda/share/terminfo/s/st52-color
/opt/conda/share/terminfo/s/swtp
/opt/conda/share/terminfo/s/sun-24
/opt/conda/share/terminfo/s/screen3
/opt/conda/share/terminfo/s/st-0.6
/opt/conda/share/terminfo/s/screen+italics
/opt/conda/share/terminfo/s/sun-e-s
/opt/conda/share/terminfo/s/sun-il
/opt/conda/share/terminfo/s/sun+sl
/opt/conda/share/terminfo/s/screen-base
/opt/conda/share/terminfo/s/stv52pc
/opt/conda/share/terminfo/s/scoansi-new
/opt/conda/share/terminfo/s/screen-16color-bce-s
/opt/conda/share/terminfo/s/sun-e
/opt/conda/share/terminfo/s/st-16color
/opt/conda/share/terminfo/s/screen.linux
/opt/conda/share/terminfo/s/st52
/opt/conda/share/terminfo/s/screen.minitel1b-nb
/opt/conda/share/terminfo/s/screen-bce.rxvt
/opt/conda/share/terminfo/s/screen
/opt/conda/share/terminfo/s/screen-16color
/opt/conda/share/terminfo/s/screwpoint
/opt/conda/share/terminfo/s/screen.xterm-r6
/opt/conda/share/terminfo/s/scoansi
/opt/conda/share/terminfo/z
/opt/conda/share/terminfo/z/zen50
/opt/conda/share/terminfo/z/z39-a
/opt/conda/share/terminfo/z/z29a-nkc-bc
/opt/conda/share/terminfo/z/z29
/opt/conda/share/terminfo/z/z29a
/opt/conda/share/terminfo/z/z29a-nkc-uc
/opt/conda/share/terminfo/z/ztx
/opt/conda/share/terminfo/z/z100bw
/opt/conda/share/terminfo/z/z100
/opt/conda/share/terminfo/z/z29a-kc-uc
/opt/conda/share/terminfo/z/z340
/opt/conda/share/terminfo/z/z340-nam
/opt/conda/share/terminfo/z/zen30
/opt/conda/share/terminfo/m
/opt/conda/share/terminfo/m/mac-w
/opt/conda/share/terminfo/m/mrxvt-256color
/opt/conda/share/terminfo/m/ms-vt100+
/opt/conda/share/terminfo/m/modgraph48
/opt/conda/share/terminfo/m/mime3a
/opt/conda/share/terminfo/m/ms-terminal
/opt/conda/share/terminfo/m/ms-vt-utf8
/opt/conda/share/terminfo/m/minitel1b-nb
/opt/conda/share/terminfo/m/mime314
/opt/conda/share/terminfo/m/mgterm
/opt/conda/share/terminfo/m/mgr-linux
/opt/conda/share/terminfo/m/mac
/opt/conda/share/terminfo/m/mono-emx
/opt/conda/share/terminfo/m/mach-color
/opt/conda/share/terminfo/m/minix-1.7
/opt/conda/share/terminfo/m/mach-bold
/opt/conda/share/terminfo/m/mintty+common
/opt/conda/share/terminfo/m/mime2a
/opt/conda/share/terminfo/m/minitel1
/opt/conda/share/terminfo/m/mime
/opt/conda/share/terminfo/m/mgr-sun
/opt/conda/share/terminfo/m/mterm
/opt/conda/share/terminfo/m/minitel12-80
/opt/conda/share/terminfo/m/mm340
/opt/conda/share/terminfo/m/mime2a-s
/opt/conda/share/terminfo/m/mach-gnu-color
/opt/conda/share/terminfo/m/minitel1-nb
/opt/conda/share/terminfo/m/mach
/opt/conda/share/terminfo/m/mvterm
/opt/conda/share/terminfo/m/m2-nam
/opt/conda/share/terminfo/m/masscomp2
/opt/conda/share/terminfo/m/mosh
/opt/conda/share/terminfo/m/minix
/opt/conda/share/terminfo/m/mlterm+pcfkeys
/opt/conda/share/terminfo/m/minix-old
/opt/conda/share/terminfo/m/ms-vt100-color
/opt/conda/share/terminfo/m/mime-hb
/opt/conda/share/terminfo/m/mintty
/opt/conda/share/terminfo/m/mai
/opt/conda/share/terminfo/m/microb
/opt/conda/share/terminfo/m/mintty-direct
/opt/conda/share/terminfo/m/msk22714
/opt/conda/share/terminfo/m/mlterm-direct
/opt/conda/share/terminfo/m/mlterm3
/opt/conda/share/terminfo/m/ms-vt100
/opt/conda/share/terminfo/m/morphos
/opt/conda/share/terminfo/m/modgraph2
/opt/conda/share/terminfo/m/mlterm
/opt/conda/share/terminfo/m/modgraph
/opt/conda/share/terminfo/m/mgt
/opt/conda/share/terminfo/m/minitel2-80
/opt/conda/share/terminfo/m/mlterm2
/opt/conda/share/terminfo/m/minitel1b
/opt/conda/share/terminfo/m/mach-gnu
/opt/conda/share/terminfo/m/mrxvt
/opt/conda/share/terminfo/m/masscomp1
/opt/conda/share/terminfo/m/mt70
/opt/conda/share/terminfo/m/msk227am
/opt/conda/share/terminfo/m/mime3ax
/opt/conda/share/terminfo/m/minix-3.0
/opt/conda/share/terminfo/m/minix-old-am
/opt/conda/share/terminfo/m/minitel1b-80
/opt/conda/share/terminfo/m/mgr
/opt/conda/share/terminfo/m/memhp
/opt/conda/share/terminfo/m/mime-fb
/opt/conda/share/terminfo/m/masscomp
/opt/conda/share/terminfo/m/mlterm-256color
/opt/conda/share/terminfo/m/msk227
/opt/conda/share/terminfo/m/mterm-ansi
/opt/conda/share/terminfo/m/mt4520-rv
/opt/conda/share/terminfo/m/mosh-256color
/opt/conda/share/terminfo/m/megatek
/opt/conda/share/terminfo/1
/opt/conda/share/man
/opt/conda/share/man/man5
/opt/conda/share/man/man5/k5login.5
/opt/conda/share/man/man5/cpio.5
/opt/conda/share/man/man5/.k5identity.5
/opt/conda/share/man/man5/krb5.conf.5
/opt/conda/share/man/man5/kdc.conf.5
/opt/conda/share/man/man5/libarchive-formats.5
/opt/conda/share/man/man5/kadm5.acl.5
/opt/conda/share/man/man5/.k5login.5
/opt/conda/share/man/man5/tar.5
/opt/conda/share/man/man5/mtree.5
/opt/conda/share/man/man5/k5identity.5
/opt/conda/share/man/man5/editrc.5
/opt/conda/share/man/fr
/opt/conda/share/man/fr/man1
/opt/conda/share/man/fr/man1/xzmore.1
/opt/conda/share/man/fr/man1/xz.1
/opt/conda/share/man/fr/man1/xzdiff.1
/opt/conda/share/man/fr/man1/xzless.1
/opt/conda/share/man/fr/man1/xzdec.1
/opt/conda/share/man/de
/opt/conda/share/man/de/man1
/opt/conda/share/man/de/man1/xzmore.1
/opt/conda/share/man/de/man1/xz.1
/opt/conda/share/man/de/man1/xzdiff.1
/opt/conda/share/man/de/man1/xzgrep.1
/opt/conda/share/man/de/man1/xzless.1
/opt/conda/share/man/de/man1/xzdec.1
/opt/conda/share/man/ro
/opt/conda/share/man/ro/man1
/opt/conda/share/man/ro/man1/xzmore.1
/opt/conda/share/man/ro/man1/xz.1
/opt/conda/share/man/ro/man1/xzdiff.1
/opt/conda/share/man/ro/man1/xzgrep.1
/opt/conda/share/man/ro/man1/xzless.1
/opt/conda/share/man/ro/man1/xzdec.1
/opt/conda/share/man/uk
/opt/conda/share/man/uk/man1
/opt/conda/share/man/uk/man1/xzmore.1
/opt/conda/share/man/uk/man1/xz.1
/opt/conda/share/man/uk/man1/xzdiff.1
/opt/conda/share/man/uk/man1/xzgrep.1
/opt/conda/share/man/uk/man1/xzless.1
/opt/conda/share/man/uk/man1/xzdec.1
/opt/conda/share/man/man3
/opt/conda/share/man/man3/libssh2_publickey_add_ex.3
/opt/conda/share/man/man3/libssh2_session_set_timeout.3
/opt/conda/share/man/man3/libssh2_session_disconnect.3
/opt/conda/share/man/man3/ev.3
/opt/conda/share/man/man3/libssh2_channel_request_pty.3
/opt/conda/share/man/man3/libssh2_knownhost_add.3
/opt/conda/share/man/man3/libssh2_sftp_tell.3
/opt/conda/share/man/man3/libssh2_userauth_publickey_fromfile_ex.3
/opt/conda/share/man/man3/libssh2_userauth_publickey_frommemory.3
/opt/conda/share/man/man3/ares_parse_mx_reply.3
/opt/conda/share/man/man3/ares_parse_a_reply.3
/opt/conda/share/man/man3/ares_init.3
/opt/conda/share/man/man3/readline.3
/opt/conda/share/man/man3/ffi_prep_cif.3
/opt/conda/share/man/man3/libssh2_channel_read.3
/opt/conda/share/man/man3/libssh2_knownhost_checkp.3
/opt/conda/share/man/man3/libssh2_channel_window_read.3
/opt/conda/share/man/man3/archive_write_finish_entry.3
/opt/conda/share/man/man3/libssh2_poll.3
/opt/conda/share/man/man3/libssh2_sftp_readlink.3
/opt/conda/share/man/man3/libssh2_sftp_open_ex_r.3
/opt/conda/share/man/man3/libssh2_channel_set_blocking.3
/opt/conda/share/man/man3/archive_read_extract.3
/opt/conda/share/man/man3/libssh2_publickey_remove.3
/opt/conda/share/man/man3/libssh2_channel_setenv.3
/opt/conda/share/man/man3/libssh2_channel_read_stderr.3
/opt/conda/share/man/man3/ares_set_sortlist.3
/opt/conda/share/man/man3/archive_write_set_passphrase.3
/opt/conda/share/man/man3/ares_getnameinfo.3
/opt/conda/share/man/man3/libssh2_channel_forward_listen.3
/opt/conda/share/man/man3/ares_set_local_ip6.3
/opt/conda/share/man/man3/libssh2_sftp_stat.3
/opt/conda/share/man/man3/ffi.3
/opt/conda/share/man/man3/ares_strerror.3
/opt/conda/share/man/man3/libssh2_scp_recv2.3
/opt/conda/share/man/man3/libssh2_exit.3
/opt/conda/share/man/man3/ares_set_local_ip4.3
/opt/conda/share/man/man3/archive_read_free.3
/opt/conda/share/man/man3/libarchive_internals.3
/opt/conda/share/man/man3/libssh2_channel_signal_ex.3
/opt/conda/share/man/man3/libssh2_sftp_unlink.3
/opt/conda/share/man/man3/libssh2_sftp_seek64.3
/opt/conda/share/man/man3/libssh2_publickey_add.3
/opt/conda/share/man/man3/ares_set_servers_ports_csv.3
/opt/conda/share/man/man3/libssh2_channel_direct_tcpip_ex.3
/opt/conda/share/man/man3/ares_set_servers.3
/opt/conda/share/man/man3/libssh2_publickey_remove_ex.3
/opt/conda/share/man/man3/libssh2_agent_sign.3
/opt/conda/share/man/man3/libssh2_userauth_banner.3
/opt/conda/share/man/man3/ares_fds.3
/opt/conda/share/man/man3/libssh2_channel_request_auth_agent.3
/opt/conda/share/man/man3/libssh2_session_flag.3
/opt/conda/share/man/man3/libssh2_trace_sethandler.3
/opt/conda/share/man/man3/libssh2_channel_subsystem.3
/opt/conda/share/man/man3/ares_parse_soa_reply.3
/opt/conda/share/man/man3/libssh2_sftp_statvfs.3
/opt/conda/share/man/man3/libssh2_knownhost_get.3
/opt/conda/share/man/man3/ares_parse_uri_reply.3
/opt/conda/share/man/man3/libssh2_knownhost_readline.3
/opt/conda/share/man/man3/archive_entry_acl.3
/opt/conda/share/man/man3/ares_cancel.3
/opt/conda/share/man/man3/ares_parse_caa_reply.3
/opt/conda/share/man/man3/ares_set_servers_ports.3
/opt/conda/share/man/man3/libssh2_session_get_timeout.3
/opt/conda/share/man/man3/libssh2_sftp_rmdir_ex.3
/opt/conda/share/man/man3/libssh2_session_banner_set.3
/opt/conda/share/man/man3/libssh2_session_set_read_timeout.3
/opt/conda/share/man/man3/ares_search.3
/opt/conda/share/man/man3/libssh2_channel_eof.3
/opt/conda/share/man/man3/archive_entry.3
/opt/conda/share/man/man3/ares_parse_ns_reply.3
/opt/conda/share/man/man3/archive_entry_linkify.3
/opt/conda/share/man/man3/libssh2_sftp_seek.3
/opt/conda/share/man/man3/ffi_prep_cif_var.3
/opt/conda/share/man/man3/libssh2_free.3
/opt/conda/share/man/man3/libarchive.3
/opt/conda/share/man/man3/libssh2_channel_handle_extended_data.3
/opt/conda/share/man/man3/libssh2_knownhost_writefile.3
/opt/conda/share/man/man3/libssh2_agent_disconnect.3
/opt/conda/share/man/man3/libssh2_sftp_get_channel.3
/opt/conda/share/man/man3/libssh2_sftp_rewind.3
/opt/conda/share/man/man3/ares_send.3
/opt/conda/share/man/man3/libssh2_agent_userauth.3
/opt/conda/share/man/man3/libssh2_channel_open_ex.3
/opt/conda/share/man/man3/libssh2_channel_wait_closed.3
/opt/conda/share/man/man3/ares_inet_pton.3
/opt/conda/share/man/man3/archive_write_set_options.3
/opt/conda/share/man/man3/libssh2_poll_channel_read.3
/opt/conda/share/man/man3/libsolv-pool.3
/opt/conda/share/man/man3/libssh2_crypto_engine.3
/opt/conda/share/man/man3/history.3
/opt/conda/share/man/man3/libssh2_knownhost_check.3
/opt/conda/share/man/man3/ares_getsock.3
/opt/conda/share/man/man3/libssh2_sftp_unlink_ex.3
/opt/conda/share/man/man3/ares_parse_aaaa_reply.3
/opt/conda/share/man/man3/libssh2_sftp_shutdown.3
/opt/conda/share/man/man3/archive_read_filter.3
/opt/conda/share/man/man3/libssh2_channel_receive_window_adjust.3
/opt/conda/share/man/man3/libssh2_sftp_init.3
/opt/conda/share/man/man3/libssh2_agent_get_identity_path.3
/opt/conda/share/man/man3/ares_library_init_android.3
/opt/conda/share/man/man3/libssh2_channel_get_exit_signal.3
/opt/conda/share/man/man3/libssh2_channel_direct_tcpip.3
/opt/conda/share/man/man3/libssh2_channel_flush.3
/opt/conda/share/man/man3/libssh2_channel_window_read_ex.3
/opt/conda/share/man/man3/ares_process.3
/opt/conda/share/man/man3/libssh2_channel_request_pty_size_ex.3
/opt/conda/share/man/man3/libssh2_publickey_list_fetch.3
/opt/conda/share/man/man3/ares_save_options.3
/opt/conda/share/man/man3/libssh2_channel_write_ex.3
/opt/conda/share/man/man3/libssh2_session_last_errno.3
/opt/conda/share/man/man3/libssh2_sftp_mkdir.3
/opt/conda/share/man/man3/ares_inet_ntop.3
/opt/conda/share/man/man3/libssh2_session_free.3
/opt/conda/share/man/man3/libssh2_publickey_init.3
/opt/conda/share/man/man3/archive_read_format.3
/opt/conda/share/man/man3/libssh2_userauth_authenticated.3
/opt/conda/share/man/man3/archive_entry_time.3
/opt/conda/share/man/man3/archive_write_data.3
/opt/conda/share/man/man3/libssh2_banner_set.3
/opt/conda/share/man/man3/ares_destroy_options.3
/opt/conda/share/man/man3/archive_write_disk.3
/opt/conda/share/man/man3/libssh2_sftp_rename_ex.3
/opt/conda/share/man/man3/libssh2_session_callback_set.3
/opt/conda/share/man/man3/ares_parse_ptr_reply.3
/opt/conda/share/man/man3/libssh2_session_method_pref.3
/opt/conda/share/man/man3/libssh2_scp_recv.3
/opt/conda/share/man/man3/libssh2_userauth_publickey_sk.3
/opt/conda/share/man/man3/ares_query.3
/opt/conda/share/man/man3/libssh2_sftp_fstat_ex.3
/opt/conda/share/man/man3/libssh2_sftp_symlink.3
/opt/conda/share/man/man3/libssh2_agent_init.3
/opt/conda/share/man/man3/libssh2_channel_direct_streamlocal_ex.3
/opt/conda/share/man/man3/ares_library_initialized.3
/opt/conda/share/man/man3/libssh2_session_handshake.3
/opt/conda/share/man/man3/ares_get_servers_ports.3
/opt/conda/share/man/man3/ares_get_servers.3
/opt/conda/share/man/man3/ares_parse_txt_reply.3
/opt/conda/share/man/man3/libssh2_channel_write_stderr.3
/opt/conda/share/man/man3/libssh2_session_supported_algs.3
/opt/conda/share/man/man3/archive_entry_misc.3
/opt/conda/share/man/man3/libssh2_channel_request_pty_ex.3
/opt/conda/share/man/man3/ares_set_socket_callback.3
/opt/conda/share/man/man3/libssh2_sftp_close_handle.3
/opt/conda/share/man/man3/libssh2_session_banner_get.3
/opt/conda/share/man/man3/libssh2_channel_flush_ex.3
/opt/conda/share/man/man3/libssh2_sftp_read.3
/opt/conda/share/man/man3/archive_read_open.3
/opt/conda/share/man/man3/libssh2_channel_request_pty_size.3
/opt/conda/share/man/man3/libssh2_scp_send_ex.3
/opt/conda/share/man/man3/libssh2_channel_wait_eof.3
/opt/conda/share/man/man3/archive_read_data.3
/opt/conda/share/man/man3/ares_destroy.3
/opt/conda/share/man/man3/libssh2_scp_send64.3
/opt/conda/share/man/man3/libssh2_userauth_hostbased_fromfile.3
/opt/conda/share/man/man3/ares_gethostbyname.3
/opt/conda/share/man/man3/libssh2_base64_decode.3
/opt/conda/share/man/man3/libssh2_userauth_password.3
/opt/conda/share/man/man3/libssh2_hostkey_hash.3
/opt/conda/share/man/man3/archive_write_free.3
/opt/conda/share/man/man3/archive_write_header.3
/opt/conda/share/man/man3/libssh2_version.3
/opt/conda/share/man/man3/libsolv-history.3
/opt/conda/share/man/man3/libsolv.3
/opt/conda/share/man/man3/archive_read_add_passphrase.3
/opt/conda/share/man/man3/libssh2_channel_window_write.3
/opt/conda/share/man/man3/archive_entry_stat.3
/opt/conda/share/man/man3/libssh2_sftp_last_error.3
/opt/conda/share/man/man3/libssh2_channel_read_ex.3
/opt/conda/share/man/man3/libssh2_userauth_publickey.3
/opt/conda/share/man/man3/libssh2_session_abstract.3
/opt/conda/share/man/man3/ares_set_socket_configure_callback.3
/opt/conda/share/man/man3/libssh2_init.3
/opt/conda/share/man/man3/ares_library_init.3
/opt/conda/share/man/man3/libssh2_userauth_publickey_fromfile.3
/opt/conda/share/man/man3/archive_read_disk.3
/opt/conda/share/man/man3/ares_dup.3
/opt/conda/share/man/man3/libssh2_channel_shell.3
/opt/conda/share/man/man3/ares_set_local_dev.3
/opt/conda/share/man/man3/libssh2_knownhost_writeline.3
/opt/conda/share/man/man3/libssh2_sftp_setstat.3
/opt/conda/share/man/man3/libssh2_channel_receive_window_adjust2.3
/opt/conda/share/man/man3/libssh2_userauth_password_ex.3
/opt/conda/share/man/man3/libssh2_sftp_rmdir.3
/opt/conda/share/man/man3/libssh2_sftp_fsetstat.3
/opt/conda/share/man/man3/libssh2_session_set_last_error.3
/opt/conda/share/man/man3/libssh2_session_get_read_timeout.3
/opt/conda/share/man/man3/libssh2_channel_forward_listen_ex.3
/opt/conda/share/man/man3/libssh2_keepalive_send.3
/opt/conda/share/man/man3/libssh2_sftp_fsync.3
/opt/conda/share/man/man3/libarchive_changes.3
/opt/conda/share/man/man3/ares_getaddrinfo.3
/opt/conda/share/man/man3/libssh2_knownhost_del.3
/opt/conda/share/man/man3/ares_gethostbyname_file.3
/opt/conda/share/man/man3/archive_write.3
/opt/conda/share/man/man3/libssh2_channel_ignore_extended_data.3
/opt/conda/share/man/man3/libssh2_session_set_blocking.3
/opt/conda/share/man/man3/libssh2_agent_free.3
/opt/conda/share/man/man3/libssh2_channel_exec.3
/opt/conda/share/man/man3/archive_read_set_options.3
/opt/conda/share/man/man3/libssh2_knownhost_init.3
/opt/conda/share/man/man3/libssh2_sftp_open_ex.3
/opt/conda/share/man/man3/libssh2_sftp_realpath.3
/opt/conda/share/man/man3/libssh2_userauth_keyboard_interactive_ex.3
/opt/conda/share/man/man3/libssh2_trace.3
/opt/conda/share/man/man3/archive_read_new.3
/opt/conda/share/man/man3/ares_free_hostent.3
/opt/conda/share/man/man3/ares_version.3
/opt/conda/share/man/man3/libssh2_sftp_readdir_ex.3
/opt/conda/share/man/man3/libssh2_channel_write.3
/opt/conda/share/man/man3/libssh2_agent_set_identity_path.3
/opt/conda/share/man/man3/archive_read_header.3
/opt/conda/share/man/man3/libssh2_channel_window_write_ex.3
/opt/conda/share/man/man3/libssh2_sftp_readdir.3
/opt/conda/share/man/man3/libssh2_agent_list_identities.3
/opt/conda/share/man/man3/libssh2_knownhost_free.3
/opt/conda/share/man/man3/libssh2_sign_sk.3
/opt/conda/share/man/man3/libssh2_sftp_fstat.3
/opt/conda/share/man/man3/libssh2_sftp_stat_ex.3
/opt/conda/share/man/man3/ares_create_query.3
/opt/conda/share/man/man3/ares_freeaddrinfo.3
/opt/conda/share/man/man3/archive_write_filter.3
/opt/conda/share/man/man3/libssh2_sftp_symlink_ex.3
/opt/conda/share/man/man3/ares_library_cleanup.3
/opt/conda/share/man/man3/archive_entry_perms.3
/opt/conda/share/man/man3/libssh2_agent_connect.3
/opt/conda/share/man/man3/libssh2_channel_open_session.3
/opt/conda/share/man/man3/ares_free_string.3
/opt/conda/share/man/man3/ares_set_servers_csv.3
/opt/conda/share/man/man3/ares_init_options.3
/opt/conda/share/man/man3/libssh2_session_methods.3
/opt/conda/share/man/man3/ares_parse_naptr_reply.3
/opt/conda/share/man/man3/libsolv-bindings.3
/opt/conda/share/man/man3/libssh2_channel_handle_extended_data2.3
/opt/conda/share/man/man3/libssh2_sftp_fstatvfs.3
/opt/conda/share/man/man3/libssh2_channel_flush_stderr.3
/opt/conda/share/man/man3/ares_mkquery.3
/opt/conda/share/man/man3/libssh2_publickey_list_free.3
/opt/conda/share/man/man3/libssh2_userauth_list.3
/opt/conda/share/man/man3/ares_gethostbyaddr.3
/opt/conda/share/man/man3/libssh2_session_get_blocking.3
/opt/conda/share/man/man3/libssh2_scp_send.3
/opt/conda/share/man/man3/ares_free_data.3
/opt/conda/share/man/man3/libssh2_sftp_tell64.3
/opt/conda/share/man/man3/libssh2_channel_x11_req.3
/opt/conda/share/man/man3/ares_parse_srv_reply.3
/opt/conda/share/man/man3/libssh2_sftp_lstat.3
/opt/conda/share/man/man3/archive_write_format.3
/opt/conda/share/man/man3/libssh2_sftp_closedir.3
/opt/conda/share/man/man3/archive_write_new.3
/opt/conda/share/man/man3/libssh2_sftp_rename.3
/opt/conda/share/man/man3/libssh2_knownhost_addc.3
/opt/conda/share/man/man3/ffi_call.3
/opt/conda/share/man/man3/libssh2_session_init_ex.3
/opt/conda/share/man/man3/libssh2_keepalive_config.3
/opt/conda/share/man/man3/libssh2_agent_get_identity.3
/opt/conda/share/man/man3/libssh2_channel_forward_cancel.3
/opt/conda/share/man/man3/libssh2_sftp_opendir.3
/opt/conda/share/man/man3/libssh2_userauth_keyboard_interactive.3
/opt/conda/share/man/man3/libssh2_channel_process_startup.3
/opt/conda/share/man/man3/libssh2_session_startup.3
/opt/conda/share/man/man3/editline.3
/opt/conda/share/man/man3/libssh2_channel_get_exit_status.3
/opt/conda/share/man/man3/libssh2_knownhost_readfile.3
/opt/conda/share/man/man3/ares_expand_string.3
/opt/conda/share/man/man3/libssh2_sftp_write.3
/opt/conda/share/man/man3/libssh2_session_disconnect_ex.3
/opt/conda/share/man/man3/libssh2_sftp_mkdir_ex.3
/opt/conda/share/man/man3/libssh2_channel_x11_req_ex.3
/opt/conda/share/man/man3/libssh2_channel_close.3
/opt/conda/share/man/man3/libssh2_sftp_open.3
/opt/conda/share/man/man3/libssh2_userauth_hostbased_fromfile_ex.3
/opt/conda/share/man/man3/archive_write_open.3
/opt/conda/share/man/man3/libssh2_sftp_close.3
/opt/conda/share/man/man3/ares_set_socket_functions.3
/opt/conda/share/man/man3/archive_write_blocksize.3
/opt/conda/share/man/man3/libssh2_session_init.3
/opt/conda/share/man/man3/ares_timeout.3
/opt/conda/share/man/man3/archive_entry_paths.3
/opt/conda/share/man/man3/libssh2_session_block_directions.3
/opt/conda/share/man/man3/libssh2_session_last_error.3
/opt/conda/share/man/man3/libssh2_channel_free.3
/opt/conda/share/man/man3/libssh2_channel_setenv_ex.3
/opt/conda/share/man/man3/archive_read.3
/opt/conda/share/man/man3/libssh2_sftp_open_r.3
/opt/conda/share/man/man3/ares_expand_name.3
/opt/conda/share/man/man3/libssh2_session_hostkey.3
/opt/conda/share/man/man3/libsolv-constantids.3
/opt/conda/share/man/man3/libssh2_channel_send_eof.3
/opt/conda/share/man/man3/libssh2_publickey_shutdown.3
/opt/conda/share/man/man3/libssh2_channel_forward_accept.3
/opt/conda/share/man/man3/archive_util.3
/opt/conda/share/man/ko
/opt/conda/share/man/ko/man1
/opt/conda/share/man/ko/man1/xzmore.1
/opt/conda/share/man/ko/man1/xz.1
/opt/conda/share/man/ko/man1/xzdiff.1
/opt/conda/share/man/ko/man1/xzgrep.1
/opt/conda/share/man/ko/man1/xzless.1
/opt/conda/share/man/ko/man1/xzdec.1
/opt/conda/share/man/man1
/opt/conda/share/man/man1/genbrk.1
/opt/conda/share/man/man1/lz4.1
/opt/conda/share/man/man1/repo2solv.1
/opt/conda/share/man/man1/xzmore.1
/opt/conda/share/man/man1/xz.1
/opt/conda/share/man/man1/testsolv.1
/opt/conda/share/man/man1/krb5-config.1
/opt/conda/share/man/man1/gencnval.1
/opt/conda/share/man/man1/xzdiff.1
/opt/conda/share/man/man1/xzgrep.1
/opt/conda/share/man/man1/adig.1
/opt/conda/share/man/man1/icuexportdata.1
/opt/conda/share/man/man1/k5srvutil.1
/opt/conda/share/man/man1/xmlwf.1
/opt/conda/share/man/man1/ahost.1
/opt/conda/share/man/man1/icu-config.1
/opt/conda/share/man/man1/python3.12.1
/opt/conda/share/man/man1/kinit.1
/opt/conda/share/man/man1/ktutil.1
/opt/conda/share/man/man1/sclient.1
/opt/conda/share/man/man1/klist.1
/opt/conda/share/man/man1/derb.1
/opt/conda/share/man/man1/bsdtar.1
/opt/conda/share/man/man1/kvno.1
/opt/conda/share/man/man1/zstdless.1
/opt/conda/share/man/man1/gencfu.1
/opt/conda/share/man/man1/dumpsolv.1
/opt/conda/share/man/man1/genrb.1
/opt/conda/share/man/man1/sqlite3.1
/opt/conda/share/man/man1/installcheck.1
/opt/conda/share/man/man1/kswitch.1
/opt/conda/share/man/man1/mergesolv.1
/opt/conda/share/man/man1/lzmainfo.1
/opt/conda/share/man/man1/compile_et.1
/opt/conda/share/man/man1/makeconv.1
/opt/conda/share/man/man1/gendict.1
/opt/conda/share/man/man1/kadmin.1
/opt/conda/share/man/man1/bsdcat.1
/opt/conda/share/man/man1/bsdcpio.1
/opt/conda/share/man/man1/zstdgrep.1
/opt/conda/share/man/man1/pkgdata.1
/opt/conda/share/man/man1/kpasswd.1
/opt/conda/share/man/man1/kdestroy.1
/opt/conda/share/man/man1/xzless.1
/opt/conda/share/man/man1/acountry.1
/opt/conda/share/man/man1/solv.1
/opt/conda/share/man/man1/xzdec.1
/opt/conda/share/man/man1/zstd.1
/opt/conda/share/man/man1/ksu.1
/opt/conda/share/man/pt_BR
/opt/conda/share/man/pt_BR/man1
/opt/conda/share/man/pt_BR/man1/xzmore.1
/opt/conda/share/man/pt_BR/man1/xz.1
/opt/conda/share/man/pt_BR/man1/xzdiff.1
/opt/conda/share/man/pt_BR/man1/xzgrep.1
/opt/conda/share/man/pt_BR/man1/xzless.1
/opt/conda/share/man/pt_BR/man1/xzdec.1
/opt/conda/share/man/man8
/opt/conda/share/man/man8/kproplog.8
/opt/conda/share/man/man8/kdb5_ldap_util.8
/opt/conda/share/man/man8/icupkg.8
/opt/conda/share/man/man8/gensprep.8
/opt/conda/share/man/man8/kadmin.local.8
/opt/conda/share/man/man8/genccode.8
/opt/conda/share/man/man8/kprop.8
/opt/conda/share/man/man8/kdb5_util.8
/opt/conda/share/man/man8/gencmn.8
/opt/conda/share/man/man8/kadmind.8
/opt/conda/share/man/man8/sserver.8
/opt/conda/share/man/man8/kpropd.8
/opt/conda/share/man/man8/krb5kdc.8
/opt/conda/share/man/man7
/opt/conda/share/man/man7/editline.7
/opt/conda/share/man/man7/kerberos.7
/opt/conda/share/icu
/opt/conda/share/icu/73.1
/opt/conda/share/icu/73.1/config
/opt/conda/share/icu/73.1/config/mh-linux
/opt/conda/share/icu/73.1/LICENSE
/opt/conda/share/icu/73.1/mkinstalldirs
/opt/conda/share/icu/73.1/install-sh
/opt/conda/share/cmake
/opt/conda/share/cmake/Modules
/opt/conda/share/cmake/Modules/FindLibSolv.cmake
/opt/conda/share/info
/opt/conda/share/info/libgomp.info
/opt/conda/share/info/libffi.info
/opt/conda/share/info/rluserman.info
/opt/conda/share/info/libquadmath.info
/opt/conda/share/info/history.info
/opt/conda/share/info/readline.info
/opt/conda/share/aclocal
/opt/conda/share/aclocal/libxml.m4
/opt/conda/share/zoneinfo
/opt/conda/share/zoneinfo/CET
/opt/conda/share/zoneinfo/EST
/opt/conda/share/zoneinfo/zonenow.tab
/opt/conda/share/zoneinfo/PRC
/opt/conda/share/zoneinfo/Poland
/opt/conda/share/zoneinfo/Zulu
/opt/conda/share/zoneinfo/Greenwich
/opt/conda/share/zoneinfo/CST6CDT
/opt/conda/share/zoneinfo/MET
/opt/conda/share/zoneinfo/EET
/opt/conda/share/zoneinfo/Israel
/opt/conda/share/zoneinfo/Cuba
/opt/conda/share/zoneinfo/MST7MDT
/opt/conda/share/zoneinfo/America
/opt/conda/share/zoneinfo/America/Boise
/opt/conda/share/zoneinfo/America/Managua
/opt/conda/share/zoneinfo/America/Scoresbysund
/opt/conda/share/zoneinfo/America/Nassau
/opt/conda/share/zoneinfo/America/Sao_Paulo
/opt/conda/share/zoneinfo/America/Catamarca
/opt/conda/share/zoneinfo/America/Phoenix
/opt/conda/share/zoneinfo/America/Godthab
/opt/conda/share/zoneinfo/America/Santarem
/opt/conda/share/zoneinfo/America/Miquelon
/opt/conda/share/zoneinfo/America/St_Kitts
/opt/conda/share/zoneinfo/America/Boa_Vista
/opt/conda/share/zoneinfo/America/Port-au-Prince
/opt/conda/share/zoneinfo/America/Goose_Bay
/opt/conda/share/zoneinfo/America/Rosario
/opt/conda/share/zoneinfo/America/Santiago
/opt/conda/share/zoneinfo/America/Curacao
/opt/conda/share/zoneinfo/America/Inuvik
/opt/conda/share/zoneinfo/America/Manaus
/opt/conda/share/zoneinfo/America/Toronto
/opt/conda/share/zoneinfo/America/Chicago
/opt/conda/share/zoneinfo/America/Rainy_River
/opt/conda/share/zoneinfo/America/Nome
/opt/conda/share/zoneinfo/America/Grenada
/opt/conda/share/zoneinfo/America/Anguilla
/opt/conda/share/zoneinfo/America/Chihuahua
/opt/conda/share/zoneinfo/America/Adak
/opt/conda/share/zoneinfo/America/St_Barthelemy
/opt/conda/share/zoneinfo/America/Thunder_Bay
/opt/conda/share/zoneinfo/America/St_Johns
/opt/conda/share/zoneinfo/America/Maceio
/opt/conda/share/zoneinfo/America/Porto_Velho
/opt/conda/share/zoneinfo/America/Martinique
/opt/conda/share/zoneinfo/America/Costa_Rica
/opt/conda/share/zoneinfo/America/Ensenada
/opt/conda/share/zoneinfo/America/Rankin_Inlet
/opt/conda/share/zoneinfo/America/Anchorage
/opt/conda/share/zoneinfo/America/Pangnirtung
/opt/conda/share/zoneinfo/America/Whitehorse
/opt/conda/share/zoneinfo/America/Punta_Arenas
/opt/conda/share/zoneinfo/America/Noronha
/opt/conda/share/zoneinfo/America/Bahia_Banderas
/opt/conda/share/zoneinfo/America/Santo_Domingo
/opt/conda/share/zoneinfo/America/Vancouver
/opt/conda/share/zoneinfo/America/Cancun
/opt/conda/share/zoneinfo/America/Tijuana
/opt/conda/share/zoneinfo/America/Shiprock
/opt/conda/share/zoneinfo/America/Iqaluit
/opt/conda/share/zoneinfo/America/Araguaina
/opt/conda/share/zoneinfo/America/Jamaica
/opt/conda/share/zoneinfo/America/Atikokan
/opt/conda/share/zoneinfo/America/Mendoza
/opt/conda/share/zoneinfo/America/Grand_Turk
/opt/conda/share/zoneinfo/America/Halifax
/opt/conda/share/zoneinfo/America/Cayenne
/opt/conda/share/zoneinfo/America/Detroit
/opt/conda/share/zoneinfo/America/Ciudad_Juarez
/opt/conda/share/zoneinfo/America/Resolute
/opt/conda/share/zoneinfo/America/Bahia
/opt/conda/share/zoneinfo/America/Dominica
/opt/conda/share/zoneinfo/America/Monterrey
/opt/conda/share/zoneinfo/America/Rio_Branco
/opt/conda/share/zoneinfo/America/Juneau
/opt/conda/share/zoneinfo/America/Nipigon
/opt/conda/share/zoneinfo/America/La_Paz
/opt/conda/share/zoneinfo/America/Yakutat
/opt/conda/share/zoneinfo/America/Ojinaga
/opt/conda/share/zoneinfo/America/Fort_Nelson
/opt/conda/share/zoneinfo/America/Winnipeg
/opt/conda/share/zoneinfo/America/Belize
/opt/conda/share/zoneinfo/America/Guadeloupe
/opt/conda/share/zoneinfo/America/Creston
/opt/conda/share/zoneinfo/America/Dawson
/opt/conda/share/zoneinfo/America/Edmonton
/opt/conda/share/zoneinfo/America/Cuiaba
/opt/conda/share/zoneinfo/America/Montreal
/opt/conda/share/zoneinfo/America/Cambridge_Bay
/opt/conda/share/zoneinfo/America/Marigot
/opt/conda/share/zoneinfo/America/Merida
/opt/conda/share/zoneinfo/America/Guatemala
/opt/conda/share/zoneinfo/America/Dawson_Creek
/opt/conda/share/zoneinfo/America/Danmarkshavn
/opt/conda/share/zoneinfo/America/Fort_Wayne
/opt/conda/share/zoneinfo/America/Tegucigalpa
/opt/conda/share/zoneinfo/America/Montserrat
/opt/conda/share/zoneinfo/America/Caracas
/opt/conda/share/zoneinfo/America/Lower_Princes
/opt/conda/share/zoneinfo/America/Belem
/opt/conda/share/zoneinfo/America/Cordoba
/opt/conda/share/zoneinfo/America/Thule
/opt/conda/share/zoneinfo/America/St_Vincent
/opt/conda/share/zoneinfo/America/Buenos_Aires
/opt/conda/share/zoneinfo/America/Kralendijk
/opt/conda/share/zoneinfo/America/Mazatlan
/opt/conda/share/zoneinfo/America/Havana
/opt/conda/share/zoneinfo/America/Mexico_City
/opt/conda/share/zoneinfo/America/New_York
/opt/conda/share/zoneinfo/America/Paramaribo
/opt/conda/share/zoneinfo/America/Blanc-Sablon
/opt/conda/share/zoneinfo/America/Jujuy
/opt/conda/share/zoneinfo/America/Tortola
/opt/conda/share/zoneinfo/America/Recife
/opt/conda/share/zoneinfo/America/Porto_Acre
/opt/conda/share/zoneinfo/America/Swift_Current
/opt/conda/share/zoneinfo/America/North_Dakota
/opt/conda/share/zoneinfo/America/North_Dakota/Center
/opt/conda/share/zoneinfo/America/North_Dakota/Beulah
/opt/conda/share/zoneinfo/America/North_Dakota/New_Salem
/opt/conda/share/zoneinfo/America/Santa_Isabel
/opt/conda/share/zoneinfo/America/Eirunepe
/opt/conda/share/zoneinfo/America/Lima
/opt/conda/share/zoneinfo/America/St_Thomas
/opt/conda/share/zoneinfo/America/Indiana
/opt/conda/share/zoneinfo/America/Indiana/Vevay
/opt/conda/share/zoneinfo/America/Indiana/Tell_City
/opt/conda/share/zoneinfo/America/Indiana/Vincennes
/opt/conda/share/zoneinfo/America/Indiana/Petersburg
/opt/conda/share/zoneinfo/America/Indiana/Marengo
/opt/conda/share/zoneinfo/America/Indiana/Indianapolis
/opt/conda/share/zoneinfo/America/Indiana/Winamac
/opt/conda/share/zoneinfo/America/Indiana/Knox
/opt/conda/share/zoneinfo/America/Fortaleza
/opt/conda/share/zoneinfo/America/Indianapolis
/opt/conda/share/zoneinfo/America/Louisville
/opt/conda/share/zoneinfo/America/Virgin
/opt/conda/share/zoneinfo/America/Sitka
/opt/conda/share/zoneinfo/America/St_Lucia
/opt/conda/share/zoneinfo/America/Moncton
/opt/conda/share/zoneinfo/America/Yellowknife
/opt/conda/share/zoneinfo/America/Denver
/opt/conda/share/zoneinfo/America/Atka
/opt/conda/share/zoneinfo/America/Panama
/opt/conda/share/zoneinfo/America/Los_Angeles
/opt/conda/share/zoneinfo/America/Glace_Bay
/opt/conda/share/zoneinfo/America/Campo_Grande
/opt/conda/share/zoneinfo/America/Port_of_Spain
/opt/conda/share/zoneinfo/America/Aruba
/opt/conda/share/zoneinfo/America/Asuncion
/opt/conda/share/zoneinfo/America/Knox_IN
/opt/conda/share/zoneinfo/America/Antigua
/opt/conda/share/zoneinfo/America/Menominee
/opt/conda/share/zoneinfo/America/Montevideo
/opt/conda/share/zoneinfo/America/Barbados
/opt/conda/share/zoneinfo/America/Argentina
/opt/conda/share/zoneinfo/America/Argentina/Catamarca
/opt/conda/share/zoneinfo/America/Argentina/San_Luis
/opt/conda/share/zoneinfo/America/Argentina/Rio_Gallegos
/opt/conda/share/zoneinfo/America/Argentina/Salta
/opt/conda/share/zoneinfo/America/Argentina/Ushuaia
/opt/conda/share/zoneinfo/America/Argentina/Mendoza
/opt/conda/share/zoneinfo/America/Argentina/ComodRivadavia
/opt/conda/share/zoneinfo/America/Argentina/Tucuman
/opt/conda/share/zoneinfo/America/Argentina/San_Juan
/opt/conda/share/zoneinfo/America/Argentina/Cordoba
/opt/conda/share/zoneinfo/America/Argentina/Buenos_Aires
/opt/conda/share/zoneinfo/America/Argentina/Jujuy
/opt/conda/share/zoneinfo/America/Argentina/La_Rioja
/opt/conda/share/zoneinfo/America/Puerto_Rico
/opt/conda/share/zoneinfo/America/Bogota
/opt/conda/share/zoneinfo/America/Coral_Harbour
/opt/conda/share/zoneinfo/America/Guayaquil
/opt/conda/share/zoneinfo/America/El_Salvador
/opt/conda/share/zoneinfo/America/Hermosillo
/opt/conda/share/zoneinfo/America/Guyana
/opt/conda/share/zoneinfo/America/Matamoros
/opt/conda/share/zoneinfo/America/Regina
/opt/conda/share/zoneinfo/America/Kentucky
/opt/conda/share/zoneinfo/America/Kentucky/Louisville
/opt/conda/share/zoneinfo/America/Kentucky/Monticello
/opt/conda/share/zoneinfo/America/Nuuk
/opt/conda/share/zoneinfo/America/Metlakatla
/opt/conda/share/zoneinfo/America/Cayman
/opt/conda/share/zoneinfo/Canada
/opt/conda/share/zoneinfo/Canada/Mountain
/opt/conda/share/zoneinfo/Canada/Yukon
/opt/conda/share/zoneinfo/Canada/Central
/opt/conda/share/zoneinfo/Canada/Eastern
/opt/conda/share/zoneinfo/Canada/Newfoundland
/opt/conda/share/zoneinfo/Canada/Atlantic
/opt/conda/share/zoneinfo/Canada/Saskatchewan
/opt/conda/share/zoneinfo/Canada/Pacific
/opt/conda/share/zoneinfo/NZ-CHAT
/opt/conda/share/zoneinfo/build
/opt/conda/share/zoneinfo/build/etc
/opt/conda/share/zoneinfo/build/etc/localtime
/opt/conda/share/zoneinfo/zone.tab
/opt/conda/share/zoneinfo/Hongkong
/opt/conda/share/zoneinfo/Japan
/opt/conda/share/zoneinfo/Jamaica
/opt/conda/share/zoneinfo/Navajo
/opt/conda/share/zoneinfo/tzdata.zi
/opt/conda/share/zoneinfo/UCT
/opt/conda/share/zoneinfo/GMT
/opt/conda/share/zoneinfo/GB
/opt/conda/share/zoneinfo/Australia
/opt/conda/share/zoneinfo/Australia/Brisbane
/opt/conda/share/zoneinfo/Australia/Melbourne
/opt/conda/share/zoneinfo/Australia/Eucla
/opt/conda/share/zoneinfo/Australia/ACT
/opt/conda/share/zoneinfo/Australia/North
/opt/conda/share/zoneinfo/Australia/Tasmania
/opt/conda/share/zoneinfo/Australia/LHI
/opt/conda/share/zoneinfo/Australia/Perth
/opt/conda/share/zoneinfo/Australia/Canberra
/opt/conda/share/zoneinfo/Australia/Lord_Howe
/opt/conda/share/zoneinfo/Australia/Queensland
/opt/conda/share/zoneinfo/Australia/Currie
/opt/conda/share/zoneinfo/Australia/Victoria
/opt/conda/share/zoneinfo/Australia/Yancowinna
/opt/conda/share/zoneinfo/Australia/West
/opt/conda/share/zoneinfo/Australia/South
/opt/conda/share/zoneinfo/Australia/NSW
/opt/conda/share/zoneinfo/Australia/Hobart
/opt/conda/share/zoneinfo/Australia/Lindeman
/opt/conda/share/zoneinfo/Australia/Broken_Hill
/opt/conda/share/zoneinfo/Australia/Adelaide
/opt/conda/share/zoneinfo/Australia/Darwin
/opt/conda/share/zoneinfo/Australia/Sydney
/opt/conda/share/zoneinfo/Libya
/opt/conda/share/zoneinfo/Iceland
/opt/conda/share/zoneinfo/ROK
/opt/conda/share/zoneinfo/MST
/opt/conda/share/zoneinfo/iso3166.tab
/opt/conda/share/zoneinfo/Eire
/opt/conda/share/zoneinfo/EST5EDT
/opt/conda/share/zoneinfo/Mexico
/opt/conda/share/zoneinfo/Mexico/BajaNorte
/opt/conda/share/zoneinfo/Mexico/General
/opt/conda/share/zoneinfo/Mexico/BajaSur
/opt/conda/share/zoneinfo/WET
/opt/conda/share/zoneinfo/NZ
/opt/conda/share/zoneinfo/Arctic
/opt/conda/share/zoneinfo/Arctic/Longyearbyen
/opt/conda/share/zoneinfo/Asia
/opt/conda/share/zoneinfo/Asia/Krasnoyarsk
/opt/conda/share/zoneinfo/Asia/Beirut
/opt/conda/share/zoneinfo/Asia/Amman
/opt/conda/share/zoneinfo/Asia/Khandyga
/opt/conda/share/zoneinfo/Asia/Chita
/opt/conda/share/zoneinfo/Asia/Dili
/opt/conda/share/zoneinfo/Asia/Phnom_Penh
/opt/conda/share/zoneinfo/Asia/Samarkand
/opt/conda/share/zoneinfo/Asia/Dushanbe
/opt/conda/share/zoneinfo/Asia/Pontianak
/opt/conda/share/zoneinfo/Asia/Aqtobe
/opt/conda/share/zoneinfo/Asia/Taipei
/opt/conda/share/zoneinfo/Asia/Saigon
/opt/conda/share/zoneinfo/Asia/Brunei
/opt/conda/share/zoneinfo/Asia/Yakutsk
/opt/conda/share/zoneinfo/Asia/Urumqi
/opt/conda/share/zoneinfo/Asia/Ashgabat
/opt/conda/share/zoneinfo/Asia/Atyrau
/opt/conda/share/zoneinfo/Asia/Anadyr
/opt/conda/share/zoneinfo/Asia/Ho_Chi_Minh
/opt/conda/share/zoneinfo/Asia/Tokyo
/opt/conda/share/zoneinfo/Asia/Omsk
/opt/conda/share/zoneinfo/Asia/Yerevan
/opt/conda/share/zoneinfo/Asia/Kamchatka
/opt/conda/share/zoneinfo/Asia/Hebron
/opt/conda/share/zoneinfo/Asia/Riyadh
/opt/conda/share/zoneinfo/Asia/Pyongyang
/opt/conda/share/zoneinfo/Asia/Calcutta
/opt/conda/share/zoneinfo/Asia/Bishkek
/opt/conda/share/zoneinfo/Asia/Ulaanbaatar
/opt/conda/share/zoneinfo/Asia/Nicosia
/opt/conda/share/zoneinfo/Asia/Tel_Aviv
/opt/conda/share/zoneinfo/Asia/Harbin
/opt/conda/share/zoneinfo/Asia/Kathmandu
/opt/conda/share/zoneinfo/Asia/Baku
/opt/conda/share/zoneinfo/Asia/Katmandu
/opt/conda/share/zoneinfo/Asia/Almaty
/opt/conda/share/zoneinfo/Asia/Barnaul
/opt/conda/share/zoneinfo/Asia/Ashkhabad
/opt/conda/share/zoneinfo/Asia/Manila
/opt/conda/share/zoneinfo/Asia/Baghdad
/opt/conda/share/zoneinfo/Asia/Vladivostok
/opt/conda/share/zoneinfo/Asia/Tehran
/opt/conda/share/zoneinfo/Asia/Yangon
/opt/conda/share/zoneinfo/Asia/Magadan
/opt/conda/share/zoneinfo/Asia/Qostanay
/opt/conda/share/zoneinfo/Asia/Bahrain
/opt/conda/share/zoneinfo/Asia/Tbilisi
/opt/conda/share/zoneinfo/Asia/Karachi
/opt/conda/share/zoneinfo/Asia/Kuching
/opt/conda/share/zoneinfo/Asia/Aqtau
/opt/conda/share/zoneinfo/Asia/Macau
/opt/conda/share/zoneinfo/Asia/Kuala_Lumpur
/opt/conda/share/zoneinfo/Asia/Tomsk
/opt/conda/share/zoneinfo/Asia/Novosibirsk
/opt/conda/share/zoneinfo/Asia/Qatar
/opt/conda/share/zoneinfo/Asia/Makassar
/opt/conda/share/zoneinfo/Asia/Muscat
/opt/conda/share/zoneinfo/Asia/Jerusalem
/opt/conda/share/zoneinfo/Asia/Bangkok
/opt/conda/share/zoneinfo/Asia/Thimphu
/opt/conda/share/zoneinfo/Asia/Istanbul
/opt/conda/share/zoneinfo/Asia/Kuwait
/opt/conda/share/zoneinfo/Asia/Hong_Kong
/opt/conda/share/zoneinfo/Asia/Ujung_Pandang
/opt/conda/share/zoneinfo/Asia/Kashgar
/opt/conda/share/zoneinfo/Asia/Vientiane
/opt/conda/share/zoneinfo/Asia/Yekaterinburg
/opt/conda/share/zoneinfo/Asia/Gaza
/opt/conda/share/zoneinfo/Asia/Sakhalin
/opt/conda/share/zoneinfo/Asia/Dhaka
/opt/conda/share/zoneinfo/Asia/Rangoon
/opt/conda/share/zoneinfo/Asia/Thimbu
/opt/conda/share/zoneinfo/Asia/Dacca
/opt/conda/share/zoneinfo/Asia/Hovd
/opt/conda/share/zoneinfo/Asia/Colombo
/opt/conda/share/zoneinfo/Asia/Shanghai
/opt/conda/share/zoneinfo/Asia/Ulan_Bator
/opt/conda/share/zoneinfo/Asia/Irkutsk
/opt/conda/share/zoneinfo/Asia/Chungking
/opt/conda/share/zoneinfo/Asia/Seoul
/opt/conda/share/zoneinfo/Asia/Novokuznetsk
/opt/conda/share/zoneinfo/Asia/Singapore
/opt/conda/share/zoneinfo/Asia/Jayapura
/opt/conda/share/zoneinfo/Asia/Famagusta
/opt/conda/share/zoneinfo/Asia/Damascus
/opt/conda/share/zoneinfo/Asia/Srednekolymsk
/opt/conda/share/zoneinfo/Asia/Kabul
/opt/conda/share/zoneinfo/Asia/Qyzylorda
/opt/conda/share/zoneinfo/Asia/Ust-Nera
/opt/conda/share/zoneinfo/Asia/Jakarta
/opt/conda/share/zoneinfo/Asia/Choibalsan
/opt/conda/share/zoneinfo/Asia/Aden
/opt/conda/share/zoneinfo/Asia/Dubai
/opt/conda/share/zoneinfo/Asia/Kolkata
/opt/conda/share/zoneinfo/Asia/Chongqing
/opt/conda/share/zoneinfo/Asia/Macao
/opt/conda/share/zoneinfo/Asia/Tashkent
/opt/conda/share/zoneinfo/Asia/Oral
/opt/conda/share/zoneinfo/leapseconds
/opt/conda/share/zoneinfo/GMT-0
/opt/conda/share/zoneinfo/GMT+0
/opt/conda/share/zoneinfo/Kwajalein
/opt/conda/share/zoneinfo/Factory
/opt/conda/share/zoneinfo/Iran
/opt/conda/share/zoneinfo/Europe
/opt/conda/share/zoneinfo/Europe/Chisinau
/opt/conda/share/zoneinfo/Europe/Gibraltar
/opt/conda/share/zoneinfo/Europe/Mariehamn
/opt/conda/share/zoneinfo/Europe/Ulyanovsk
/opt/conda/share/zoneinfo/Europe/Oslo
/opt/conda/share/zoneinfo/Europe/Zurich
/opt/conda/share/zoneinfo/Europe/Dublin
/opt/conda/share/zoneinfo/Europe/Skopje
/opt/conda/share/zoneinfo/Europe/Tiraspol
/opt/conda/share/zoneinfo/Europe/Riga
/opt/conda/share/zoneinfo/Europe/Zagreb
/opt/conda/share/zoneinfo/Europe/Busingen
/opt/conda/share/zoneinfo/Europe/Helsinki
/opt/conda/share/zoneinfo/Europe/Guernsey
/opt/conda/share/zoneinfo/Europe/Warsaw
/opt/conda/share/zoneinfo/Europe/Vilnius
/opt/conda/share/zoneinfo/Europe/Belgrade
/opt/conda/share/zoneinfo/Europe/Kaliningrad
/opt/conda/share/zoneinfo/Europe/San_Marino
/opt/conda/share/zoneinfo/Europe/Sofia
/opt/conda/share/zoneinfo/Europe/Minsk
/opt/conda/share/zoneinfo/Europe/Nicosia
/opt/conda/share/zoneinfo/Europe/Copenhagen
/opt/conda/share/zoneinfo/Europe/Rome
/opt/conda/share/zoneinfo/Europe/Zaporozhye
/opt/conda/share/zoneinfo/Europe/Kyiv
/opt/conda/share/zoneinfo/Europe/Uzhgorod
/opt/conda/share/zoneinfo/Europe/Budapest
/opt/conda/share/zoneinfo/Europe/Samara
/opt/conda/share/zoneinfo/Europe/Belfast
/opt/conda/share/zoneinfo/Europe/Vaduz
/opt/conda/share/zoneinfo/Europe/Volgograd
/opt/conda/share/zoneinfo/Europe/Berlin
/opt/conda/share/zoneinfo/Europe/Athens
/opt/conda/share/zoneinfo/Europe/Bratislava
/opt/conda/share/zoneinfo/Europe/Stockholm
/opt/conda/share/zoneinfo/Europe/Kiev
/opt/conda/share/zoneinfo/Europe/Saratov
/opt/conda/share/zoneinfo/Europe/Simferopol
/opt/conda/share/zoneinfo/Europe/Andorra
/opt/conda/share/zoneinfo/Europe/Monaco
/opt/conda/share/zoneinfo/Europe/Bucharest
/opt/conda/share/zoneinfo/Europe/Brussels
/opt/conda/share/zoneinfo/Europe/Moscow
/opt/conda/share/zoneinfo/Europe/Amsterdam
/opt/conda/share/zoneinfo/Europe/Prague
/opt/conda/share/zoneinfo/Europe/Istanbul
/opt/conda/share/zoneinfo/Europe/London
/opt/conda/share/zoneinfo/Europe/Vatican
/opt/conda/share/zoneinfo/Europe/Kirov
/opt/conda/share/zoneinfo/Europe/Lisbon
/opt/conda/share/zoneinfo/Europe/Madrid
/opt/conda/share/zoneinfo/Europe/Jersey
/opt/conda/share/zoneinfo/Europe/Malta
/opt/conda/share/zoneinfo/Europe/Luxembourg
/opt/conda/share/zoneinfo/Europe/Isle_of_Man
/opt/conda/share/zoneinfo/Europe/Astrakhan
/opt/conda/share/zoneinfo/Europe/Paris
/opt/conda/share/zoneinfo/Europe/Vienna
/opt/conda/share/zoneinfo/Europe/Tirane
/opt/conda/share/zoneinfo/Europe/Tallinn
/opt/conda/share/zoneinfo/Europe/Ljubljana
/opt/conda/share/zoneinfo/Europe/Sarajevo
/opt/conda/share/zoneinfo/Europe/Podgorica
/opt/conda/share/zoneinfo/zone1970.tab
/opt/conda/share/zoneinfo/US
/opt/conda/share/zoneinfo/US/Mountain
/opt/conda/share/zoneinfo/US/Hawaii
/opt/conda/share/zoneinfo/US/East-Indiana
/opt/conda/share/zoneinfo/US/Central
/opt/conda/share/zoneinfo/US/Arizona
/opt/conda/share/zoneinfo/US/Eastern
/opt/conda/share/zoneinfo/US/Michigan
/opt/conda/share/zoneinfo/US/Indiana-Starke
/opt/conda/share/zoneinfo/US/Samoa
/opt/conda/share/zoneinfo/US/Alaska
/opt/conda/share/zoneinfo/US/Aleutian
/opt/conda/share/zoneinfo/US/Pacific
/opt/conda/share/zoneinfo/Africa
/opt/conda/share/zoneinfo/Africa/Timbuktu
/opt/conda/share/zoneinfo/Africa/Freetown
/opt/conda/share/zoneinfo/Africa/Khartoum
/opt/conda/share/zoneinfo/Africa/Harare
/opt/conda/share/zoneinfo/Africa/Bangui
/opt/conda/share/zoneinfo/Africa/Accra
/opt/conda/share/zoneinfo/Africa/Asmara
/opt/conda/share/zoneinfo/Africa/Blantyre
/opt/conda/share/zoneinfo/Africa/Lome
/opt/conda/share/zoneinfo/Africa/Luanda
/opt/conda/share/zoneinfo/Africa/Malabo
/opt/conda/share/zoneinfo/Africa/Niamey
/opt/conda/share/zoneinfo/Africa/Monrovia
/opt/conda/share/zoneinfo/Africa/Kampala
/opt/conda/share/zoneinfo/Africa/Casablanca
/opt/conda/share/zoneinfo/Africa/Kinshasa
/opt/conda/share/zoneinfo/Africa/Djibouti
/opt/conda/share/zoneinfo/Africa/Mbabane
/opt/conda/share/zoneinfo/Africa/Banjul
/opt/conda/share/zoneinfo/Africa/Maputo
/opt/conda/share/zoneinfo/Africa/Bamako
/opt/conda/share/zoneinfo/Africa/Kigali
/opt/conda/share/zoneinfo/Africa/Asmera
/opt/conda/share/zoneinfo/Africa/Mogadishu
/opt/conda/share/zoneinfo/Africa/Addis_Ababa
/opt/conda/share/zoneinfo/Africa/Windhoek
/opt/conda/share/zoneinfo/Africa/Dar_es_Salaam
/opt/conda/share/zoneinfo/Africa/Gaborone
/opt/conda/share/zoneinfo/Africa/Lagos
/opt/conda/share/zoneinfo/Africa/Nairobi
/opt/conda/share/zoneinfo/Africa/Lubumbashi
/opt/conda/share/zoneinfo/Africa/Tunis
/opt/conda/share/zoneinfo/Africa/Johannesburg
/opt/conda/share/zoneinfo/Africa/Dakar
/opt/conda/share/zoneinfo/Africa/Nouakchott
/opt/conda/share/zoneinfo/Africa/Abidjan
/opt/conda/share/zoneinfo/Africa/Juba
/opt/conda/share/zoneinfo/Africa/El_Aaiun
/opt/conda/share/zoneinfo/Africa/Bujumbura
/opt/conda/share/zoneinfo/Africa/Lusaka
/opt/conda/share/zoneinfo/Africa/Ceuta
/opt/conda/share/zoneinfo/Africa/Ndjamena
/opt/conda/share/zoneinfo/Africa/Conakry
/opt/conda/share/zoneinfo/Africa/Douala
/opt/conda/share/zoneinfo/Africa/Bissau
/opt/conda/share/zoneinfo/Africa/Libreville
/opt/conda/share/zoneinfo/Africa/Porto-Novo
/opt/conda/share/zoneinfo/Africa/Ouagadougou
/opt/conda/share/zoneinfo/Africa/Sao_Tome
/opt/conda/share/zoneinfo/Africa/Brazzaville
/opt/conda/share/zoneinfo/Africa/Cairo
/opt/conda/share/zoneinfo/Africa/Algiers
/opt/conda/share/zoneinfo/Africa/Maseru
/opt/conda/share/zoneinfo/Africa/Tripoli
/opt/conda/share/zoneinfo/UTC
/opt/conda/share/zoneinfo/Universal
/opt/conda/share/zoneinfo/Etc
/opt/conda/share/zoneinfo/Etc/Zulu
/opt/conda/share/zoneinfo/Etc/Greenwich
/opt/conda/share/zoneinfo/Etc/GMT-8
/opt/conda/share/zoneinfo/Etc/GMT+8
/opt/conda/share/zoneinfo/Etc/GMT+7
/opt/conda/share/zoneinfo/Etc/GMT-7
/opt/conda/share/zoneinfo/Etc/GMT-9
/opt/conda/share/zoneinfo/Etc/GMT-10
/opt/conda/share/zoneinfo/Etc/GMT+9
/opt/conda/share/zoneinfo/Etc/GMT+6
/opt/conda/share/zoneinfo/Etc/UCT
/opt/conda/share/zoneinfo/Etc/GMT
/opt/conda/share/zoneinfo/Etc/GMT-14
/opt/conda/share/zoneinfo/Etc/GMT+1
/opt/conda/share/zoneinfo/Etc/GMT-11
/opt/conda/share/zoneinfo/Etc/GMT+2
/opt/conda/share/zoneinfo/Etc/GMT-2
/opt/conda/share/zoneinfo/Etc/GMT+11
/opt/conda/share/zoneinfo/Etc/GMT+5
/opt/conda/share/zoneinfo/Etc/GMT-5
/opt/conda/share/zoneinfo/Etc/GMT-0
/opt/conda/share/zoneinfo/Etc/GMT+3
/opt/conda/share/zoneinfo/Etc/GMT+0
/opt/conda/share/zoneinfo/Etc/GMT-4
/opt/conda/share/zoneinfo/Etc/GMT+10
/opt/conda/share/zoneinfo/Etc/GMT+12
/opt/conda/share/zoneinfo/Etc/UTC
/opt/conda/share/zoneinfo/Etc/Universal
/opt/conda/share/zoneinfo/Etc/GMT+4
/opt/conda/share/zoneinfo/Etc/GMT-6
/opt/conda/share/zoneinfo/Etc/GMT-1
/opt/conda/share/zoneinfo/Etc/GMT0
/opt/conda/share/zoneinfo/Etc/GMT-3
/opt/conda/share/zoneinfo/Etc/GMT-13
/opt/conda/share/zoneinfo/Etc/GMT-12
/opt/conda/share/zoneinfo/ROC
/opt/conda/share/zoneinfo/Chile
/opt/conda/share/zoneinfo/Chile/EasterIsland
/opt/conda/share/zoneinfo/Chile/Continental
/opt/conda/share/zoneinfo/Singapore
/opt/conda/share/zoneinfo/GMT0
/opt/conda/share/zoneinfo/W-SU
/opt/conda/share/zoneinfo/GB-Eire
/opt/conda/share/zoneinfo/PST8PDT
/opt/conda/share/zoneinfo/Antarctica
/opt/conda/share/zoneinfo/Antarctica/Macquarie
/opt/conda/share/zoneinfo/Antarctica/Vostok
/opt/conda/share/zoneinfo/Antarctica/Palmer
/opt/conda/share/zoneinfo/Antarctica/Casey
/opt/conda/share/zoneinfo/Antarctica/DumontDUrville
/opt/conda/share/zoneinfo/Antarctica/Rothera
/opt/conda/share/zoneinfo/Antarctica/Davis
/opt/conda/share/zoneinfo/Antarctica/South_Pole
/opt/conda/share/zoneinfo/Antarctica/Mawson
/opt/conda/share/zoneinfo/Antarctica/McMurdo
/opt/conda/share/zoneinfo/Antarctica/Troll
/opt/conda/share/zoneinfo/Antarctica/Syowa
/opt/conda/share/zoneinfo/HST
/opt/conda/share/zoneinfo/Portugal
/opt/conda/share/zoneinfo/Atlantic
/opt/conda/share/zoneinfo/Atlantic/Reykjavik
/opt/conda/share/zoneinfo/Atlantic/St_Helena
/opt/conda/share/zoneinfo/Atlantic/Canary
/opt/conda/share/zoneinfo/Atlantic/Azores
/opt/conda/share/zoneinfo/Atlantic/Jan_Mayen
/opt/conda/share/zoneinfo/Atlantic/Faeroe
/opt/conda/share/zoneinfo/Atlantic/Faroe
/opt/conda/share/zoneinfo/Atlantic/South_Georgia
/opt/conda/share/zoneinfo/Atlantic/Bermuda
/opt/conda/share/zoneinfo/Atlantic/Madeira
/opt/conda/share/zoneinfo/Atlantic/Stanley
/opt/conda/share/zoneinfo/Atlantic/Cape_Verde
/opt/conda/share/zoneinfo/Egypt
/opt/conda/share/zoneinfo/Brazil
/opt/conda/share/zoneinfo/Brazil/Acre
/opt/conda/share/zoneinfo/Brazil/East
/opt/conda/share/zoneinfo/Brazil/West
/opt/conda/share/zoneinfo/Brazil/DeNoronha
/opt/conda/share/zoneinfo/Indian
/opt/conda/share/zoneinfo/Indian/Mayotte
/opt/conda/share/zoneinfo/Indian/Mahe
/opt/conda/share/zoneinfo/Indian/Chagos
/opt/conda/share/zoneinfo/Indian/Cocos
/opt/conda/share/zoneinfo/Indian/Christmas
/opt/conda/share/zoneinfo/Indian/Kerguelen
/opt/conda/share/zoneinfo/Indian/Maldives
/opt/conda/share/zoneinfo/Indian/Reunion
/opt/conda/share/zoneinfo/Indian/Comoro
/opt/conda/share/zoneinfo/Indian/Antananarivo
/opt/conda/share/zoneinfo/Indian/Mauritius
/opt/conda/share/zoneinfo/Pacific
/opt/conda/share/zoneinfo/Pacific/Majuro
/opt/conda/share/zoneinfo/Pacific/Bougainville
/opt/conda/share/zoneinfo/Pacific/Chatham
/opt/conda/share/zoneinfo/Pacific/Kanton
/opt/conda/share/zoneinfo/Pacific/Niue
/opt/conda/share/zoneinfo/Pacific/Honolulu
/opt/conda/share/zoneinfo/Pacific/Wallis
/opt/conda/share/zoneinfo/Pacific/Port_Moresby
/opt/conda/share/zoneinfo/Pacific/Easter
/opt/conda/share/zoneinfo/Pacific/Norfolk
/opt/conda/share/zoneinfo/Pacific/Pohnpei
/opt/conda/share/zoneinfo/Pacific/Chuuk
/opt/conda/share/zoneinfo/Pacific/Galapagos
/opt/conda/share/zoneinfo/Pacific/Auckland
/opt/conda/share/zoneinfo/Pacific/Pago_Pago
/opt/conda/share/zoneinfo/Pacific/Midway
/opt/conda/share/zoneinfo/Pacific/Kosrae
/opt/conda/share/zoneinfo/Pacific/Wake
/opt/conda/share/zoneinfo/Pacific/Rarotonga
/opt/conda/share/zoneinfo/Pacific/Funafuti
/opt/conda/share/zoneinfo/Pacific/Palau
/opt/conda/share/zoneinfo/Pacific/Ponape
/opt/conda/share/zoneinfo/Pacific/Guam
/opt/conda/share/zoneinfo/Pacific/Guadalcanal
/opt/conda/share/zoneinfo/Pacific/Kiritimati
/opt/conda/share/zoneinfo/Pacific/Kwajalein
/opt/conda/share/zoneinfo/Pacific/Pitcairn
/opt/conda/share/zoneinfo/Pacific/Apia
/opt/conda/share/zoneinfo/Pacific/Tarawa
/opt/conda/share/zoneinfo/Pacific/Johnston
/opt/conda/share/zoneinfo/Pacific/Samoa
/opt/conda/share/zoneinfo/Pacific/Efate
/opt/conda/share/zoneinfo/Pacific/Saipan
/opt/conda/share/zoneinfo/Pacific/Enderbury
/opt/conda/share/zoneinfo/Pacific/Truk
/opt/conda/share/zoneinfo/Pacific/Gambier
/opt/conda/share/zoneinfo/Pacific/Marquesas
/opt/conda/share/zoneinfo/Pacific/Yap
/opt/conda/share/zoneinfo/Pacific/Noumea
/opt/conda/share/zoneinfo/Pacific/Tahiti
/opt/conda/share/zoneinfo/Pacific/Fiji
/opt/conda/share/zoneinfo/Pacific/Nauru
/opt/conda/share/zoneinfo/Pacific/Tongatapu
/opt/conda/share/zoneinfo/Pacific/Fakaofo
/opt/conda/share/zoneinfo/Turkey
/opt/conda/share/tabset
/opt/conda/share/tabset/vt300
/opt/conda/share/tabset/stdcrt
/opt/conda/share/tabset/std
/opt/conda/share/tabset/vt100
/opt/conda/share/examples
/opt/conda/share/examples/krb5
/opt/conda/share/examples/krb5/krb5.conf
/opt/conda/share/examples/krb5/services.append
/opt/conda/share/examples/krb5/kdc.conf
/opt/conda/include
/opt/conda/include/tkMacOSXWm.h
/opt/conda/include/verto-module.h
/opt/conda/include/gssrpc
/opt/conda/include/gssrpc/auth_gss.h
/opt/conda/include/gssrpc/rpc.h
/opt/conda/include/gssrpc/rpc_msg.h
/opt/conda/include/gssrpc/pmap_rmt.h
/opt/conda/include/gssrpc/auth_unix.h
/opt/conda/include/gssrpc/pmap_prot.h
/opt/conda/include/gssrpc/svc_auth.h
/opt/conda/include/gssrpc/pmap_clnt.h
/opt/conda/include/gssrpc/svc.h
/opt/conda/include/gssrpc/rename.h
/opt/conda/include/gssrpc/xdr.h
/opt/conda/include/gssrpc/netdb.h
/opt/conda/include/gssrpc/auth_gssapi.h
/opt/conda/include/gssrpc/clnt.h
/opt/conda/include/gssrpc/auth.h
/opt/conda/include/gssrpc/types.h
/opt/conda/include/tkImgPhoto.h
/opt/conda/include/tdbc.h
/opt/conda/include/cursslk.h
/opt/conda/include/tclDecls.h
/opt/conda/include/uuid
/opt/conda/include/uuid/uuid.h
/opt/conda/include/tkText.h
/opt/conda/include/ares_nameser.h
/opt/conda/include/tkScale.h
/opt/conda/include/itclMigrate2TclCore.h
/opt/conda/include/solv
/opt/conda/include/solv/pooltypes.h
/opt/conda/include/solv/transaction.h
/opt/conda/include/solv/repo.h
/opt/conda/include/solv/queue.h
/opt/conda/include/solv/hash.h
/opt/conda/include/solv/util.h
/opt/conda/include/solv/poolvendor.h
/opt/conda/include/solv/selection.h
/opt/conda/include/solv/rules.h
/opt/conda/include/solv/strpool.h
/opt/conda/include/solv/bitmap.h
/opt/conda/include/solv/testcase.h
/opt/conda/include/solv/repodata.h
/opt/conda/include/solv/evr.h
/opt/conda/include/solv/dirpool.h
/opt/conda/include/solv/repo_conda.h
/opt/conda/include/solv/chksum.h
/opt/conda/include/solv/knownid.h
/opt/conda/include/solv/conda.h
/opt/conda/include/solv/tools_util.h
/opt/conda/include/solv/poolid.h
/opt/conda/include/solv/dataiterator.h
/opt/conda/include/solv/solvable.h
/opt/conda/include/solv/pool.h
/opt/conda/include/solv/solvversion.h
/opt/conda/include/solv/solver.h
/opt/conda/include/solv/problems.h
/opt/conda/include/solv/policy.h
/opt/conda/include/solv/solverdebug.h
/opt/conda/include/solv/solv_xfopen.h
/opt/conda/include/solv/repo_solv.h
/opt/conda/include/solv/repo_write.h
/opt/conda/include/solv/poolarch.h
/opt/conda/include/tkArray.h
/opt/conda/include/tkBusy.h
/opt/conda/include/editline
/opt/conda/include/editline/readline.h
/opt/conda/include/tkMacOSX.h
/opt/conda/include/itclTclIntStubsFcn.h
/opt/conda/include/readline
/opt/conda/include/readline/chardefs.h
/opt/conda/include/readline/tilde.h
/opt/conda/include/readline/rlconf.h
/opt/conda/include/readline/history.h
/opt/conda/include/readline/keymaps.h
/opt/conda/include/readline/readline.h
/opt/conda/include/readline/rltypedefs.h
/opt/conda/include/readline/rlstdc.h
/opt/conda/include/tkSelect.h
/opt/conda/include/mamba
/opt/conda/include/mamba/api
/opt/conda/include/mamba/api/create.hpp
/opt/conda/include/mamba/api/channel_loader.hpp
/opt/conda/include/mamba/api/update.hpp
/opt/conda/include/mamba/api/c_api.h
/opt/conda/include/mamba/api/list.hpp
/opt/conda/include/mamba/api/info.hpp
/opt/conda/include/mamba/api/repoquery.hpp
/opt/conda/include/mamba/api/constants.hpp
/opt/conda/include/mamba/api/shell.hpp
/opt/conda/include/mamba/api/configuration.hpp
/opt/conda/include/mamba/api/config.hpp
/opt/conda/include/mamba/api/configuration_impl.hpp
/opt/conda/include/mamba/api/remove.hpp
/opt/conda/include/mamba/api/clean.hpp
/opt/conda/include/mamba/api/install.hpp
/opt/conda/include/mamba/util
/opt/conda/include/mamba/util/compare.hpp
/opt/conda/include/mamba/util/type_traits.hpp
/opt/conda/include/mamba/util/build.hpp
/opt/conda/include/mamba/util/url.hpp
/opt/conda/include/mamba/util/string.hpp
/opt/conda/include/mamba/util/flat_bool_expr_tree.hpp
/opt/conda/include/mamba/util/deprecation.hpp
/opt/conda/include/mamba/util/iterator.hpp
/opt/conda/include/mamba/util/functional.hpp
/opt/conda/include/mamba/util/url_manip.hpp
/opt/conda/include/mamba/util/cast.hpp
/opt/conda/include/mamba/util/flat_binary_tree.hpp
/opt/conda/include/mamba/util/path_manip.hpp
/opt/conda/include/mamba/util/graph.hpp
/opt/conda/include/mamba/util/flat_set.hpp
/opt/conda/include/mamba/version.hpp
/opt/conda/include/mamba/specs
/opt/conda/include/mamba/specs/repo_data.hpp
/opt/conda/include/mamba/specs/version_spec.hpp
/opt/conda/include/mamba/specs/version.hpp
/opt/conda/include/mamba/specs/platform.hpp
/opt/conda/include/mamba/specs/archive.hpp
/opt/conda/include/mamba/core
/opt/conda/include/mamba/core/query.hpp
/opt/conda/include/mamba/core/pool.hpp
/opt/conda/include/mamba/core/package_download.hpp
/opt/conda/include/mamba/core/satisfiability_error.hpp
/opt/conda/include/mamba/core/transaction_context.hpp
/opt/conda/include/mamba/core/output.hpp
/opt/conda/include/mamba/core/match_spec.hpp
/opt/conda/include/mamba/core/virtual_packages.hpp
/opt/conda/include/mamba/core/run.hpp
/opt/conda/include/mamba/core/invoke.hpp
/opt/conda/include/mamba/core/palette.hpp
/opt/conda/include/mamba/core/package_handling.hpp
/opt/conda/include/mamba/core/package_paths.hpp
/opt/conda/include/mamba/core/download.hpp
/opt/conda/include/mamba/core/solver.hpp
/opt/conda/include/mamba/core/subdirdata.hpp
/opt/conda/include/mamba/core/error_handling.hpp
/opt/conda/include/mamba/core/mamba_fs.hpp
/opt/conda/include/mamba/core/solution.hpp
/opt/conda/include/mamba/core/environments_manager.hpp
/opt/conda/include/mamba/core/transaction.hpp
/opt/conda/include/mamba/core/history.hpp
/opt/conda/include/mamba/core/context.hpp
/opt/conda/include/mamba/core/timeref.hpp
/opt/conda/include/mamba/core/util_scope.hpp
/opt/conda/include/mamba/core/thread_utils.hpp
/opt/conda/include/mamba/core/fetch.hpp
/opt/conda/include/mamba/core/prefix_data.hpp
/opt/conda/include/mamba/core/link.hpp
/opt/conda/include/mamba/core/env_lockfile.hpp
/opt/conda/include/mamba/core/repo.hpp
/opt/conda/include/mamba/core/util.hpp
/opt/conda/include/mamba/core/validate.hpp
/opt/conda/include/mamba/core/util_os.hpp
/opt/conda/include/mamba/core/menuinst.hpp
/opt/conda/include/mamba/core/activation.hpp
/opt/conda/include/mamba/core/package_info.hpp
/opt/conda/include/mamba/core/util_random.hpp
/opt/conda/include/mamba/core/fsutil.hpp
/opt/conda/include/mamba/core/progress_bar.hpp
/opt/conda/include/mamba/core/shell_init.hpp
/opt/conda/include/mamba/core/environment.hpp
/opt/conda/include/mamba/core/tasksync.hpp
/opt/conda/include/mamba/core/pinning.hpp
/opt/conda/include/mamba/core/package_cache.hpp
/opt/conda/include/mamba/core/common_types.hpp
/opt/conda/include/mamba/core/channel.hpp
/opt/conda/include/mamba/core/execution.hpp
/opt/conda/include/lz4hc.h
/opt/conda/include/ares_dns.h
/opt/conda/include/libssh2_publickey.h
/opt/conda/include/com_err.h
/opt/conda/include/tkScrollbar.h
/opt/conda/include/nghttp2
/opt/conda/include/nghttp2/nghttp2ver.h
/opt/conda/include/nghttp2/nghttp2.h
/opt/conda/include/tkInt.h
/opt/conda/include/tkMacOSXXCursors.h
/opt/conda/include/tkFileFilter.h
/opt/conda/include/gtest
/opt/conda/include/gtest/gtest-matchers.h
/opt/conda/include/gtest/gtest-spi.h
/opt/conda/include/gtest/gtest-typed-test.h
/opt/conda/include/gtest/gtest_prod.h
/opt/conda/include/gtest/internal
/opt/conda/include/gtest/internal/gtest-param-util.h
/opt/conda/include/gtest/internal/gtest-filepath.h
/opt/conda/include/gtest/internal/gtest-internal.h
/opt/conda/include/gtest/internal/gtest-port-arch.h
/opt/conda/include/gtest/internal/gtest-string.h
/opt/conda/include/gtest/internal/gtest-death-test-internal.h
/opt/conda/include/gtest/internal/custom
/opt/conda/include/gtest/internal/custom/README.md
/opt/conda/include/gtest/internal/custom/gtest.h
/opt/conda/include/gtest/internal/custom/gtest-printers.h
/opt/conda/include/gtest/internal/custom/gtest-port.h
/opt/conda/include/gtest/internal/gtest-type-util.h
/opt/conda/include/gtest/internal/gtest-port.h
/opt/conda/include/gtest/gtest-death-test.h
/opt/conda/include/gtest/gtest-param-test.h
/opt/conda/include/gtest/gtest_pred_impl.h
/opt/conda/include/gtest/gtest-test-part.h
/opt/conda/include/gtest/gtest-message.h
/opt/conda/include/gtest/gtest.h
/opt/conda/include/gtest/gtest-printers.h
/opt/conda/include/tkColor.h
/opt/conda/include/zlib.h
/opt/conda/include/cursesp.h
/opt/conda/include/zstd_errors.h
/opt/conda/include/tcl.h
/opt/conda/include/tkUuid.h
/opt/conda/include/itclIntDecls.h
/opt/conda/include/libssh2_sftp.h
/opt/conda/include/fakesql.h
/opt/conda/include/tkMacOSXColor.h
/opt/conda/include/tk3d.h
/opt/conda/include/tkButton.h
/opt/conda/include/fakemysql.h
/opt/conda/include/curses.h
/opt/conda/include/tkIntXlibDecls.h
/opt/conda/include/nc_tparm.h
/opt/conda/include/verto.h
/opt/conda/include/ares.h
/opt/conda/include/tclOO.h
/opt/conda/include/tclPlatDecls.h
/opt/conda/include/pcre2.h
/opt/conda/include/fakepq.h
/opt/conda/include/ncursesw
/opt/conda/include/tclOOInt.h
/opt/conda/include/gssapi
/opt/conda/include/gssapi/gssapi_krb5.h
/opt/conda/include/gssapi/gssapi_ext.h
/opt/conda/include/gssapi/gssapi_generic.h
/opt/conda/include/gssapi/gssapi.h
/opt/conda/include/gssapi/mechglue.h
/opt/conda/include/gssapi/gssapi_alloc.h
/opt/conda/include/bzlib.h
/opt/conda/include/yaml-cpp
/opt/conda/include/yaml-cpp/depthguard.h
/opt/conda/include/yaml-cpp/node
/opt/conda/include/yaml-cpp/node/ptr.h
/opt/conda/include/yaml-cpp/node/impl.h
/opt/conda/include/yaml-cpp/node/convert.h
/opt/conda/include/yaml-cpp/node/node.h
/opt/conda/include/yaml-cpp/node/detail
/opt/conda/include/yaml-cpp/node/detail/iterator_fwd.h
/opt/conda/include/yaml-cpp/node/detail/memory.h
/opt/conda/include/yaml-cpp/node/detail/impl.h
/opt/conda/include/yaml-cpp/node/detail/node.h
/opt/conda/include/yaml-cpp/node/detail/node_data.h
/opt/conda/include/yaml-cpp/node/detail/node_ref.h
/opt/conda/include/yaml-cpp/node/detail/node_iterator.h
/opt/conda/include/yaml-cpp/node/detail/iterator.h
/opt/conda/include/yaml-cpp/node/parse.h
/opt/conda/include/yaml-cpp/node/emit.h
/opt/conda/include/yaml-cpp/node/type.h
/opt/conda/include/yaml-cpp/node/iterator.h
/opt/conda/include/yaml-cpp/dll.h
/opt/conda/include/yaml-cpp/emitfromevents.h
/opt/conda/include/yaml-cpp/parser.h
/opt/conda/include/yaml-cpp/eventhandler.h
/opt/conda/include/yaml-cpp/emitterdef.h
/opt/conda/include/yaml-cpp/anchor.h
/opt/conda/include/yaml-cpp/emittermanip.h
/opt/conda/include/yaml-cpp/binary.h
/opt/conda/include/yaml-cpp/ostream_wrapper.h
/opt/conda/include/yaml-cpp/contrib
/opt/conda/include/yaml-cpp/contrib/anchordict.h
/opt/conda/include/yaml-cpp/contrib/graphbuilder.h
/opt/conda/include/yaml-cpp/exceptions.h
/opt/conda/include/yaml-cpp/emitterstyle.h
/opt/conda/include/yaml-cpp/null.h
/opt/conda/include/yaml-cpp/emitter.h
/opt/conda/include/yaml-cpp/stlemitter.h
/opt/conda/include/yaml-cpp/noexcept.h
/opt/conda/include/yaml-cpp/yaml.h
/opt/conda/include/yaml-cpp/mark.h
/opt/conda/include/yaml-cpp/traits.h
/opt/conda/include/menu.h
/opt/conda/include/lzma.h
/opt/conda/include/ares_build.h
/opt/conda/include/lz4frame.h
/opt/conda/include/tclPort.h
/opt/conda/include/profile.h
/opt/conda/include/itclDecls.h
/opt/conda/include/mysqlStubs.h
/opt/conda/include/term.h
/opt/conda/include/itclInt.h
/opt/conda/include/tkMacOSXInt.h
/opt/conda/include/sqlite3.h
/opt/conda/include/expat_config.h
/opt/conda/include/tkIntDecls.h
/opt/conda/include/krb5
/opt/conda/include/krb5/clpreauth_plugin.h
/opt/conda/include/krb5/certauth_plugin.h
/opt/conda/include/krb5/hostrealm_plugin.h
/opt/conda/include/krb5/kdcpolicy_plugin.h
/opt/conda/include/krb5/locate_plugin.h
/opt/conda/include/krb5/localauth_plugin.h
/opt/conda/include/krb5/pwqual_plugin.h
/opt/conda/include/krb5/ccselect_plugin.h
/opt/conda/include/krb5/kdcpreauth_plugin.h
/opt/conda/include/krb5/krb5.h
/opt/conda/include/krb5/kadm5_hook_plugin.h
/opt/conda/include/krb5/preauth_plugin.h
/opt/conda/include/krb5/plugin.h
/opt/conda/include/krb5/kadm5_auth_plugin.h
/opt/conda/include/openssl
/opt/conda/include/openssl/proverr.h
/opt/conda/include/openssl/macros.h
/opt/conda/include/openssl/sslerr.h
/opt/conda/include/openssl/rsa.h
/opt/conda/include/openssl/cmp_util.h
/opt/conda/include/openssl/conf.h
/opt/conda/include/openssl/stack.h
/opt/conda/include/openssl/bn.h
/opt/conda/include/openssl/ecdh.h
/opt/conda/include/openssl/storeerr.h
/opt/conda/include/openssl/conf_api.h
/opt/conda/include/openssl/x509_vfy.h
/opt/conda/include/openssl/engineerr.h
/opt/conda/include/openssl/idea.h
/opt/conda/include/openssl/cryptoerr.h
/opt/conda/include/openssl/http.h
/opt/conda/include/openssl/dherr.h
/opt/conda/include/openssl/lhash.h
/opt/conda/include/openssl/ocsp.h
/opt/conda/include/openssl/symhacks.h
/opt/conda/include/openssl/aes.h
/opt/conda/include/openssl/asyncerr.h
/opt/conda/include/openssl/mdc2.h
/opt/conda/include/openssl/x509v3err.h
/opt/conda/include/openssl/ssl3.h
/opt/conda/include/openssl/trace.h
/opt/conda/include/openssl/core_dispatch.h
/opt/conda/include/openssl/conferr.h
/opt/conda/include/openssl/ecerr.h
/opt/conda/include/openssl/evp.h
/opt/conda/include/openssl/err.h
/opt/conda/include/openssl/ui.h
/opt/conda/include/openssl/hmac.h
/opt/conda/include/openssl/dtls1.h
/opt/conda/include/openssl/uierr.h
/opt/conda/include/openssl/des.h
/opt/conda/include/openssl/ts.h
/opt/conda/include/openssl/cterr.h
/opt/conda/include/openssl/obj_mac.h
/opt/conda/include/openssl/params.h
/opt/conda/include/openssl/x509.h
/opt/conda/include/openssl/buffer.h
/opt/conda/include/openssl/asn1_mac.h
/opt/conda/include/openssl/httperr.h
/opt/conda/include/openssl/seed.h
/opt/conda/include/openssl/decodererr.h
/opt/conda/include/openssl/crmferr.h
/opt/conda/include/openssl/fips_names.h
/opt/conda/include/openssl/pem2.h
/opt/conda/include/openssl/dsa.h
/opt/conda/include/openssl/ct.h
/opt/conda/include/openssl/crypto.h
/opt/conda/include/openssl/md2.h
/opt/conda/include/openssl/pemerr.h
/opt/conda/include/openssl/ossl_typ.h
/opt/conda/include/openssl/whrlpool.h
/opt/conda/include/openssl/esserr.h
/opt/conda/include/openssl/rand.h
/opt/conda/include/openssl/async.h
/opt/conda/include/openssl/ebcdic.h
/opt/conda/include/openssl/store.h
/opt/conda/include/openssl/rc5.h
/opt/conda/include/openssl/e_os2.h
/opt/conda/include/openssl/sslerr_legacy.h
/opt/conda/include/openssl/safestack.h
/opt/conda/include/openssl/ecdsa.h
/opt/conda/include/openssl/bnerr.h
/opt/conda/include/openssl/ssl2.h
/opt/conda/include/openssl/srtp.h
/opt/conda/include/openssl/cmp.h
/opt/conda/include/openssl/tls1.h
/opt/conda/include/openssl/x509err.h
/opt/conda/include/openssl/encoder.h
/opt/conda/include/openssl/param_build.h
/opt/conda/include/openssl/cryptoerr_legacy.h
/opt/conda/include/openssl/cms.h
/opt/conda/include/openssl/bio.h
/opt/conda/include/openssl/txt_db.h
/opt/conda/include/openssl/opensslv.h
/opt/conda/include/openssl/pkcs12.h
/opt/conda/include/openssl/tserr.h
/opt/conda/include/openssl/core.h
/opt/conda/include/openssl/asn1err.h
/opt/conda/include/openssl/modes.h
/opt/conda/include/openssl/kdf.h
/opt/conda/include/openssl/conftypes.h
/opt/conda/include/openssl/engine.h
/opt/conda/include/openssl/cmserr.h
/opt/conda/include/openssl/sha.h
/opt/conda/include/openssl/objectserr.h
/opt/conda/include/openssl/pkcs12err.h
/opt/conda/include/openssl/provider.h
/opt/conda/include/openssl/asn1t.h
/opt/conda/include/openssl/camellia.h
/opt/conda/include/openssl/asn1.h
/opt/conda/include/openssl/cast.h
/opt/conda/include/openssl/dsaerr.h
/opt/conda/include/openssl/cmperr.h
/opt/conda/include/openssl/evperr.h
/opt/conda/include/openssl/ec.h
/opt/conda/include/openssl/srp.h
/opt/conda/include/openssl/rsaerr.h
/opt/conda/include/openssl/encodererr.h
/opt/conda/include/openssl/objects.h
/opt/conda/include/openssl/fipskey.h
/opt/conda/include/openssl/cmac.h
/opt/conda/include/openssl/kdferr.h
/opt/conda/include/openssl/opensslconf.h
/opt/conda/include/openssl/md4.h
/opt/conda/include/openssl/rc2.h
/opt/conda/include/openssl/crmf.h
/opt/conda/include/openssl/ess.h
/opt/conda/include/openssl/ripemd.h
/opt/conda/include/openssl/x509v3.h
/opt/conda/include/openssl/blowfish.h
/opt/conda/include/openssl/rc4.h
/opt/conda/include/openssl/types.h
/opt/conda/include/openssl/dh.h
/opt/conda/include/openssl/pem.h
/opt/conda/include/openssl/core_object.h
/opt/conda/include/openssl/md5.h
/opt/conda/include/openssl/comperr.h
/opt/conda/include/openssl/randerr.h
/opt/conda/include/openssl/bioerr.h
/opt/conda/include/openssl/self_test.h
/opt/conda/include/openssl/ocsperr.h
/opt/conda/include/openssl/decoder.h
/opt/conda/include/openssl/pkcs7err.h
/opt/conda/include/openssl/core_names.h
/opt/conda/include/openssl/configuration.h
/opt/conda/include/openssl/pkcs7.h
/opt/conda/include/openssl/ssl.h
/opt/conda/include/openssl/comp.h
/opt/conda/include/openssl/buffererr.h
/opt/conda/include/openssl/prov_ssl.h
/opt/conda/include/tdbcInt.h
/opt/conda/include/cursesw.h
/opt/conda/include/curl
/opt/conda/include/curl/options.h
/opt/conda/include/curl/multi.h
/opt/conda/include/curl/typecheck-gcc.h
/opt/conda/include/curl/system.h
/opt/conda/include/curl/easy.h
/opt/conda/include/curl/curlver.h
/opt/conda/include/curl/mprintf.h
/opt/conda/include/curl/urlapi.h
/opt/conda/include/curl/curl.h
/opt/conda/include/curl/websockets.h
/opt/conda/include/curl/stdcheaders.h
/opt/conda/include/curl/header.h
/opt/conda/include/tk.h
/opt/conda/include/tdbcDecls.h
/opt/conda/include/reproc++
/opt/conda/include/reproc++/export.hpp
/opt/conda/include/reproc++/env.hpp
/opt/conda/include/reproc++/input.hpp
/opt/conda/include/reproc++/run.hpp
/opt/conda/include/reproc++/drain.hpp
/opt/conda/include/reproc++/reproc.hpp
/opt/conda/include/reproc++/detail
/opt/conda/include/reproc++/detail/type_traits.hpp
/opt/conda/include/reproc++/detail/array.hpp
/opt/conda/include/reproc++/arguments.hpp
/opt/conda/include/pcre2posix.h
/opt/conda/include/tkCanvas.h
/opt/conda/include/archive.h
/opt/conda/include/archive_entry.h
/opt/conda/include/tkMenubutton.h
/opt/conda/include/ncurses_dll.h
/opt/conda/include/tkPort.h
/opt/conda/include/zdict.h
/opt/conda/include/sqlite3ext.h
/opt/conda/include/libssh2.h
/opt/conda/include/tclTomMathDecls.h
/opt/conda/include/kadm5
/opt/conda/include/kadm5/kadm_err.h
/opt/conda/include/kadm5/admin.h
/opt/conda/include/kadm5/chpass_util_strings.h
/opt/conda/include/unicode
/opt/conda/include/unicode/icudataver.h
/opt/conda/include/unicode/unimatch.h
/opt/conda/include/unicode/uloc.h
/opt/conda/include/unicode/umsg.h
/opt/conda/include/unicode/uversion.h
/opt/conda/include/unicode/appendable.h
/opt/conda/include/unicode/udata.h
/opt/conda/include/unicode/smpdtfmt.h
/opt/conda/include/unicode/uvernum.h
/opt/conda/include/unicode/icuplug.h
/opt/conda/include/unicode/localematcher.h
/opt/conda/include/unicode/calendar.h
/opt/conda/include/unicode/uchar.h
/opt/conda/include/unicode/uenum.h
/opt/conda/include/unicode/currpinf.h
/opt/conda/include/unicode/ptypes.h
/opt/conda/include/unicode/format.h
/opt/conda/include/unicode/ushape.h
/opt/conda/include/unicode/dtfmtsym.h
/opt/conda/include/unicode/parseerr.h
/opt/conda/include/unicode/tzrule.h
/opt/conda/include/unicode/ugender.h
/opt/conda/include/unicode/dcfmtsym.h
/opt/conda/include/unicode/decimfmt.h
/opt/conda/include/unicode/uscript.h
/opt/conda/include/unicode/rbbi.h
/opt/conda/include/unicode/datefmt.h
/opt/conda/include/unicode/numberrangeformatter.h
/opt/conda/include/unicode/strenum.h
/opt/conda/include/unicode/errorcode.h
/opt/conda/include/unicode/nounit.h
/opt/conda/include/unicode/ucpmap.h
/opt/conda/include/unicode/utypes.h
/opt/conda/include/unicode/displayoptions.h
/opt/conda/include/unicode/ucoleitr.h
/opt/conda/include/unicode/ucsdet.h
/opt/conda/include/unicode/uformattednumber.h
/opt/conda/include/unicode/usearch.h
/opt/conda/include/unicode/rep.h
/opt/conda/include/unicode/ustdio.h
/opt/conda/include/unicode/brkiter.h
/opt/conda/include/unicode/dtitvinf.h
/opt/conda/include/unicode/tblcoll.h
/opt/conda/include/unicode/formattednumber.h
/opt/conda/include/unicode/unorm2.h
/opt/conda/include/unicode/docmain.h
/opt/conda/include/unicode/std_string.h
/opt/conda/include/unicode/formattedvalue.h
/opt/conda/include/unicode/dtrule.h
/opt/conda/include/unicode/unumberformatter.h
/opt/conda/include/unicode/udisplaycontext.h
/opt/conda/include/unicode/udatpg.h
/opt/conda/include/unicode/ufieldpositer.h
/opt/conda/include/unicode/unifilt.h
/opt/conda/include/unicode/uclean.h
/opt/conda/include/unicode/uregion.h
/opt/conda/include/unicode/ucurr.h
/opt/conda/include/unicode/gender.h
/opt/conda/include/unicode/urename.h
/opt/conda/include/unicode/uiter.h
/opt/conda/include/unicode/localpointer.h
/opt/conda/include/unicode/ucharstrie.h
/opt/conda/include/unicode/stringpiece.h
/opt/conda/include/unicode/utf32.h
/opt/conda/include/unicode/scientificnumberformatter.h
/opt/conda/include/unicode/ubidi.h
/opt/conda/include/unicode/filteredbrk.h
/opt/conda/include/unicode/dtintrv.h
/opt/conda/include/unicode/uobject.h
/opt/conda/include/unicode/ubiditransform.h
/opt/conda/include/unicode/numberformatter.h
/opt/conda/include/unicode/utf.h
/opt/conda/include/unicode/ulistformatter.h
/opt/conda/include/unicode/enumset.h
/opt/conda/include/unicode/gregocal.h
/opt/conda/include/unicode/reldatefmt.h
/opt/conda/include/unicode/stringoptions.h
/opt/conda/include/unicode/ucol.h
/opt/conda/include/unicode/resbund.h
/opt/conda/include/unicode/coleitr.h
/opt/conda/include/unicode/uregex.h
/opt/conda/include/unicode/utf_old.h
/opt/conda/include/unicode/edits.h
/opt/conda/include/unicode/schriter.h
/opt/conda/include/unicode/tznames.h
/opt/conda/include/unicode/ulocdata.h
/opt/conda/include/unicode/uformattable.h
/opt/conda/include/unicode/uldnames.h
/opt/conda/include/unicode/umachine.h
/opt/conda/include/unicode/tzfmt.h
/opt/conda/include/unicode/ucnv.h
/opt/conda/include/unicode/utf8.h
/opt/conda/include/unicode/symtable.h
/opt/conda/include/unicode/ucasemap.h
/opt/conda/include/unicode/plurfmt.h
/opt/conda/include/unicode/ustring.h
/opt/conda/include/unicode/stringtriebuilder.h
/opt/conda/include/unicode/alphaindex.h
/opt/conda/include/unicode/utrace.h
/opt/conda/include/unicode/platform.h
/opt/conda/include/unicode/uformattedvalue.h
/opt/conda/include/unicode/currunit.h
/opt/conda/include/unicode/utext.h
/opt/conda/include/unicode/tmutamt.h
/opt/conda/include/unicode/locid.h
/opt/conda/include/unicode/simplenumberformatter.h
/opt/conda/include/unicode/upluralrules.h
/opt/conda/include/unicode/ucnvsel.h
/opt/conda/include/unicode/dbbi.h
/opt/conda/include/unicode/uidna.h
/opt/conda/include/unicode/localebuilder.h
/opt/conda/include/unicode/vtzone.h
/opt/conda/include/unicode/curramt.h
/opt/conda/include/unicode/casemap.h
/opt/conda/include/unicode/bytestream.h
/opt/conda/include/unicode/unumberoptions.h
/opt/conda/include/unicode/choicfmt.h
/opt/conda/include/unicode/listformatter.h
/opt/conda/include/unicode/search.h
/opt/conda/include/unicode/utrans.h
/opt/conda/include/unicode/normlzr.h
/opt/conda/include/unicode/chariter.h
/opt/conda/include/unicode/unorm.h
/opt/conda/include/unicode/uconfig.h
/opt/conda/include/unicode/udisplayoptions.h
/opt/conda/include/unicode/rbnf.h
/opt/conda/include/unicode/udat.h
/opt/conda/include/unicode/basictz.h
/opt/conda/include/unicode/ucnv_err.h
/opt/conda/include/unicode/unum.h
/opt/conda/include/unicode/regex.h
/opt/conda/include/unicode/uspoof.h
/opt/conda/include/unicode/utf16.h
/opt/conda/include/unicode/ustringtrie.h
/opt/conda/include/unicode/usimplenumberformatter.h
/opt/conda/include/unicode/ucat.h
/opt/conda/include/unicode/timezone.h
/opt/conda/include/unicode/umutablecptrie.h
/opt/conda/include/unicode/ures.h
/opt/conda/include/unicode/ureldatefmt.h
/opt/conda/include/unicode/udateintervalformat.h
/opt/conda/include/unicode/fmtable.h
/opt/conda/include/unicode/usetiter.h
/opt/conda/include/unicode/numsys.h
/opt/conda/include/unicode/measfmt.h
/opt/conda/include/unicode/ustream.h
/opt/conda/include/unicode/numfmt.h
/opt/conda/include/unicode/msgfmt.h
/opt/conda/include/unicode/bytestriebuilder.h
/opt/conda/include/unicode/char16ptr.h
/opt/conda/include/unicode/parsepos.h
/opt/conda/include/unicode/simpleformatter.h
/opt/conda/include/unicode/utmscale.h
/opt/conda/include/unicode/dtitvfmt.h
/opt/conda/include/unicode/unistr.h
/opt/conda/include/unicode/normalizer2.h
/opt/conda/include/unicode/measure.h
/opt/conda/include/unicode/ucharstriebuilder.h
/opt/conda/include/unicode/ucal.h
/opt/conda/include/unicode/uniset.h
/opt/conda/include/unicode/sortkey.h
/opt/conda/include/unicode/fpositer.h
/opt/conda/include/unicode/uset.h
/opt/conda/include/unicode/compactdecimalformat.h
/opt/conda/include/unicode/urep.h
/opt/conda/include/unicode/idna.h
/opt/conda/include/unicode/rbtz.h
/opt/conda/include/unicode/locdspnm.h
/opt/conda/include/unicode/unumsys.h
/opt/conda/include/unicode/ubrk.h
/opt/conda/include/unicode/unumberrangeformatter.h
/opt/conda/include/unicode/unirepl.h
/opt/conda/include/unicode/tztrans.h
/opt/conda/include/unicode/tmunit.h
/opt/conda/include/unicode/caniter.h
/opt/conda/include/unicode/region.h
/opt/conda/include/unicode/coll.h
/opt/conda/include/unicode/bytestrie.h
/opt/conda/include/unicode/unifunct.h
/opt/conda/include/unicode/fieldpos.h
/opt/conda/include/unicode/uchriter.h
/opt/conda/include/unicode/ucptrie.h
/opt/conda/include/unicode/selfmt.h
/opt/conda/include/unicode/measunit.h
/opt/conda/include/unicode/umisc.h
/opt/conda/include/unicode/messagepattern.h
/opt/conda/include/unicode/putil.h
/opt/conda/include/unicode/usprep.h
/opt/conda/include/unicode/stsearch.h
/opt/conda/include/unicode/simpletz.h
/opt/conda/include/unicode/dtptngen.h
/opt/conda/include/unicode/translit.h
/opt/conda/include/unicode/plurrule.h
/opt/conda/include/unicode/tmutfmt.h
/opt/conda/include/unicode/ucnv_cb.h
/opt/conda/include/ncurses
/opt/conda/include/tkMacOSXCursors.h
/opt/conda/include/tkMacOSXEvent.h
/opt/conda/include/default.h
/opt/conda/include/ffi.h
/opt/conda/include/krad.h
/opt/conda/include/tkMenu.h
/opt/conda/include/tkIntPlatDecls.h
/opt/conda/include/libxml2
/opt/conda/include/libxml2/libxml
/opt/conda/include/libxml2/libxml/chvalid.h
/opt/conda/include/libxml2/libxml/SAX2.h
/opt/conda/include/libxml2/libxml/xmlunicode.h
/opt/conda/include/libxml2/libxml/xmlIO.h
/opt/conda/include/libxml2/libxml/xpointer.h
/opt/conda/include/libxml2/libxml/xmlschemas.h
/opt/conda/include/libxml2/libxml/hash.h
/opt/conda/include/libxml2/libxml/xmlautomata.h
/opt/conda/include/libxml2/libxml/parser.h
/opt/conda/include/libxml2/libxml/xlink.h
/opt/conda/include/libxml2/libxml/xmlexports.h
/opt/conda/include/libxml2/libxml/HTMLtree.h
/opt/conda/include/libxml2/libxml/threads.h
/opt/conda/include/libxml2/libxml/valid.h
/opt/conda/include/libxml2/libxml/globals.h
/opt/conda/include/libxml2/libxml/entities.h
/opt/conda/include/libxml2/libxml/list.h
/opt/conda/include/libxml2/libxml/xmlstring.h
/opt/conda/include/libxml2/libxml/debugXML.h
/opt/conda/include/libxml2/libxml/schemasInternals.h
/opt/conda/include/libxml2/libxml/c14n.h
/opt/conda/include/libxml2/libxml/xmlschemastypes.h
/opt/conda/include/libxml2/libxml/xmlmodule.h
/opt/conda/include/libxml2/libxml/xmlsave.h
/opt/conda/include/libxml2/libxml/SAX.h
/opt/conda/include/libxml2/libxml/xmlversion.h
/opt/conda/include/libxml2/libxml/catalog.h
/opt/conda/include/libxml2/libxml/uri.h
/opt/conda/include/libxml2/libxml/nanohttp.h
/opt/conda/include/libxml2/libxml/xinclude.h
/opt/conda/include/libxml2/libxml/xmlreader.h
/opt/conda/include/libxml2/libxml/schematron.h
/opt/conda/include/libxml2/libxml/pattern.h
/opt/conda/include/libxml2/libxml/xmlmemory.h
/opt/conda/include/libxml2/libxml/xmlregexp.h
/opt/conda/include/libxml2/libxml/xpath.h
/opt/conda/include/libxml2/libxml/parserInternals.h
/opt/conda/include/libxml2/libxml/xpathInternals.h
/opt/conda/include/libxml2/libxml/relaxng.h
/opt/conda/include/libxml2/libxml/dict.h
/opt/conda/include/libxml2/libxml/nanoftp.h
/opt/conda/include/libxml2/libxml/HTMLparser.h
/opt/conda/include/libxml2/libxml/xmlwriter.h
/opt/conda/include/libxml2/libxml/xmlerror.h
/opt/conda/include/libxml2/libxml/encoding.h
/opt/conda/include/libxml2/libxml/tree.h
/opt/conda/include/tclUnixPort.h
/opt/conda/include/panel.h
/opt/conda/include/ks_names.h
/opt/conda/include/expat_external.h
/opt/conda/include/cursesf.h
/opt/conda/include/tic.h
/opt/conda/include/expat.h
/opt/conda/include/term_entry.h
/opt/conda/include/fmt
/opt/conda/include/fmt/ostream.h
/opt/conda/include/fmt/format-inl.h
/opt/conda/include/fmt/os.h
/opt/conda/include/fmt/format.h
/opt/conda/include/fmt/chrono.h
/opt/conda/include/fmt/compile.h
/opt/conda/include/fmt/ranges.h
/opt/conda/include/fmt/printf.h
/opt/conda/include/fmt/xchar.h
/opt/conda/include/fmt/core.h
/opt/conda/include/fmt/std.h
/opt/conda/include/fmt/color.h
/opt/conda/include/fmt/args.h
/opt/conda/include/tkDList.h
/opt/conda/include/tkMacOSXDefault.h
/opt/conda/include/tkDecls.h
/opt/conda/include/eti.h
/opt/conda/include/itcl.h
/opt/conda/include/ares_version.h
/opt/conda/include/tkMacOSXPrivate.h
/opt/conda/include/tkPlatDecls.h
/opt/conda/include/ares_rules.h
/opt/conda/include/krb5.h
/opt/conda/include/tkMacOSXFont.h
/opt/conda/include/histedit.h
/opt/conda/include/tclInt.h
/opt/conda/include/tkUndo.h
/opt/conda/include/lz4.h
/opt/conda/include/lzma
/opt/conda/include/lzma/hardware.h
/opt/conda/include/lzma/block.h
/opt/conda/include/lzma/lzma12.h
/opt/conda/include/lzma/vli.h
/opt/conda/include/lzma/filter.h
/opt/conda/include/lzma/delta.h
/opt/conda/include/lzma/version.h
/opt/conda/include/lzma/index_hash.h
/opt/conda/include/lzma/index.h
/opt/conda/include/lzma/stream_flags.h
/opt/conda/include/lzma/container.h
/opt/conda/include/lzma/base.h
/opt/conda/include/lzma/bcj.h
/opt/conda/include/lzma/check.h
/opt/conda/include/tkMacOSXKeysyms.h
/opt/conda/include/tkEntry.h
/opt/conda/include/pqStubs.h
/opt/conda/include/zconf.h
/opt/conda/include/termcap.h
/opt/conda/include/tkUnixInt.h
/opt/conda/include/ffitarget.h
/opt/conda/include/tkMacOSXConstants.h
/opt/conda/include/etip.h
/opt/conda/include/python3.12
/opt/conda/include/python3.12/setobject.h
/opt/conda/include/python3.12/moduleobject.h
/opt/conda/include/python3.12/boolobject.h
/opt/conda/include/python3.12/fileutils.h
/opt/conda/include/python3.12/ceval.h
/opt/conda/include/python3.12/pyframe.h
/opt/conda/include/python3.12/pytypedefs.h
/opt/conda/include/python3.12/import.h
/opt/conda/include/python3.12/iterobject.h
/opt/conda/include/python3.12/pystrtod.h
/opt/conda/include/python3.12/pyhash.h
/opt/conda/include/python3.12/pythonrun.h
/opt/conda/include/python3.12/pylifecycle.h
/opt/conda/include/python3.12/sysmodule.h
/opt/conda/include/python3.12/tracemalloc.h
/opt/conda/include/python3.12/Python.h
/opt/conda/include/python3.12/weakrefobject.h
/opt/conda/include/python3.12/pymem.h
/opt/conda/include/python3.12/frameobject.h
/opt/conda/include/python3.12/pydtrace.h
/opt/conda/include/python3.12/errcode.h
/opt/conda/include/python3.12/genericaliasobject.h
/opt/conda/include/python3.12/pybuffer.h
/opt/conda/include/python3.12/marshal.h
/opt/conda/include/python3.12/enumobject.h
/opt/conda/include/python3.12/patchlevel.h
/opt/conda/include/python3.12/compile.h
/opt/conda/include/python3.12/pystats.h
/opt/conda/include/python3.12/pythread.h
/opt/conda/include/python3.12/longobject.h
/opt/conda/include/python3.12/sliceobject.h
/opt/conda/include/python3.12/codecs.h
/opt/conda/include/python3.12/bytearrayobject.h
/opt/conda/include/python3.12/pyexpat.h
/opt/conda/include/python3.12/pycapsule.h
/opt/conda/include/python3.12/pyconfig.h
/opt/conda/include/python3.12/traceback.h
/opt/conda/include/python3.12/pymacconfig.h
/opt/conda/include/python3.12/pystrcmp.h
/opt/conda/include/python3.12/osdefs.h
/opt/conda/include/python3.12/dynamic_annotations.h
/opt/conda/include/python3.12/pyerrors.h
/opt/conda/include/python3.12/internal
/opt/conda/include/python3.12/internal/pycore_genobject.h
/opt/conda/include/python3.12/internal/pycore_global_strings.h
/opt/conda/include/python3.12/internal/pycore_dtoa.h
/opt/conda/include/python3.12/internal/pycore_long.h
/opt/conda/include/python3.12/internal/pycore_fileutils.h
/opt/conda/include/python3.12/internal/pycore_memoryobject.h
/opt/conda/include/python3.12/internal/pycore_pyhash.h
/opt/conda/include/python3.12/internal/pycore_condvar.h
/opt/conda/include/python3.12/internal/pycore_tracemalloc.h
/opt/conda/include/python3.12/internal/pycore_intrinsics.h
/opt/conda/include/python3.12/internal/pycore_list.h
/opt/conda/include/python3.12/internal/pycore_ceval_state.h
/opt/conda/include/python3.12/internal/pycore_gil.h
/opt/conda/include/python3.12/internal/pycore_compile.h
/opt/conda/include/python3.12/internal/pycore_unicodeobject_generated.h
/opt/conda/include/python3.12/internal/pycore_runtime_init.h
/opt/conda/include/python3.12/internal/pycore_atomic_funcs.h
/opt/conda/include/python3.12/internal/pycore_getopt.h
/opt/conda/include/python3.12/internal/pycore_pyarena.h
/opt/conda/include/python3.12/internal/pycore_hamt.h
/opt/conda/include/python3.12/internal/pycore_context.h
/opt/conda/include/python3.12/internal/pycore_symtable.h
/opt/conda/include/python3.12/internal/pycore_hashtable.h
/opt/conda/include/python3.12/internal/pycore_call.h
/opt/conda/include/python3.12/internal/pycore_ast.h
/opt/conda/include/python3.12/internal/pycore_faulthandler.h
/opt/conda/include/python3.12/internal/pycore_time.h
/opt/conda/include/python3.12/internal/pycore_code.h
/opt/conda/include/python3.12/internal/pycore_global_objects.h
/opt/conda/include/python3.12/internal/pycore_ucnhash.h
/opt/conda/include/python3.12/internal/pycore_runtime_init_generated.h
/opt/conda/include/python3.12/internal/pycore_opcode.h
/opt/conda/include/python3.12/internal/pycore_typevarobject.h
/opt/conda/include/python3.12/internal/pycore_dict.h
/opt/conda/include/python3.12/internal/pycore_dict_state.h
/opt/conda/include/python3.12/internal/pycore_initconfig.h
/opt/conda/include/python3.12/internal/pycore_blocks_output_buffer.h
/opt/conda/include/python3.12/internal/pycore_floatobject.h
/opt/conda/include/python3.12/internal/pycore_format.h
/opt/conda/include/python3.12/internal/pycore_signal.h
/opt/conda/include/python3.12/internal/pycore_range.h
/opt/conda/include/python3.12/internal/pycore_obmalloc_init.h
/opt/conda/include/python3.12/internal/pycore_sliceobject.h
/opt/conda/include/python3.12/internal/pycore_pylifecycle.h
/opt/conda/include/python3.12/internal/pycore_strhex.h
/opt/conda/include/python3.12/internal/pycore_moduleobject.h
/opt/conda/include/python3.12/internal/pycore_pyerrors.h
/opt/conda/include/python3.12/internal/pycore_exceptions.h
/opt/conda/include/python3.12/internal/pycore_flowgraph.h
/opt/conda/include/python3.12/internal/pycore_gc.h
/opt/conda/include/python3.12/internal/pycore_unicodeobject.h
/opt/conda/include/python3.12/internal/pycore_frame.h
/opt/conda/include/python3.12/internal/pycore_obmalloc.h
/opt/conda/include/python3.12/internal/pycore_namespace.h
/opt/conda/include/python3.12/internal/pycore_bytesobject.h
/opt/conda/include/python3.12/internal/pycore_atexit.h
/opt/conda/include/python3.12/internal/pycore_import.h
/opt/conda/include/python3.12/internal/pycore_global_objects_fini_generated.h
/opt/conda/include/python3.12/internal/pycore_asdl.h
/opt/conda/include/python3.12/internal/pycore_function.h
/opt/conda/include/python3.12/internal/pycore_pystate.h
/opt/conda/include/python3.12/internal/pycore_opcode_utils.h
/opt/conda/include/python3.12/internal/pycore_pythread.h
/opt/conda/include/python3.12/internal/pycore_parser.h
/opt/conda/include/python3.12/internal/pycore_interp.h
/opt/conda/include/python3.12/internal/pycore_abstract.h
/opt/conda/include/python3.12/internal/pycore_runtime.h
/opt/conda/include/python3.12/internal/pycore_token.h
/opt/conda/include/python3.12/internal/pycore_typeobject.h
/opt/conda/include/python3.12/internal/pycore_warnings.h
/opt/conda/include/python3.12/internal/pycore_object.h
/opt/conda/include/python3.12/internal/pycore_pymath.h
/opt/conda/include/python3.12/internal/pycore_bytes_methods.h
/opt/conda/include/python3.12/internal/pycore_sysmodule.h
/opt/conda/include/python3.12/internal/pycore_unionobject.h
/opt/conda/include/python3.12/internal/pycore_bitutils.h
/opt/conda/include/python3.12/internal/pycore_tuple.h
/opt/conda/include/python3.12/internal/pycore_descrobject.h
/opt/conda/include/python3.12/internal/pycore_fileutils_windows.h
/opt/conda/include/python3.12/internal/pycore_structseq.h
/opt/conda/include/python3.12/internal/pycore_ast_state.h
/opt/conda/include/python3.12/internal/pycore_traceback.h
/opt/conda/include/python3.12/internal/pycore_object_state.h
/opt/conda/include/python3.12/internal/pycore_pymem.h
/opt/conda/include/python3.12/internal/pycore_ceval.h
/opt/conda/include/python3.12/internal/pycore_emscripten_signal.h
/opt/conda/include/python3.12/internal/pycore_pymem_init.h
/opt/conda/include/python3.12/internal/pycore_pathconfig.h
/opt/conda/include/python3.12/internal/pycore_instruments.h
/opt/conda/include/python3.12/internal/pycore_atomic.h
/opt/conda/include/python3.12/warnings.h
/opt/conda/include/python3.12/interpreteridobject.h
/opt/conda/include/python3.12/opcode.h
/opt/conda/include/python3.12/typeslots.h
/opt/conda/include/python3.12/pystate.h
/opt/conda/include/python3.12/objimpl.h
/opt/conda/include/python3.12/bltinmodule.h
/opt/conda/include/python3.12/methodobject.h
/opt/conda/include/python3.12/pyport.h
/opt/conda/include/python3.12/fileobject.h
/opt/conda/include/python3.12/pymacro.h
/opt/conda/include/python3.12/modsupport.h
/opt/conda/include/python3.12/pymath.h
/opt/conda/include/python3.12/datetime.h
/opt/conda/include/python3.12/listobject.h
/opt/conda/include/python3.12/tupleobject.h
/opt/conda/include/python3.12/cpython
/opt/conda/include/python3.12/cpython/picklebufobject.h
/opt/conda/include/python3.12/cpython/pyctype.h
/opt/conda/include/python3.12/cpython/setobject.h
/opt/conda/include/python3.12/cpython/fileutils.h
/opt/conda/include/python3.12/cpython/funcobject.h
/opt/conda/include/python3.12/cpython/ceval.h
/opt/conda/include/python3.12/cpython/pyframe.h
/opt/conda/include/python3.12/cpython/import.h
/opt/conda/include/python3.12/cpython/cellobject.h
/opt/conda/include/python3.12/cpython/pythonrun.h
/opt/conda/include/python3.12/cpython/pylifecycle.h
/opt/conda/include/python3.12/cpython/sysmodule.h
/opt/conda/include/python3.12/cpython/pytime.h
/opt/conda/include/python3.12/cpython/weakrefobject.h
/opt/conda/include/python3.12/cpython/pymem.h
/opt/conda/include/python3.12/cpython/frameobject.h
/opt/conda/include/python3.12/cpython/pyfpe.h
/opt/conda/include/python3.12/cpython/pydebug.h
/opt/conda/include/python3.12/cpython/compile.h
/opt/conda/include/python3.12/cpython/pythread.h
/opt/conda/include/python3.12/cpython/context.h
/opt/conda/include/python3.12/cpython/pthread_stubs.h
/opt/conda/include/python3.12/cpython/classobject.h
/opt/conda/include/python3.12/cpython/longobject.h
/opt/conda/include/python3.12/cpython/bytearrayobject.h
/opt/conda/include/python3.12/cpython/traceback.h
/opt/conda/include/python3.12/cpython/pyerrors.h
/opt/conda/include/python3.12/cpython/warnings.h
/opt/conda/include/python3.12/cpython/interpreteridobject.h
/opt/conda/include/python3.12/cpython/longintrepr.h
/opt/conda/include/python3.12/cpython/pystate.h
/opt/conda/include/python3.12/cpython/objimpl.h
/opt/conda/include/python3.12/cpython/genobject.h
/opt/conda/include/python3.12/cpython/methodobject.h
/opt/conda/include/python3.12/cpython/fileobject.h
/opt/conda/include/python3.12/cpython/modsupport.h
/opt/conda/include/python3.12/cpython/code.h
/opt/conda/include/python3.12/cpython/listobject.h
/opt/conda/include/python3.12/cpython/odictobject.h
/opt/conda/include/python3.12/cpython/tupleobject.h
/opt/conda/include/python3.12/cpython/initconfig.h
/opt/conda/include/python3.12/cpython/floatobject.h
/opt/conda/include/python3.12/cpython/descrobject.h
/opt/conda/include/python3.12/cpython/bytesobject.h
/opt/conda/include/python3.12/cpython/complexobject.h
/opt/conda/include/python3.12/cpython/dictobject.h
/opt/conda/include/python3.12/cpython/memoryobject.h
/opt/conda/include/python3.12/cpython/unicodeobject.h
/opt/conda/include/python3.12/cpython/object.h
/opt/conda/include/python3.12/cpython/abstract.h
/opt/conda/include/python3.12/floatobject.h
/opt/conda/include/python3.12/rangeobject.h
/opt/conda/include/python3.12/descrobject.h
/opt/conda/include/python3.12/structmember.h
/opt/conda/include/python3.12/osmodule.h
/opt/conda/include/python3.12/bytesobject.h
/opt/conda/include/python3.12/structseq.h
/opt/conda/include/python3.12/complexobject.h
/opt/conda/include/python3.12/py_curses.h
/opt/conda/include/python3.12/dictobject.h
/opt/conda/include/python3.12/memoryobject.h
/opt/conda/include/python3.12/exports.h
/opt/conda/include/python3.12/unicodeobject.h
/opt/conda/include/python3.12/object.h
/opt/conda/include/python3.12/intrcheck.h
/opt/conda/include/python3.12/abstract.h
/opt/conda/include/reproc
/opt/conda/include/reproc/export.h
/opt/conda/include/reproc/reproc.h
/opt/conda/include/reproc/drain.h
/opt/conda/include/reproc/run.h
/opt/conda/include/itcl2TclOO.h
/opt/conda/include/ev.h
/opt/conda/include/tkFont.h
/opt/conda/include/gssapi.h
/opt/conda/include/ev++.h
/opt/conda/include/tclOODecls.h
/opt/conda/include/tkMacOSXDebug.h
/opt/conda/include/lz4frame_static.h
/opt/conda/include/tclThread.h
/opt/conda/include/tkUnixPort.h
/opt/conda/include/unctrl.h
/opt/conda/include/odbcStubs.h
/opt/conda/include/kdb.h
/opt/conda/include/tclIntPlatDecls.h
/opt/conda/include/form.h
/opt/conda/include/tclTomMath.h
/opt/conda/include/tclOOIntDecls.h
/opt/conda/include/zstd.h
/opt/conda/include/cursesm.h
/opt/conda/include/tclIntDecls.h
/opt/conda/include/gmock
/opt/conda/include/gmock/gmock.h
/opt/conda/include/gmock/gmock-more-matchers.h
/opt/conda/include/gmock/internal
/opt/conda/include/gmock/internal/gmock-pp.h
/opt/conda/include/gmock/internal/gmock-port.h
/opt/conda/include/gmock/internal/gmock-internal-utils.h
/opt/conda/include/gmock/internal/custom
/opt/conda/include/gmock/internal/custom/README.md
/opt/conda/include/gmock/internal/custom/gmock-generated-actions.h
/opt/conda/include/gmock/internal/custom/gmock-port.h
/opt/conda/include/gmock/internal/custom/gmock-matchers.h
/opt/conda/include/gmock/gmock-actions.h
/opt/conda/include/gmock/gmock-cardinalities.h
/opt/conda/include/gmock/gmock-spec-builders.h
/opt/conda/include/gmock/gmock-matchers.h
/opt/conda/include/gmock/gmock-nice-strict.h
/opt/conda/include/gmock/gmock-more-actions.h
/opt/conda/include/gmock/gmock-function-mocker.h
/opt/conda/include/tkUnixDefault.h
/opt/conda/include/tkMacOSXPort.h
/opt/conda/include/cursesapp.h
/opt/conda/compiler_compat
/opt/conda/compiler_compat/README
/opt/conda/x86_64-conda_cos7-linux-gnu
/opt/conda/x86_64-conda_cos7-linux-gnu/bin
/opt/conda/condabin
/opt/conda/condabin/conda
/opt/conda/etc
/opt/conda/etc/fish
/opt/conda/etc/fish/conf.d
/opt/conda/etc/fish/conf.d/conda.fish
/opt/conda/etc/profile.d
/opt/conda/etc/profile.d/conda.csh
/opt/conda/etc/profile.d/conda.sh
/opt/conda/etc/aau_token
/usr
/usr/share
/usr/share/doc
/usr/share/doc/conda
/usr/share/doc/conda/changelog.gz
/opt/conda/lib/libformw.so.6
/opt/conda/lib/libxml2.so.2
/opt/conda/lib/libkadm5clnt.so
/opt/conda/lib/libform.so
/opt/conda/lib/libncurses.so.6.4
/opt/conda/lib/libz.so
/opt/conda/lib/libpcre2-posix.so
/opt/conda/lib/libkadm5srv_mit.so.12
/opt/conda/lib/libhistory.so
/opt/conda/lib/libgssapi_krb5.so.2
/opt/conda/lib/libubsan.so
/opt/conda/lib/libpython3.12.so
/opt/conda/lib/libreadline.so
/opt/conda/lib/libkrb5.so.3
/opt/conda/lib/libbz2.so
/opt/conda/lib/libstdc++.so.6
/opt/conda/lib/libgtest.so
/opt/conda/lib/liblzma.so
/opt/conda/lib/libitm.so.1
/opt/conda/lib/libgomp.so.1
/opt/conda/lib/libtinfo.a
/opt/conda/lib/libquadmath.so
/opt/conda/lib/libncursesw.so.6
/opt/conda/lib/libpcre2-32.so.0
/opt/conda/lib/libstdc++.so
/opt/conda/lib/libncurses++.a
/opt/conda/lib/libgssrpc.so
/opt/conda/lib/libtinfo.so
/opt/conda/lib/libgmock.so
/opt/conda/lib/libzstd.so
/opt/conda/lib/libyaml-cpp.so.0.8
/opt/conda/lib/libmenu.so.6.4
/opt/conda/lib/libyaml-cpp.so
/opt/conda/lib/libreproc++.so.14
/opt/conda/lib/libsqlite3.so.0
/opt/conda/lib/libicuuc.so
/opt/conda/lib/libcom_err.so
/opt/conda/lib/libpcre2-8.so.0
/opt/conda/lib/libkadm5srv_mit.so
/opt/conda/lib/libkrad.so.0
/opt/conda/lib/libkrb5.so
/opt/conda/lib/libmenuw.so
/opt/conda/lib/libssh2.so
/opt/conda/lib/libedit.so
/opt/conda/lib/libicuio.so.73
/opt/conda/lib/libncurses.so.6
/opt/conda/lib/libtinfow.so.6
/opt/conda/lib/libicui18n.so
/opt/conda/lib/libicudata.so.73
/opt/conda/lib/libz.so.1
/opt/conda/lib/libreproc++.so
/opt/conda/lib/libreproc.so.14
/opt/conda/lib/libpanelw.so
/opt/conda/lib/libicutu.so.73
/opt/conda/lib/libgmock_main.so
/opt/conda/lib/libbz2.so.1.0
/opt/conda/lib/libuuid.so.1
/opt/conda/lib/libpcre2-16.so
/opt/conda/lib/liblz4.so.1
/opt/conda/lib/python3.1
/opt/conda/lib/libcrypto.so
/opt/conda/lib/libncurses.so
/opt/conda/lib/libpanelw.so.6
/opt/conda/lib/libcom_err.so.3
/opt/conda/lib/terminfo
/opt/conda/lib/libgssapi_krb5.so
/opt/conda/lib/libicudata.so
/opt/conda/lib/libpanel.so.6
/opt/conda/lib/libexpat.so.1
/opt/conda/lib/libicutest.so
/opt/conda/lib/libgssrpc.so.4
/opt/conda/lib/libform.so.6.4
/opt/conda/lib/liblsan.so
/opt/conda/lib/libsqlite3.so
/opt/conda/lib/libmenu.so
/opt/conda/lib/libncurses.a
/opt/conda/lib/libk5crypto.so
/opt/conda/lib/libuuid.so
/opt/conda/lib/libmenu.so.6
/opt/conda/lib/libkadm5clnt_mit.so
/opt/conda/lib/libev.so
/opt/conda/lib/libform.so.6
/opt/conda/lib/icu/current
/opt/conda/lib/icu/pkgdata.inc
/opt/conda/lib/icu/Makefile.inc
/opt/conda/lib/libhistory.so.8
/opt/conda/lib/libicuuc.so.73
/opt/conda/lib/libkadm5clnt_mit.so.12
/opt/conda/lib/libgtest_main.so
/opt/conda/lib/libreadline.so.8
/opt/conda/lib/libicutest.so.73
/opt/conda/lib/libedit.so.0
/opt/conda/lib/libasan.so
/opt/conda/lib/libffi.so
/opt/conda/lib/libitm.so
/opt/conda/lib/libatomic.so
/opt/conda/lib/libk5crypto.so.3
/opt/conda/lib/libcares.so
/opt/conda/lib/libsolv.so
/opt/conda/lib/libasan.so.6
/opt/conda/lib/libssl.so
/opt/conda/lib/libev.so.4
/opt/conda/lib/liblz4.so
/opt/conda/lib/libmamba.so
/opt/conda/lib/libkadm5srv.so
/opt/conda/lib/libpcre2-32.so
/opt/conda/lib/libatomic.so.1
/opt/conda/lib/libffi.so.8
/opt/conda/lib/libtinfo.so.6.4
/opt/conda/lib/libreproc.so
/opt/conda/lib/liblzma.so.5
/opt/conda/lib/libffi.so.7
/opt/conda/lib/libnghttp2.so
/opt/conda/lib/libcurl.so
/opt/conda/lib/libkdb5.so.10
/opt/conda/lib/libpanel.so.6.4
/opt/conda/lib/libkrb5support.so.0
/opt/conda/lib/libarchive.so
/opt/conda/lib/libubsan.so.1
/opt/conda/lib/libmenu.a
/opt/conda/lib/libpcre2-posix.so.3
/opt/conda/lib/libncursesw.so
/opt/conda/lib/libmenuw.so.6
/opt/conda/lib/libtinfo.so.6
/opt/conda/lib/libcares.so.2
/opt/conda/lib/libzstd.so.1
/opt/conda/lib/libmamba.so.2
/opt/conda/lib/libverto.so.0
/opt/conda/lib/libgomp.so
/opt/conda/lib/libform.a
/opt/conda/lib/libsolvext.so
/opt/conda/lib/libverto.so
/opt/conda/lib/libffi.7.so
/opt/conda/lib/libkdb5.so
/opt/conda/lib/pkgconfig/python3.pc
/opt/conda/lib/pkgconfig/python3-embed.pc
/opt/conda/lib/libcurl.so.4
/opt/conda/lib/libpcre2-16.so.0
/opt/conda/lib/libfmt.so.9
/opt/conda/lib/libkrad.so
/opt/conda/lib/libicui18n.so.73
/opt/conda/lib/liblsan.so.0
/opt/conda/lib/libxml2.so
/opt/conda/lib/libpanel.a
/opt/conda/lib/libformw.so
/opt/conda/lib/libicuio.so
/opt/conda/lib/libffi.8.so
/opt/conda/lib/libexpat.so
/opt/conda/lib/libtsan.so
/opt/conda/lib/libnghttp2.so.14
/opt/conda/lib/libquadmath.so.0
/opt/conda/lib/libtinfow.so
/opt/conda/lib/libpcre2-8.so
/opt/conda/lib/libkrb5support.so
/opt/conda/lib/libicutu.so
/opt/conda/lib/libfmt.so
/opt/conda/lib/libssh2.so.1
/opt/conda/lib/libtsan.so.0
/opt/conda/lib/libpanel.so
/opt/conda/bin/xzfgrep
/opt/conda/bin/lzmore
/opt/conda/bin/unzstd
/opt/conda/bin/pydoc3
/opt/conda/bin/lzcat
/opt/conda/bin/wish
/opt/conda/bin/lzless
/opt/conda/bin/bzless
/opt/conda/bin/bzfgrep
/opt/conda/bin/tclsh
/opt/conda/bin/lzcmp
/opt/conda/bin/python3.1
/opt/conda/bin/2to3
/opt/conda/bin/zstdcat
/opt/conda/bin/lzgrep
/opt/conda/bin/bzcmp
/opt/conda/bin/captoinfo
/opt/conda/bin/python3-config
/opt/conda/bin/lzdiff
/opt/conda/bin/reset
/opt/conda/bin/xzegrep
/opt/conda/bin/unlz4
/opt/conda/bin/lzfgrep
/opt/conda/bin/xzcmp
/opt/conda/bin/zstdmt
/opt/conda/bin/idle3
/opt/conda/bin/lz4c
/opt/conda/bin/pydoc
/opt/conda/bin/lzma
/opt/conda/bin/python3
/opt/conda/bin/unlzma
/opt/conda/bin/python
/opt/conda/bin/lz4cat
/opt/conda/bin/unxz
/opt/conda/bin/lzegrep
/opt/conda/bin/x86_64-conda_cos7-linux-gnu-ld
/opt/conda/bin/xzcat
/opt/conda/bin/bzegrep
/opt/conda/bin/infotocap
/opt/conda/ssl/misc/tsget
/opt/conda/ssl/cert.pem
/opt/conda/x86_64-conda-linux-gnu/bin/ld
/opt/conda/share/terminfo/8/8510
/opt/conda/share/terminfo/3/3b1
/opt/conda/share/terminfo/3/386at
/opt/conda/share/terminfo/b/bh3m
/opt/conda/share/terminfo/b/b-128
/opt/conda/share/terminfo/b/bg3.10
/opt/conda/share/terminfo/b/bct510d
/opt/conda/share/terminfo/b/bct510a
/opt/conda/share/terminfo/b/beehiveIIIm
/opt/conda/share/terminfo/b/bg3.10rv
/opt/conda/share/terminfo/b/bsdos-pc-mono
/opt/conda/share/terminfo/b/bee
/opt/conda/share/terminfo/b/bg3.10nv
/opt/conda/share/terminfo/b/bh4
/opt/conda/share/terminfo/b/basic4
/opt/conda/share/terminfo/b/bg2.0nv
/opt/conda/share/terminfo/2/2621-wl
/opt/conda/share/terminfo/2/2621a
/opt/conda/share/terminfo/2/2621
/opt/conda/share/terminfo/2/2621A
/opt/conda/share/terminfo/u/unixpc
/opt/conda/share/terminfo/u/uniterm49
/opt/conda/share/terminfo/u/ultimaII
/opt/conda/share/terminfo/u/ultima2
/opt/conda/share/terminfo/c/ci8510
/opt/conda/share/terminfo/c/cons25-koi8-r
/opt/conda/share/terminfo/c/c321
/opt/conda/share/terminfo/c/cons50-koi8r-m
/opt/conda/share/terminfo/c/concept108-8p
/opt/conda/share/terminfo/c/c108-w-8p
/opt/conda/share/terminfo/c/cx100
/opt/conda/share/terminfo/c/cons50-iso8859
/opt/conda/share/terminfo/c/c104
/opt/conda/share/terminfo/c/citc
/opt/conda/share/terminfo/c/concept-avt
/opt/conda/share/terminfo/c/cit-80
/opt/conda/share/terminfo/c/cons60-koi8r
/opt/conda/share/terminfo/c/cons60-iso
/opt/conda/share/terminfo/c/cons25-koi8r-m
/opt/conda/share/terminfo/c/cons50-koi8r
/opt/conda/share/terminfo/c/concept
/opt/conda/share/terminfo/c/crt-vt220
/opt/conda/share/terminfo/c/concept100
/opt/conda/share/terminfo/c/concept108-4p
/opt/conda/share/terminfo/c/cons25-iso-m
/opt/conda/share/terminfo/c/c100-1p
/opt/conda/share/terminfo/c/c100-rv-4p
/opt/conda/share/terminfo/c/colorscan
/opt/conda/share/terminfo/c/concept108
/opt/conda/share/terminfo/c/citoh-ps
/opt/conda/share/terminfo/c/cx
/opt/conda/share/terminfo/c/cons60-koi8r-m
/opt/conda/share/terminfo/c/coherent
/opt/conda/share/terminfo/c/cgc3
/opt/conda/share/terminfo/c/cgc2
/opt/conda/share/terminfo/c/concept108-w-8
/opt/conda/share/terminfo/c/contel320
/opt/conda/share/terminfo/c/cons50-iso-m
/opt/conda/share/terminfo/c/cons25-iso8859
/opt/conda/share/terminfo/c/cci1
/opt/conda/share/terminfo/c/cops
/opt/conda/share/terminfo/c/cops-10
/opt/conda/share/terminfo/c/c108-8p
/opt/conda/share/terminfo/c/c108-rv-8p
/opt/conda/share/terminfo/c/concept108-w8p
/opt/conda/share/terminfo/c/concept108rv4p
/opt/conda/share/terminfo/c/chromatics
/opt/conda/share/terminfo/c/concept100-rv
/opt/conda/share/terminfo/c/contel321
/opt/conda/share/terminfo/c/c300
/opt/conda/share/terminfo/c/cons60-iso-m
/opt/conda/share/terminfo/c/c100-4p
/opt/conda/share/terminfo/c/c301
/opt/conda/share/terminfo/c/ct82
/opt/conda/share/terminfo/n/nsterm-acs-c-s
/opt/conda/share/terminfo/n/ncrvt100wpp
/opt/conda/share/terminfo/n/newscbm-a
/opt/conda/share/terminfo/n/nwp-517-w
/opt/conda/share/terminfo/n/nsterm-acs-c
/opt/conda/share/terminfo/n/ncr7900
/opt/conda/share/terminfo/n/nsterm-c-7
/opt/conda/share/terminfo/n/nec
/opt/conda/share/terminfo/n/nwp514
/opt/conda/share/terminfo/n/nwe501
/opt/conda/share/terminfo/n/n7900
/opt/conda/share/terminfo/n/nd9500
/opt/conda/share/terminfo/n/nsterm-7-m-s
/opt/conda/share/terminfo/n/ntconsole-35
/opt/conda/share/terminfo/n/ntconsole-w
/opt/conda/share/terminfo/n/news31-a
/opt/conda/share/terminfo/n/ntconsole-50-w
/opt/conda/share/terminfo/n/news
/opt/conda/share/terminfo/n/nwp518-a
/opt/conda/share/terminfo/n/ncrvt100pp
/opt/conda/share/terminfo/n/news40-o
/opt/conda/share/terminfo/n/ntconsole-25-w-vt
/opt/conda/share/terminfo/n/newscbm33
/opt/conda/share/terminfo/n/nxterm
/opt/conda/share/terminfo/n/ntconsole-60-w
/opt/conda/share/terminfo/n/nsterm-7-s
/opt/conda/share/terminfo/n/ntconsole-25
/opt/conda/share/terminfo/n/nsterm-acs-m-s
/opt/conda/share/terminfo/n/nwp514-o
/opt/conda/share/terminfo/n/nsterm-acs-m
/opt/conda/share/terminfo/n/newscbm
/opt/conda/share/terminfo/n/nsterm-256color
/opt/conda/share/terminfo/n/news40
/opt/conda/share/terminfo/n/nsterm-7-c-s
/opt/conda/share/terminfo/n/news33
/opt/conda/share/terminfo/n/nsterm-7-m
/opt/conda/share/terminfo/n/nwp-517
/opt/conda/share/terminfo/n/nwp514-a
/opt/conda/share/terminfo/n/nwe501-o
/opt/conda/share/terminfo/n/ntconsole-60
/opt/conda/share/terminfo/n/news31-o
/opt/conda/share/terminfo/n/nwe501-a
/opt/conda/share/terminfo/n/ntconsole-35-w
/opt/conda/share/terminfo/n/nwp518
/opt/conda/share/terminfo/n/nwp512-o
/opt/conda/share/terminfo/n/ntconsole-35-nti
/opt/conda/share/terminfo/n/nsterm-acs-s
/opt/conda/share/terminfo/n/nwp-511
/opt/conda/share/terminfo/n/ntconsole-100-nti
/opt/conda/share/terminfo/n/news42
/opt/conda/share/terminfo/n/ntconsole-25-w
/opt/conda/share/terminfo/n/news31
/opt/conda/share/terminfo/n/news40-a
/opt/conda/share/terminfo/n/nwp513-o
/opt/conda/share/terminfo/n/nansisysk
/opt/conda/share/terminfo/n/ntconsole-50
/opt/conda/share/terminfo/n/ncsa-vt220-8
/opt/conda/share/terminfo/n/ntconsole-60-nti
/opt/conda/share/terminfo/n/ntconsole-100
/opt/conda/share/terminfo/n/ntconsole-25-nti
/opt/conda/share/terminfo/n/newscbm-o
/opt/conda/share/terminfo/n/news-a
/opt/conda/share/terminfo/n/news-o
/opt/conda/share/terminfo/n/nwp251-o
/opt/conda/share/terminfo/n/ntconsole-50-nti
/opt/conda/share/terminfo/n/ntconsole-w-vt
/opt/conda/share/terminfo/n/ntconsole
/opt/conda/share/terminfo/n/news28-a
/opt/conda/share/terminfo/n/nwp251-a
/opt/conda/share/terminfo/n/nansisys
/opt/conda/share/terminfo/n/nwp518-o
/opt/conda/share/terminfo/e/excel64
/opt/conda/share/terminfo/e/ep4000
/opt/conda/share/terminfo/e/excel64-w
/opt/conda/share/terminfo/e/exec80
/opt/conda/share/terminfo/e/excel64-rv
/opt/conda/share/terminfo/e/emots
/opt/conda/share/terminfo/e/ep4080
/opt/conda/share/terminfo/e/envision230
/opt/conda/share/terminfo/7/730MTG-24
/opt/conda/share/terminfo/7/730MTG-41r
/opt/conda/share/terminfo/7/730MTG-41
/opt/conda/share/terminfo/7/730MTGr-24
/opt/conda/share/terminfo/7/730MTGr
/opt/conda/share/terminfo/d/dwk-vt
/opt/conda/share/terminfo/d/d217-dg
/opt/conda/share/terminfo/d/darwin-80x25
/opt/conda/share/terminfo/d/darwin-200x75
/opt/conda/share/terminfo/d/dec-vt330
/opt/conda/share/terminfo/d/darwin-200x75-m
/opt/conda/share/terminfo/d/darwin-128x40-m
/opt/conda/share/terminfo/d/ds40-2
/opt/conda/share/terminfo/d/d461
/opt/conda/share/terminfo/d/d412+
/opt/conda/share/terminfo/d/d464-unix
/opt/conda/share/terminfo/d/d430-dg
/opt/conda/share/terminfo/d/d430-unix-s
/opt/conda/share/terminfo/d/d80
/opt/conda/share/terminfo/d/d462-unix-sr
/opt/conda/share/terminfo/d/d230-dg
/opt/conda/share/terminfo/d/d464-unix-sr
/opt/conda/share/terminfo/d/d462+sr
/opt/conda/share/terminfo/d/dku7102-sna
/opt/conda/share/terminfo/d/d430-unix-w
/opt/conda/share/terminfo/d/d400-dg
/opt/conda/share/terminfo/d/datamedia2500
/opt/conda/share/terminfo/d/darwin-100x37-m
/opt/conda/share/terminfo/d/diablo
/opt/conda/share/terminfo/d/darwin-m-f
/opt/conda/share/terminfo/d/d463-dg
/opt/conda/share/terminfo/d/d215
/opt/conda/share/terminfo/d/dialogue
/opt/conda/share/terminfo/d/d430-dg-ccc
/opt/conda/share/terminfo/d/d430-unix-w-ccc
/opt/conda/share/terminfo/d/d460-w
/opt/conda/share/terminfo/d/dt-100
/opt/conda/share/terminfo/d/darwin-80x30
/opt/conda/share/terminfo/d/d216+25
/opt/conda/share/terminfo/d/darwin-90x30
/opt/conda/share/terminfo/d/d216e-unix
/opt/conda/share/terminfo/d/darwin-80x25-m
/opt/conda/share/terminfo/d/d460
/opt/conda/share/terminfo/d/datagraphix
/opt/conda/share/terminfo/d/d450-dg
/opt/conda/share/terminfo/d/decwriter
/opt/conda/share/terminfo/d/d216+
/opt/conda/share/terminfo/d/d430-unix-25
/opt/conda/share/terminfo/d/d430-unix-25-ccc
/opt/conda/share/terminfo/d/dku7103-sna
/opt/conda/share/terminfo/d/diablo630
/opt/conda/share/terminfo/d/d411-7b
/opt/conda/share/terminfo/d/d412+w
/opt/conda/share/terminfo/d/dg6134
/opt/conda/share/terminfo/d/ds40
/opt/conda/share/terminfo/d/diablo1740
/opt/conda/share/terminfo/d/d215-dg
/opt/conda/share/terminfo/d/d200-dg
/opt/conda/share/terminfo/d/decpro
/opt/conda/share/terminfo/d/darwin-128x48-m
/opt/conda/share/terminfo/d/dt-100w
/opt/conda/share/terminfo/d/d430-unix-sr-ccc
/opt/conda/share/terminfo/d/datapoint
/opt/conda/share/terminfo/d/d411-w
/opt/conda/share/terminfo/d/d462+dg
/opt/conda/share/terminfo/d/d411-7b-w
/opt/conda/share/terminfo/d/darwin-m-f2
/opt/conda/share/terminfo/d/d463-unix
/opt/conda/share/terminfo/d/dku7102
/opt/conda/share/terminfo/d/darwin-m-b
/opt/conda/share/terminfo/d/darwin-144x48-m
/opt/conda/share/terminfo/d/darwin-256x96
/opt/conda/share/terminfo/d/darwin-90x30-m
/opt/conda/share/terminfo/d/darwin-128x48
/opt/conda/share/terminfo/d/darwin-b
/opt/conda/share/terminfo/d/dmd-24
/opt/conda/share/terminfo/d/dd5000
/opt/conda/share/terminfo/d/d462e-dg
/opt/conda/share/terminfo/d/diablo450
/opt/conda/share/terminfo/d/d464-unix-25
/opt/conda/share/terminfo/d/d412+dg
/opt/conda/share/terminfo/d/dmdt80
/opt/conda/share/terminfo/d/dec-vt400
/opt/conda/share/terminfo/d/d215-7b
/opt/conda/share/terminfo/d/d450
/opt/conda/share/terminfo/d/d462+w
/opt/conda/share/terminfo/d/dg605x
/opt/conda/share/terminfo/d/d412+s
/opt/conda/share/terminfo/d/d413-dg
/opt/conda/share/terminfo/d/dmdt80w
/opt/conda/share/terminfo/d/d470-dg
/opt/conda/share/terminfo/d/d460-dg
/opt/conda/share/terminfo/d/d214-dg
/opt/conda/share/terminfo/d/d470-7b
/opt/conda/share/terminfo/d/d430-unix-ccc
/opt/conda/share/terminfo/d/d411
/opt/conda/share/terminfo/d/dmd
/opt/conda/share/terminfo/d/d461-7b-w
/opt/conda/share/terminfo/d/darwin-128x40
/opt/conda/share/terminfo/d/darwin-160x64
/opt/conda/share/terminfo/d/darwin-100x37
/opt/conda/share/terminfo/d/d462-dg
/opt/conda/share/terminfo/d/d460-7b
/opt/conda/share/terminfo/d/d411-dg
/opt/conda/share/terminfo/d/d216e-dg
/opt/conda/share/terminfo/d/ddr3180
/opt/conda/share/terminfo/d/d430-unix-sr
/opt/conda/share/terminfo/d/d463-unix-w
/opt/conda/share/terminfo/d/darwin-m
/opt/conda/share/terminfo/d/diablo1720
/opt/conda/share/terminfo/d/dt80w
/opt/conda/share/terminfo/d/diablo1640-m8
/opt/conda/share/terminfo/d/darwin-200x64-m
/opt/conda/share/terminfo/d/d412+25
/opt/conda/share/terminfo/d/d462+25
/opt/conda/share/terminfo/d/d462-unix-s
/opt/conda/share/terminfo/d/d464-unix-s
/opt/conda/share/terminfo/d/d462+s
/opt/conda/share/terminfo/d/d216+dg
/opt/conda/share/terminfo/d/darwin-f2
/opt/conda/share/terminfo/d/d463-unix-s
/opt/conda/share/terminfo/d/dg-ansi
/opt/conda/share/terminfo/d/diablo1730
/opt/conda/share/terminfo/d/d462-unix-w
/opt/conda/share/terminfo/d/d216e+
/opt/conda/share/terminfo/d/darwin-80x30-m
/opt/conda/share/terminfo/d/d461-w
/opt/conda/share/terminfo/d/dataspeed40
/opt/conda/share/terminfo/d/d460-7b-w
/opt/conda/share/terminfo/d/dmd1
/opt/conda/share/terminfo/d/darwin-144x48
/opt/conda/share/terminfo/d/darwin-256x96-m
/opt/conda/share/terminfo/d/d430-unix-s-ccc
/opt/conda/share/terminfo/d/d2-dg
/opt/conda/share/terminfo/d/d463-unix-sr
/opt/conda/share/terminfo/d/dw
/opt/conda/share/terminfo/d/d214
/opt/conda/share/terminfo/d/d462-unix-25
/opt/conda/share/terminfo/d/d578-dg
/opt/conda/share/terminfo/d/darwin
/opt/conda/share/terminfo/d/d412+sr
/opt/conda/share/terminfo/d/d430-unix
/opt/conda/share/terminfo/d/diablo-lm
/opt/conda/share/terminfo/d/dmd-34
/opt/conda/share/terminfo/d/darwin-112x37-m
/opt/conda/share/terminfo/d/d470
/opt/conda/share/terminfo/d/dg100
/opt/conda/share/terminfo/d/d464-unix-w
/opt/conda/share/terminfo/d/darwin-200x64
/opt/conda/share/terminfo/d/d462+
/opt/conda/share/terminfo/d/d462-unix
/opt/conda/share/terminfo/d/d463-unix-25
/opt/conda/share/terminfo/d/d230
/opt/conda/share/terminfo/d/darwin-112x37
/opt/conda/share/terminfo/d/dt80
/opt/conda/share/terminfo/d/dm1521
/opt/conda/share/terminfo/d/darwin-160x64-m
/opt/conda/share/terminfo/d/d2
/opt/conda/share/terminfo/d/dialogue80
/opt/conda/share/terminfo/d/darwin-f
/opt/conda/share/terminfo/d/d461-7b
/opt/conda/share/terminfo/d/d461-dg
/opt/conda/share/terminfo/d/dec-vt340
/opt/conda/share/terminfo/d/d216e+dg
/opt/conda/share/terminfo/x/x1750
/opt/conda/share/terminfo/x/xterms
/opt/conda/share/terminfo/x/xterm.js
/opt/conda/share/terminfo/x/xdku
/opt/conda/share/terminfo/x/xwsh
/opt/conda/share/terminfo/x/xerox-lm
/opt/conda/share/terminfo/x/xenix
/opt/conda/share/terminfo/x/xerox
/opt/conda/share/terminfo/x/x820
/opt/conda/share/terminfo/x/x1700-lm
/opt/conda/share/terminfo/x/x1700
/opt/conda/share/terminfo/x/x1720
/opt/conda/share/terminfo/x/x68k-ite
/opt/conda/share/terminfo/x/xl83
/opt/conda/share/terminfo/6/605x
/opt/conda/share/terminfo/6/630MTG-24
/opt/conda/share/terminfo/6/6053-dg
/opt/conda/share/terminfo/6/605x-dg
/opt/conda/share/terminfo/6/6053
/opt/conda/share/terminfo/6/630-lm
/opt/conda/share/terminfo/9/955-w
/opt/conda/share/terminfo/9/955-hb
/opt/conda/share/terminfo/5/5620
/opt/conda/share/terminfo/5/5630DMD-24
/opt/conda/share/terminfo/5/5630-24
/opt/conda/share/terminfo/5/5051
/opt/conda/share/terminfo/5/5410-w
/opt/conda/share/terminfo/f/freedom110
/opt/conda/share/terminfo/f/f1720a
/opt/conda/share/terminfo/f/fenix
/opt/conda/share/terminfo/f/freedom
/opt/conda/share/terminfo/f/fortune
/opt/conda/share/terminfo/f/freedom-rv
/opt/conda/share/terminfo/f/freedom200
/opt/conda/share/terminfo/f/fixterm
/opt/conda/share/terminfo/f/freedom100
/opt/conda/share/terminfo/f/fenixw
/opt/conda/share/terminfo/X/X-hpterm
/opt/conda/share/terminfo/X/X-hpterm-color2
/opt/conda/share/terminfo/w/wyse60-vb
/opt/conda/share/terminfo/w/wyse85-wvb
/opt/conda/share/terminfo/w/wyse520-36wpc
/opt/conda/share/terminfo/w/wyse520-48wpc
/opt/conda/share/terminfo/w/wy160-wvb
/opt/conda/share/terminfo/w/wyse325-wvb
/opt/conda/share/terminfo/w/wyse150-w
/opt/conda/share/terminfo/w/wyse520-48
/opt/conda/share/terminfo/w/wyse325-w
/opt/conda/share/terminfo/w/wy60-316X
/opt/conda/share/terminfo/w/wyse520-epc
/opt/conda/share/terminfo/w/wyse99gt-25-w
/opt/conda/share/terminfo/w/wyse160-vb
/opt/conda/share/terminfo/w/wy-75ap
/opt/conda/share/terminfo/w/wyse185-vb
/opt/conda/share/terminfo/w/wyse160-42
/opt/conda/share/terminfo/w/wyse520-24
/opt/conda/share/terminfo/w/wyse60-42
/opt/conda/share/terminfo/w/wyse30
/opt/conda/share/terminfo/w/wy-99fgt
/opt/conda/share/terminfo/w/wyse325
/opt/conda/share/terminfo/w/wy150-w-vb
/opt/conda/share/terminfo/w/wy325w-24
/opt/conda/share/terminfo/w/wyse150
/opt/conda/share/terminfo/w/wy-99fgta
/opt/conda/share/terminfo/w/wyse75-vb
/opt/conda/share/terminfo/w/wyse520-p-wvb
/opt/conda/share/terminfo/w/wyse520-36
/opt/conda/share/terminfo/w/wyse150-vb
/opt/conda/share/terminfo/w/wyse99gt
/opt/conda/share/terminfo/w/wy60-PC
/opt/conda/share/terminfo/w/wyse120-vb
/opt/conda/share/terminfo/w/wyse120-w
/opt/conda/share/terminfo/w/wyse520-pc-24
/opt/conda/share/terminfo/w/wy150-25
/opt/conda/share/terminfo/w/wyse50-vb
/opt/conda/share/terminfo/w/wy150
/opt/conda/share/terminfo/w/wyse370
/opt/conda/share/terminfo/w/wyse99gt-25
/opt/conda/share/terminfo/w/wyse60-25
/opt/conda/share/terminfo/w/wyse85-8bit
/opt/conda/share/terminfo/w/wy325-43wvb
/opt/conda/share/terminfo/w/wyse120-25
/opt/conda/share/terminfo/w/wyse350-vb
/opt/conda/share/terminfo/w/wyse160-43-w
/opt/conda/share/terminfo/w/wyse325-43w
/opt/conda/share/terminfo/w/wyse160
/opt/conda/share/terminfo/w/wyse60
/opt/conda/share/terminfo/w/wyse60-42-w
/opt/conda/share/terminfo/w/wyse520-wvb
/opt/conda/share/terminfo/w/wyse85
/opt/conda/share/terminfo/w/wyse350-wvb
/opt/conda/share/terminfo/w/wyse520-epc-w
/opt/conda/share/terminfo/w/wyse60-PC
/opt/conda/share/terminfo/w/wyse325-43
/opt/conda/share/terminfo/w/wrenw
/opt/conda/share/terminfo/w/wyse-325
/opt/conda/share/terminfo/w/wyse50-wvb
/opt/conda/share/terminfo/w/wyse60-w
/opt/conda/share/terminfo/w/wyse160-25-w
/opt/conda/share/terminfo/w/wyse50-w
/opt/conda/share/terminfo/w/wyse520-36w
/opt/conda/share/terminfo/w/wyse120
/opt/conda/share/terminfo/w/wyse160-wvb
/opt/conda/share/terminfo/w/wyse75-mc
/opt/conda/share/terminfo/w/wyse520-pc-vb
/opt/conda/share/terminfo/w/wy325-wvb
/opt/conda/share/terminfo/w/wy60-AT
/opt/conda/share/terminfo/w/wyse75-wvb
/opt/conda/share/terminfo/w/wy120-wvb
/opt/conda/share/terminfo/w/wyse520-vb
/opt/conda/share/terminfo/w/wren
/opt/conda/share/terminfo/w/wyse520-48pc
/opt/conda/share/terminfo/w/wy60-wvb
/opt/conda/share/terminfo/w/wyse150-25
/opt/conda/share/terminfo/w/wyse150-w-vb
/opt/conda/share/terminfo/w/wyse30-mc
/opt/conda/share/terminfo/w/wy325-80
/opt/conda/share/terminfo/w/wy325-42wvb
/opt/conda/share/terminfo/w/wyse150-25-w
/opt/conda/share/terminfo/w/wy370-101k
/opt/conda/share/terminfo/w/wyse75
/opt/conda/share/terminfo/w/wyse85-w
/opt/conda/share/terminfo/w/wy99fgt
/opt/conda/share/terminfo/w/wyse325-42w
/opt/conda/share/terminfo/w/wyse185-24
/opt/conda/share/terminfo/w/wyse520-36pc
/opt/conda/share/terminfo/w/wyse325-25
/opt/conda/share/terminfo/w/wyse75-w
/opt/conda/share/terminfo/w/wyse160-42-w
/opt/conda/share/terminfo/w/wyse185-wvb
/opt/conda/share/terminfo/w/wyse50-mc
/opt/conda/share/terminfo/w/wyse30-vb
/opt/conda/share/terminfo/w/wyse60-25-w
/opt/conda/share/terminfo/w/wy150-vb
/opt/conda/share/terminfo/w/wyse120-25-w
/opt/conda/share/terminfo/w/wyse-75ap
/opt/conda/share/terminfo/w/wyse160-w
/opt/conda/share/terminfo/w/wyse99gt-wvb
/opt/conda/share/terminfo/w/wyse99gt-w
/opt/conda/share/terminfo/w/wyse60-316X
/opt/conda/share/terminfo/w/wyse120-wvb
/opt/conda/share/terminfo/w/wyse185-w
/opt/conda/share/terminfo/w/wyse60-43
/opt/conda/share/terminfo/w/wyse75ap
/opt/conda/share/terminfo/w/wyse520
/opt/conda/share/terminfo/w/wy99gt-wvb
/opt/conda/share/terminfo/w/wyse325-42
/opt/conda/share/terminfo/w/wyse60-43-w
/opt/conda/share/terminfo/w/wyse160-43
/opt/conda/share/terminfo/w/wyse520-w
/opt/conda/share/terminfo/w/wy150-w
/opt/conda/share/terminfo/w/wyse325-vb
/opt/conda/share/terminfo/w/wyse325-25w
/opt/conda/share/terminfo/w/wyse60-AT
/opt/conda/share/terminfo/w/wyse60-wvb
/opt/conda/share/terminfo/w/wyse520-48w
/opt/conda/share/terminfo/w/wy150-25-w
/opt/conda/share/terminfo/w/wyse160-25
/opt/conda/share/terminfo/w/wyse350-w
/opt/conda/share/terminfo/w/wyse50
/opt/conda/share/terminfo/w/wyse99gt-vb
/opt/conda/share/terminfo/w/wyse185
/opt/conda/share/terminfo/w/wyse350
/opt/conda/share/terminfo/w/wyse85-vb
/opt/conda/share/terminfo/w/wy99fgta
/opt/conda/share/terminfo/k/kds7372
/opt/conda/share/terminfo/k/kds6402
/opt/conda/share/terminfo/k/k45
/opt/conda/share/terminfo/k/kterm-co
/opt/conda/share/terminfo/k/kds7372-w
/opt/conda/share/terminfo/k/kon2
/opt/conda/share/terminfo/k/ktm
/opt/conda/share/terminfo/k/kaypro2
/opt/conda/share/terminfo/l/lft-pc850
/opt/conda/share/terminfo/l/layer
/opt/conda/share/terminfo/l/luna68k
/opt/conda/share/terminfo/l/la120
/opt/conda/share/terminfo/N/NCRVT100WPP
/opt/conda/share/terminfo/N/NCR260VT300WPP
/opt/conda/share/terminfo/p/p4
/opt/conda/share/terminfo/p/pcansi25
/opt/conda/share/terminfo/p/pmconsole
/opt/conda/share/terminfo/p/printer
/opt/conda/share/terminfo/p/psx_ansi
/opt/conda/share/terminfo/p/pcansi33
/opt/conda/share/terminfo/p/pe6300
/opt/conda/share/terminfo/p/pe6312
/opt/conda/share/terminfo/p/pe1100
/opt/conda/share/terminfo/p/pt505-22
/opt/conda/share/terminfo/p/psterm-basic
/opt/conda/share/terminfo/p/pe1200
/opt/conda/share/terminfo/p/pt200w
/opt/conda/share/terminfo/p/p9-8
/opt/conda/share/terminfo/p/p12-m-w
/opt/conda/share/terminfo/p/pt505-24
/opt/conda/share/terminfo/p/p8
/opt/conda/share/terminfo/p/pcz19
/opt/conda/share/terminfo/p/pc3-bold
/opt/conda/share/terminfo/p/pe6100
/opt/conda/share/terminfo/p/p9-8-w
/opt/conda/share/terminfo/p/p12-w
/opt/conda/share/terminfo/p/p9-w
/opt/conda/share/terminfo/p/pcansi25m
/opt/conda/share/terminfo/p/p14-w
/opt/conda/share/terminfo/p/pe550
/opt/conda/share/terminfo/p/p5
/opt/conda/share/terminfo/p/pcansi43
/opt/conda/share/terminfo/p/pcconsole
/opt/conda/share/terminfo/p/p14-m-w
/opt/conda/share/terminfo/p/pckermit12
/opt/conda/share/terminfo/p/pcansi33m
/opt/conda/share/terminfo/p/pcansi-mono
/opt/conda/share/terminfo/p/p12-m
/opt/conda/share/terminfo/p/p9
/opt/conda/share/terminfo/p/p14
/opt/conda/share/terminfo/p/p8-w
/opt/conda/share/terminfo/p/prism8gl
/opt/conda/share/terminfo/p/p14-m
/opt/conda/share/terminfo/p/p12
/opt/conda/share/terminfo/p/pc7300
/opt/conda/share/terminfo/p/pc3r-m
/opt/conda/share/terminfo/p/pt505
/opt/conda/share/terminfo/p/pc3r
/opt/conda/share/terminfo/p/pt200
/opt/conda/share/terminfo/p/p7
/opt/conda/share/terminfo/i/ibmpc3r
/opt/conda/share/terminfo/i/ibm8513
/opt/conda/share/terminfo/i/icl6402
/opt/conda/share/terminfo/i/iris40
/opt/conda/share/terminfo/i/iterm2
/opt/conda/share/terminfo/i/intertec
/opt/conda/share/terminfo/i/ibm8604
/opt/conda/share/terminfo/i/ibm6154-c
/opt/conda/share/terminfo/i/iterm
/opt/conda/share/terminfo/i/ibm5051
/opt/conda/share/terminfo/i/ips
/opt/conda/share/terminfo/i/iris-ansi-net
/opt/conda/share/terminfo/i/ibmpc3r-mono
/opt/conda/share/terminfo/i/ibmapa16
/opt/conda/share/terminfo/i/ibm5154-c
/opt/conda/share/terminfo/i/ibm8507
/opt/conda/share/terminfo/i/ibmx
/opt/conda/share/terminfo/i/iq140
/opt/conda/share/terminfo/i/ibm3163
/opt/conda/share/terminfo/i/ipsi
/opt/conda/share/terminfo/i/ibmapa8
/opt/conda/share/terminfo/i/i3164
/opt/conda/share/terminfo/i/ibmmpel-c
/opt/conda/share/terminfo/i/intextii
/opt/conda/share/terminfo/i/i3101
/opt/conda/share/terminfo/i/iq120
/opt/conda/share/terminfo/Q/Q310-vip-w
/opt/conda/share/terminfo/Q/Q310-vip-Hw
/opt/conda/share/terminfo/Q/Q306-8-pc
/opt/conda/share/terminfo/Q/Q310-vip-H
/opt/conda/share/terminfo/Q/Q310-vip-H-am
/opt/conda/share/terminfo/Q/Q310-vip-w-am
/opt/conda/share/terminfo/v/vt200-8bit
/opt/conda/share/terminfo/v/vt300-w-nam
/opt/conda/share/terminfo/v/vt300
/opt/conda/share/terminfo/v/vs100
/opt/conda/share/terminfo/v/vip7800-Hw
/opt/conda/share/terminfo/v/vt100-w-nav
/opt/conda/share/terminfo/v/v200-nam
/opt/conda/share/terminfo/v/vt-61
/opt/conda/share/terminfo/v/vt300-w
/opt/conda/share/terminfo/v/vt220-js
/opt/conda/share/terminfo/v/vt200-old
/opt/conda/share/terminfo/v/vitty
/opt/conda/share/terminfo/v/vapple
/opt/conda/share/terminfo/v/vc414h
/opt/conda/share/terminfo/v/vt100-nam
/opt/conda/share/terminfo/v/vt200-w
/opt/conda/share/terminfo/v/vk100
/opt/conda/share/terminfo/v/vip7800-H
/opt/conda/share/terminfo/v/vt330
/opt/conda/share/terminfo/v/v320n
/opt/conda/share/terminfo/v/viewpoint3a+
/opt/conda/share/terminfo/v/vt200-8
/opt/conda/share/terminfo/v/viewpoint60
/opt/conda/share/terminfo/v/vt100-bot-s
/opt/conda/share/terminfo/v/vt100-s-top
/opt/conda/share/terminfo/v/vt200
/opt/conda/share/terminfo/v/vt300-nam
/opt/conda/share/terminfo/v/vc403a
/opt/conda/share/terminfo/v/vt100-nam-w
/opt/conda/share/terminfo/v/viewpoint90
/opt/conda/share/terminfo/v/visual603
/opt/conda/share/terminfo/v/vip7800-w
/opt/conda/share/terminfo/v/vv100
/opt/conda/share/terminfo/v/vt100-am
/opt/conda/share/terminfo/v/vs100-x10
/opt/conda/share/terminfo/v/vt-utf8
/opt/conda/share/terminfo/v/vt100-bm
/opt/conda/share/terminfo/v/vt100-top-s
/opt/conda/share/terminfo/v/vtnt
/opt/conda/share/terminfo/v/vt100-bm-o
/opt/conda/share/terminfo/v/vt220-8
/opt/conda/share/terminfo/v/vt100-w-am
/opt/conda/share/terminfo/v/vt100+
/opt/conda/share/terminfo/v/vt400-24
/opt/conda/share/terminfo/v/vc203
/opt/conda/share/terminfo/v/venix
/opt/conda/share/terminfo/v/vt61.5
/opt/conda/share/terminfo/v/vc103
/opt/conda/share/terminfo/E/Eterm-color
/opt/conda/share/terminfo/A/Apple_Terminal
/opt/conda/share/terminfo/r/regent200
/opt/conda/share/terminfo/r/rxvt-color
/opt/conda/share/terminfo/r/rebus3180
/opt/conda/share/terminfo/q/qume
/opt/conda/share/terminfo/q/qvt119p-25-w
/opt/conda/share/terminfo/q/qnx4
/opt/conda/share/terminfo/q/qvt108
/opt/conda/share/terminfo/q/qvt203-w-am
/opt/conda/share/terminfo/q/qvt101p
/opt/conda/share/terminfo/q/qvt119
/opt/conda/share/terminfo/q/qdcons
/opt/conda/share/terminfo/q/qvt119p-w
/opt/conda/share/terminfo/q/qvt203+
/opt/conda/share/terminfo/q/qvt119p
/opt/conda/share/terminfo/q/qnxt4
/opt/conda/share/terminfo/q/qvt119p-25
/opt/conda/share/terminfo/q/qvt119-25-w
/opt/conda/share/terminfo/q/qvt119-w
/opt/conda/share/terminfo/o/oldibmpc3
/opt/conda/share/terminfo/o/opennt
/opt/conda/share/terminfo/o/otek4113
/opt/conda/share/terminfo/o/oconcept
/opt/conda/share/terminfo/o/opennt-nti
/opt/conda/share/terminfo/o/ojerq
/opt/conda/share/terminfo/o/otek4114
/opt/conda/share/terminfo/o/oabm85h
/opt/conda/share/terminfo/o/old-st
/opt/conda/share/terminfo/o/opennt-25
/opt/conda/share/terminfo/o/o85h
/opt/conda/share/terminfo/o/o31
/opt/conda/share/terminfo/o/origibmpc3
/opt/conda/share/terminfo/o/osborne1-w
/opt/conda/share/terminfo/o/opennt-25-nti
/opt/conda/share/terminfo/o/osborne1
/opt/conda/share/terminfo/o/opennt-25-w-vt
/opt/conda/share/terminfo/o/o4112-nd
/opt/conda/share/terminfo/o/os9LII
/opt/conda/share/terminfo/o/opennt-25-w
/opt/conda/share/terminfo/a/altoheath
/opt/conda/share/terminfo/a/att5410
/opt/conda/share/terminfo/a/att5420-w
/opt/conda/share/terminfo/a/att5420-rv
/opt/conda/share/terminfo/a/apl
/opt/conda/share/terminfo/a/ansis
/opt/conda/share/terminfo/a/att4410v1
/opt/conda/share/terminfo/a/ansi80x60
/opt/conda/share/terminfo/a/atari-m
/opt/conda/share/terminfo/a/att4425-w
/opt/conda/share/terminfo/a/amp219
/opt/conda/share/terminfo/a/att5420+nl
/opt/conda/share/terminfo/a/att5410v1-w
/opt/conda/share/terminfo/a/avt-w-rv-s
/opt/conda/share/terminfo/a/addsviewpoint
/opt/conda/share/terminfo/a/att5418-w
/opt/conda/share/terminfo/a/aaa-rv-ctxt
/opt/conda/share/terminfo/a/ansi-mono
/opt/conda/share/terminfo/a/ansisysk
/opt/conda/share/terminfo/a/ansiw
/opt/conda/share/terminfo/a/appleIIe
/opt/conda/share/terminfo/a/altos-2
/opt/conda/share/terminfo/a/att4425
/opt/conda/share/terminfo/a/alt7
/opt/conda/share/terminfo/a/ansi80x50-mono
/opt/conda/share/terminfo/a/aj
/opt/conda/share/terminfo/a/alt3
/opt/conda/share/terminfo/a/ansiterm
/opt/conda/share/terminfo/a/a80
/opt/conda/share/terminfo/a/avt-w-s
/opt/conda/share/terminfo/a/ampex-219
/opt/conda/share/terminfo/a/appleIIc
/opt/conda/share/terminfo/a/aj832
/opt/conda/share/terminfo/a/at-m
/opt/conda/share/terminfo/a/ansi43m
/opt/conda/share/terminfo/a/aaa-s
/opt/conda/share/terminfo/a/ansis-mono
/opt/conda/share/terminfo/a/a980
/opt/conda/share/terminfo/a/ansi80x43-mono
/opt/conda/share/terminfo/a/altos5
/opt/conda/share/terminfo/a/aaa-rv
/opt/conda/share/terminfo/a/ansi80x25-raw
/opt/conda/share/terminfo/a/atari_st-color
/opt/conda/share/terminfo/a/ansi80x60-mono
/opt/conda/share/terminfo/a/ampex-232
/opt/conda/share/terminfo/a/ansi80x50
/opt/conda/share/terminfo/a/aaa-ctxt
/opt/conda/share/terminfo/a/altos-5
/opt/conda/share/terminfo/a/ambassador
/opt/conda/share/terminfo/a/avt-s
/opt/conda/share/terminfo/a/att5320
/opt/conda/share/terminfo/a/att4425-nl
/opt/conda/share/terminfo/a/alt4
/opt/conda/share/terminfo/a/atarist-m
/opt/conda/share/terminfo/a/ansi80x25
/opt/conda/share/terminfo/a/ansil
/opt/conda/share/terminfo/a/at386
/opt/conda/share/terminfo/a/aaa-30
/opt/conda/share/terminfo/a/ampex-219w
/opt/conda/share/terminfo/a/addsvp60
/opt/conda/share/terminfo/a/att4410-w
/opt/conda/share/terminfo/a/altos-3
/opt/conda/share/terminfo/a/att5420-w-nl
/opt/conda/share/terminfo/a/at
/opt/conda/share/terminfo/a/att5418
/opt/conda/share/terminfo/a/alt2
/opt/conda/share/terminfo/a/att5430
/opt/conda/share/terminfo/a/aa4080
/opt/conda/share/terminfo/a/altos-4
/opt/conda/share/terminfo/a/ansi80x43
/opt/conda/share/terminfo/a/att5420-rv-nl
/opt/conda/share/terminfo/a/at-color
/opt/conda/share/terminfo/a/a210
/opt/conda/share/terminfo/a/alto-heath
/opt/conda/share/terminfo/a/aaa-30-s-ctxt
/opt/conda/share/terminfo/a/arm100-am
/opt/conda/share/terminfo/a/aaa-unk
/opt/conda/share/terminfo/a/ansi80x25-mono
/opt/conda/share/terminfo/a/ansi80x30
/opt/conda/share/terminfo/a/atari_st
/opt/conda/share/terminfo/a/adm1
/opt/conda/share/terminfo/a/avatar1
/opt/conda/share/terminfo/a/altoh19
/opt/conda/share/terminfo/a/ansil-mono
/opt/conda/share/terminfo/a/amp219w
/opt/conda/share/terminfo/a/alt7pc
/opt/conda/share/terminfo/a/adds200
/opt/conda/share/terminfo/a/att513
/opt/conda/share/terminfo/a/aaa-s-rv
/opt/conda/share/terminfo/a/alt5
/opt/conda/share/terminfo/a/atari-color
/opt/conda/share/terminfo/a/att5420-w-rv
/opt/conda/share/terminfo/a/arm100-wam
/opt/conda/share/terminfo/a/ansi80x30-mono
/opt/conda/share/terminfo/a/att5420-w-rv-n
/opt/conda/share/terminfo/a/aaa-30-s-rv-ct
/opt/conda/share/terminfo/a/ambas
/opt/conda/share/terminfo/a/att5420
/opt/conda/share/terminfo/a/ap-vm80
/opt/conda/share/terminfo/a/atari
/opt/conda/share/terminfo/a/avt-rv-s
/opt/conda/share/terminfo/a/att5420-nl
/opt/conda/share/terminfo/h/hp98550a
/opt/conda/share/terminfo/h/h80
/opt/conda/share/terminfo/h/hp2624a-10p
/opt/conda/share/terminfo/h/h-100
/opt/conda/share/terminfo/h/hp2621-wl
/opt/conda/share/terminfo/h/hp2621A
/opt/conda/share/terminfo/h/h29a-kc-bc
/opt/conda/share/terminfo/h/hp2624b-4p
/opt/conda/share/terminfo/h/hp98721
/opt/conda/share/terminfo/h/htx11
/opt/conda/share/terminfo/h/hp2621k45
/opt/conda/share/terminfo/h/hp98550a-color
/opt/conda/share/terminfo/h/heathkit-a
/opt/conda/share/terminfo/h/h29a-nkc-uc
/opt/conda/share/terminfo/h/hp2645a
/opt/conda/share/terminfo/h/hp2621a-a
/opt/conda/share/terminfo/h/hp2644a
/opt/conda/share/terminfo/h/h19g
/opt/conda/share/terminfo/h/heath
/opt/conda/share/terminfo/h/hp2623a
/opt/conda/share/terminfo/h/hp98720
/opt/conda/share/terminfo/h/hp2626p
/opt/conda/share/terminfo/h/hp70092a
/opt/conda/share/terminfo/h/hp700
/opt/conda/share/terminfo/h/hp70092A
/opt/conda/share/terminfo/h/heathkit
/opt/conda/share/terminfo/h/he80
/opt/conda/share/terminfo/h/hft
/opt/conda/share/terminfo/h/hp2624b
/opt/conda/share/terminfo/h/hp2621a
/opt/conda/share/terminfo/h/hpex2
/opt/conda/share/terminfo/h/h19-b
/opt/conda/share/terminfo/h/h-100bw
/opt/conda/share/terminfo/h/h19kermit
/opt/conda/share/terminfo/h/hp2624b-4p-p
/opt/conda/share/terminfo/h/h100
/opt/conda/share/terminfo/h/hp2626a
/opt/conda/share/terminfo/h/h19us
/opt/conda/share/terminfo/h/hp2382
/opt/conda/share/terminfo/h/hp2397
/opt/conda/share/terminfo/h/hp2624b-10p
/opt/conda/share/terminfo/h/hp2624a
/opt/conda/share/terminfo/h/hp45
/opt/conda/share/terminfo/h/h29a-nkc-bc
/opt/conda/share/terminfo/h/h19-smul
/opt/conda/share/terminfo/h/h19a
/opt/conda/share/terminfo/h/h29a-kc-uc
/opt/conda/share/terminfo/h/hp
/opt/conda/share/terminfo/h/hp2648a
/opt/conda/share/terminfo/h/h100bw
/opt/conda/share/terminfo/h/heath-ansi
/opt/conda/share/terminfo/h/hp2622a
/opt/conda/share/terminfo/h/hp2647a
/opt/conda/share/terminfo/h/heath-19
/opt/conda/share/terminfo/g/gs5430-22
/opt/conda/share/terminfo/g/guru+unk
/opt/conda/share/terminfo/g/guru-33
/opt/conda/share/terminfo/g/gt100
/opt/conda/share/terminfo/g/guru-lp
/opt/conda/share/terminfo/g/gs5430-24
/opt/conda/share/terminfo/g/gs5430
/opt/conda/share/terminfo/g/gt100a
/opt/conda/share/terminfo/g/guru-33-rv
/opt/conda/share/terminfo/g/go-225
/opt/conda/share/terminfo/g/guru-33-s
/opt/conda/share/terminfo/4/4027ex
/opt/conda/share/terminfo/4/4410-w
/opt/conda/share/terminfo/4/4025ex
/opt/conda/share/terminfo/t/ts-1p
/opt/conda/share/terminfo/t/ti707-w
/opt/conda/share/terminfo/t/tvi912c-unk-2p
/opt/conda/share/terminfo/t/tvi920c-unk-vb
/opt/conda/share/terminfo/t/tvi912b-unk-vb
/opt/conda/share/terminfo/t/ts1p
/opt/conda/share/terminfo/t/tvi912b-unk-2p
/opt/conda/share/terminfo/t/tty5420-w-rv
/opt/conda/share/terminfo/t/tty5420-w
/opt/conda/share/terminfo/t/tvi920c-vb-mc
/opt/conda/share/terminfo/t/tvi912c-2p-unk
/opt/conda/share/terminfo/t/tvi920c-2p
/opt/conda/share/terminfo/t/tgtelnet
/opt/conda/share/terminfo/t/tvi914
/opt/conda/share/terminfo/t/tvi912c-vb-mc
/opt/conda/share/terminfo/t/ti735
/opt/conda/share/terminfo/t/teleray
/opt/conda/share/terminfo/t/tvi912b-mc-vb
/opt/conda/share/terminfo/t/ti916-220-7
/opt/conda/share/terminfo/t/tek4025
/opt/conda/share/terminfo/t/tek4109
/opt/conda/share/terminfo/t/tek4027
/opt/conda/share/terminfo/t/ts1
/opt/conda/share/terminfo/t/tty5420+nl
/opt/conda/share/terminfo/t/teken-vt
/opt/conda/share/terminfo/t/tty5620-34
/opt/conda/share/terminfo/t/tty5425-nl
/opt/conda/share/terminfo/t/tvi920b-p-2p
/opt/conda/share/terminfo/t/tvi920
/opt/conda/share/terminfo/t/tty35
/opt/conda/share/terminfo/t/tab
/opt/conda/share/terminfo/t/tvi912c-2p-p
/opt/conda/share/terminfo/t/tn1200
/opt/conda/share/terminfo/t/trsII
/opt/conda/share/terminfo/t/tvi920c-2p-mc
/opt/conda/share/terminfo/t/terminet
/opt/conda/share/terminfo/t/ti745
/opt/conda/share/terminfo/t/tty5420-w-nl
/opt/conda/share/terminfo/t/ts-1
/opt/conda/share/terminfo/t/tvi912c-2p
/opt/conda/share/terminfo/t/tty4424
/opt/conda/share/terminfo/t/tvi920b-unk-vb
/opt/conda/share/terminfo/t/t653x
/opt/conda/share/terminfo/t/tvi920c-mc
/opt/conda/share/terminfo/t/tek4107brl
/opt/conda/share/terminfo/t/tvi912b-mc-2p
/opt/conda/share/terminfo/t/tvi920c-unk-2p
/opt/conda/share/terminfo/t/tty4424m
/opt/conda/share/terminfo/t/tvi912c
/opt/conda/share/terminfo/t/tty5410v1-w
/opt/conda/share/terminfo/t/tvi920b-p-vb
/opt/conda/share/terminfo/t/tty5410-w
/opt/conda/share/terminfo/t/tab132-15
/opt/conda/share/terminfo/t/tvi920c-unk
/opt/conda/share/terminfo/t/tvi920b-mc-vb
/opt/conda/share/terminfo/t/tty5420-nl
/opt/conda/share/terminfo/t/tn300
/opt/conda/share/terminfo/t/tvi912c-unk
/opt/conda/share/terminfo/t/tvi912c-vb
/opt/conda/share/terminfo/t/tty5420
/opt/conda/share/terminfo/t/tty5410v1
/opt/conda/share/terminfo/t/tvi920c-vb
/opt/conda/share/terminfo/t/tek4114
/opt/conda/share/terminfo/t/tvi920c
/opt/conda/share/terminfo/t/tty5425
/opt/conda/share/terminfo/t/tvi912c-vb-unk
/opt/conda/share/terminfo/t/trs80II
/opt/conda/share/terminfo/t/ttydmd
/opt/conda/share/terminfo/t/tw52-color
/opt/conda/share/terminfo/t/tvi912c-p-2p
/opt/conda/share/terminfo/t/tvi920c-2p-p
/opt/conda/share/terminfo/t/ti707
/opt/conda/share/terminfo/t/tvi920c-p-2p
/opt/conda/share/terminfo/t/tvi912c-mc
/opt/conda/share/terminfo/t/tty5620-1
/opt/conda/share/terminfo/t/tvi912c-mc-vb
/opt/conda/share/terminfo/t/tty4424-1
/opt/conda/share/terminfo/t/tvi912b-p-vb
/opt/conda/share/terminfo/t/tvi912c-p-vb
/opt/conda/share/terminfo/t/tvi920b-mc-2p
/opt/conda/share/terminfo/t/tvi912c-p
/opt/conda/share/terminfo/t/tty5410
/opt/conda/share/terminfo/t/tty5420-rv-nl
/opt/conda/share/terminfo/t/tek4109brl
/opt/conda/share/terminfo/t/tty5620
/opt/conda/share/terminfo/t/tvi912c-vb-p
/opt/conda/share/terminfo/t/ts100-sp
/opt/conda/share/terminfo/t/ti916-220-8
/opt/conda/share/terminfo/t/tvi920c-2p-unk
/opt/conda/share/terminfo/t/tvi920c-p
/opt/conda/share/terminfo/t/tek4027-ex
/opt/conda/share/terminfo/t/tvi912c-2p-mc
/opt/conda/share/terminfo/t/tvi920b-unk-2p
/opt/conda/share/terminfo/t/tty5420-w-rv-n
/opt/conda/share/terminfo/t/tvi912c-unk-vb
/opt/conda/share/terminfo/t/tvi912c-mc-2p
/opt/conda/share/terminfo/t/tty5620-24
/opt/conda/share/terminfo/t/tty4426
/opt/conda/share/terminfo/t/tty5420-rv
/opt/conda/share/terminfo/t/tvi920c-vb-unk
/opt/conda/share/terminfo/t/ti800
/opt/conda/share/terminfo/t/terminet300
/opt/conda/share/terminfo/t/tvi920c-mc-vb
/opt/conda/share/terminfo/t/tek4012
/opt/conda/share/terminfo/t/tty5620-s
/opt/conda/share/terminfo/t/tvi920c-vb-p
/opt/conda/share/terminfo/t/tty4420
/opt/conda/share/terminfo/t/tvi912b-p-2p
/opt/conda/share/terminfo/t/tvi920c-p-vb
/opt/conda/share/terminfo/t/tkterm
/opt/conda/share/terminfo/t/tvi920c-mc-2p
/opt/conda/share/terminfo/t/ti733
/opt/conda/share/terminfo/t/tty5425-w
/opt/conda/share/terminfo/j/jerq
/opt/conda/share/terminfo/P/P8-W
/opt/conda/share/terminfo/P/P14
/opt/conda/share/terminfo/P/P14-M
/opt/conda/share/terminfo/P/P9-8-W
/opt/conda/share/terminfo/P/P9-W
/opt/conda/share/terminfo/P/P7
/opt/conda/share/terminfo/P/P4
/opt/conda/share/terminfo/P/P5
/opt/conda/share/terminfo/P/P8
/opt/conda/share/terminfo/P/P9
/opt/conda/share/terminfo/P/P14-W
/opt/conda/share/terminfo/P/P12
/opt/conda/share/terminfo/P/P12-W
/opt/conda/share/terminfo/P/P9-8
/opt/conda/share/terminfo/P/P12-M
/opt/conda/share/terminfo/P/P14-M-W
/opt/conda/share/terminfo/P/P12-M-W
/opt/conda/share/terminfo/L/LFT-PC850
/opt/conda/share/terminfo/s/sbobcat
/opt/conda/share/terminfo/s/sun1
/opt/conda/share/terminfo/s/stterm
/opt/conda/share/terminfo/s/sb3
/opt/conda/share/terminfo/s/sc410
/opt/conda/share/terminfo/s/sune
/opt/conda/share/terminfo/s/system1
/opt/conda/share/terminfo/s/sun-cmd
/opt/conda/share/terminfo/s/synertek380
/opt/conda/share/terminfo/s/securecrt
/opt/conda/share/terminfo/s/sun-s-e
/opt/conda/share/terminfo/s/stterm-16color
/opt/conda/share/terminfo/s/sun-nic
/opt/conda/share/terminfo/s/soroc
/opt/conda/share/terminfo/s/screen.minitel12-80
/opt/conda/share/terminfo/s/s4
/opt/conda/share/terminfo/s/sun2
/opt/conda/share/terminfo/s/sv80
/opt/conda/share/terminfo/s/sc415
/opt/conda/share/terminfo/s/stterm-256color
/opt/conda/share/terminfo/s/screen.xterm-new
/opt/conda/share/terminfo/s/sun-ss5
/opt/conda/share/terminfo/s/spinwriter
/opt/conda/share/terminfo/s/st52-m
/opt/conda/share/terminfo/s/superbee
/opt/conda/share/terminfo/s/screen.minitel2-80
/opt/conda/share/terminfo/s/screen.linux-s
/opt/conda/share/terminfo/z/zenith39-a
/opt/conda/share/terminfo/z/zenith29
/opt/conda/share/terminfo/z/z50
/opt/conda/share/terminfo/z/z8001
/opt/conda/share/terminfo/z/zenith
/opt/conda/share/terminfo/z/zt-1
/opt/conda/share/terminfo/z/z30
/opt/conda/share/terminfo/z/zenith39-ansi
/opt/conda/share/terminfo/z/z39a
/opt/conda/share/terminfo/z/zen8001
/opt/conda/share/terminfo/z/ztx-1-a
/opt/conda/share/terminfo/z/z110
/opt/conda/share/terminfo/z/z110bw
/opt/conda/share/terminfo/z/ztx11
/opt/conda/share/terminfo/z/z-100
/opt/conda/share/terminfo/z/z19
/opt/conda/share/terminfo/z/z-100bw
/opt/conda/share/terminfo/z/z29b
/opt/conda/share/terminfo/z/z29a-kc-bc
/opt/conda/share/terminfo/m/mskermit227
/opt/conda/share/terminfo/m/mouse-sun
/opt/conda/share/terminfo/m/mime1
/opt/conda/share/terminfo/m/minitel
/opt/conda/share/terminfo/m/mimeii
/opt/conda/share/terminfo/m/mskermit227am
/opt/conda/share/terminfo/m/mime340
/opt/conda/share/terminfo/m/mime2a-v
/opt/conda/share/terminfo/m/minitel-2
/opt/conda/share/terminfo/m/microterm
/opt/conda/share/terminfo/m/macterminal-w
/opt/conda/share/terminfo/m/mime-3ax
/opt/conda/share/terminfo/m/mimei
/opt/conda/share/terminfo/m/mskermit22714
/opt/conda/share/terminfo/m/mm314
/opt/conda/share/terminfo/m/mod
/opt/conda/share/terminfo/m/mime2
/opt/conda/share/terminfo/m/microbee
/opt/conda/share/terminfo/m/mod24
/opt/conda/share/terminfo/m/microterm5
/opt/conda/share/terminfo/m/macintosh
/opt/conda/share/terminfo/m/mt-70
/opt/conda/share/terminfo/m/minitel-2-nam
/opt/conda/share/terminfo/m/minix-1.5
/opt/conda/share/terminfo/m/mdl110
/opt/conda/share/terminfo/1/1178
/opt/conda/share/terminfo/1/1730-lm
/opt/conda/share/man/fr/man1/lzcat.1
/opt/conda/share/man/fr/man1/lzdiff.1
/opt/conda/share/man/fr/man1/lzless.1
/opt/conda/share/man/fr/man1/xzcat.1
/opt/conda/share/man/fr/man1/xzcmp.1
/opt/conda/share/man/fr/man1/unlzma.1
/opt/conda/share/man/fr/man1/lzma.1
/opt/conda/share/man/fr/man1/lzcmp.1
/opt/conda/share/man/fr/man1/lzmore.1
/opt/conda/share/man/fr/man1/lzmadec.1
/opt/conda/share/man/fr/man1/unxz.1
/opt/conda/share/man/de/man1/lzcat.1
/opt/conda/share/man/de/man1/lzdiff.1
/opt/conda/share/man/de/man1/lzless.1
/opt/conda/share/man/de/man1/xzcat.1
/opt/conda/share/man/de/man1/xzcmp.1
/opt/conda/share/man/de/man1/unlzma.1
/opt/conda/share/man/de/man1/lzma.1
/opt/conda/share/man/de/man1/lzcmp.1
/opt/conda/share/man/de/man1/xzfgrep.1
/opt/conda/share/man/de/man1/lzfgrep.1
/opt/conda/share/man/de/man1/lzmore.1
/opt/conda/share/man/de/man1/xzegrep.1
/opt/conda/share/man/de/man1/lzmadec.1
/opt/conda/share/man/de/man1/unxz.1
/opt/conda/share/man/de/man1/lzegrep.1
/opt/conda/share/man/de/man1/lzgrep.1
/opt/conda/share/man/ro/man1/lzcat.1
/opt/conda/share/man/ro/man1/lzdiff.1
/opt/conda/share/man/ro/man1/lzless.1
/opt/conda/share/man/ro/man1/xzcat.1
/opt/conda/share/man/ro/man1/xzcmp.1
/opt/conda/share/man/ro/man1/unlzma.1
/opt/conda/share/man/ro/man1/lzma.1
/opt/conda/share/man/ro/man1/lzcmp.1
/opt/conda/share/man/ro/man1/xzfgrep.1
/opt/conda/share/man/ro/man1/lzfgrep.1
/opt/conda/share/man/ro/man1/lzmore.1
/opt/conda/share/man/ro/man1/xzegrep.1
/opt/conda/share/man/ro/man1/lzmadec.1
/opt/conda/share/man/ro/man1/unxz.1
/opt/conda/share/man/ro/man1/lzegrep.1
/opt/conda/share/man/ro/man1/lzgrep.1
/opt/conda/share/man/uk/man1/lzcat.1
/opt/conda/share/man/uk/man1/lzdiff.1
/opt/conda/share/man/uk/man1/lzless.1
/opt/conda/share/man/uk/man1/xzcat.1
/opt/conda/share/man/uk/man1/xzcmp.1
/opt/conda/share/man/uk/man1/unlzma.1
/opt/conda/share/man/uk/man1/lzma.1
/opt/conda/share/man/uk/man1/lzcmp.1
/opt/conda/share/man/uk/man1/xzfgrep.1
/opt/conda/share/man/uk/man1/lzfgrep.1
/opt/conda/share/man/uk/man1/lzmore.1
/opt/conda/share/man/uk/man1/xzegrep.1
/opt/conda/share/man/uk/man1/lzmadec.1
/opt/conda/share/man/uk/man1/unxz.1
/opt/conda/share/man/uk/man1/lzegrep.1
/opt/conda/share/man/uk/man1/lzgrep.1
/opt/conda/share/man/man3/history_winit.3
/opt/conda/share/man/man3/el_deletestr.3
/opt/conda/share/man/man3/el_resize.3
/opt/conda/share/man/man3/el_wgetc.3
/opt/conda/share/man/man3/el_wset.3
/opt/conda/share/man/man3/el_push.3
/opt/conda/share/man/man3/history_end.3
/opt/conda/share/man/man3/el_wgets.3
/opt/conda/share/man/man3/tok_wreset.3
/opt/conda/share/man/man3/tok_wline.3
/opt/conda/share/man/man3/el_reset.3
/opt/conda/share/man/man3/el_init_fd.3
/opt/conda/share/man/man3/el_end.3
/opt/conda/share/man/man3/el_insertstr.3
/opt/conda/share/man/man3/el_get.3
/opt/conda/share/man/man3/el_parse.3
/opt/conda/share/man/man3/el_set.3
/opt/conda/share/man/man3/el_wline.3
/opt/conda/share/man/man3/el_line.3
/opt/conda/share/man/man3/tok_end.3
/opt/conda/share/man/man3/el_wpush.3
/opt/conda/share/man/man3/el_init.3
/opt/conda/share/man/man3/tok_str.3
/opt/conda/share/man/man3/el_source.3
/opt/conda/share/man/man3/el_gets.3
/opt/conda/share/man/man3/el_wdeletestr.3
/opt/conda/share/man/man3/tok_reset.3
/opt/conda/share/man/man3/history_w.3
/opt/conda/share/man/man3/history_init.3
/opt/conda/share/man/man3/el_wget.3
/opt/conda/share/man/man3/el_getc.3
/opt/conda/share/man/man3/tok_init.3
/opt/conda/share/man/man3/tok_wstr.3
/opt/conda/share/man/man3/tok_winit.3
/opt/conda/share/man/man3/history_wend.3
/opt/conda/share/man/man3/el_wparse.3
/opt/conda/share/man/man3/tok_wend.3
/opt/conda/share/man/man3/tok_line.3
/opt/conda/share/man/man3/el_winsertstr.3
/opt/conda/share/man/ko/man1/lzcat.1
/opt/conda/share/man/ko/man1/lzdiff.1
/opt/conda/share/man/ko/man1/lzless.1
/opt/conda/share/man/ko/man1/xzcat.1
/opt/conda/share/man/ko/man1/xzcmp.1
/opt/conda/share/man/ko/man1/unlzma.1
/opt/conda/share/man/ko/man1/lzma.1
/opt/conda/share/man/ko/man1/lzcmp.1
/opt/conda/share/man/ko/man1/xzfgrep.1
/opt/conda/share/man/ko/man1/lzfgrep.1
/opt/conda/share/man/ko/man1/lzmore.1
/opt/conda/share/man/ko/man1/xzegrep.1
/opt/conda/share/man/ko/man1/lzmadec.1
/opt/conda/share/man/ko/man1/unxz.1
/opt/conda/share/man/ko/man1/lzegrep.1
/opt/conda/share/man/ko/man1/lzgrep.1
/opt/conda/share/man/man1/lzcat.1
/opt/conda/share/man/man1/lzdiff.1
/opt/conda/share/man/man1/lzless.1
/opt/conda/share/man/man1/lz4c.1
/opt/conda/share/man/man1/xzcat.1
/opt/conda/share/man/man1/unlz4.1
/opt/conda/share/man/man1/xzcmp.1
/opt/conda/share/man/man1/unlzma.1
/opt/conda/share/man/man1/python3.1
/opt/conda/share/man/man1/lz4cat.1
/opt/conda/share/man/man1/lzma.1
/opt/conda/share/man/man1/lzcmp.1
/opt/conda/share/man/man1/xzfgrep.1
/opt/conda/share/man/man1/lzfgrep.1
/opt/conda/share/man/man1/lzmore.1
/opt/conda/share/man/man1/xzegrep.1
/opt/conda/share/man/man1/lzmadec.1
/opt/conda/share/man/man1/unxz.1
/opt/conda/share/man/man1/unzstd.1
/opt/conda/share/man/man1/lzegrep.1
/opt/conda/share/man/man1/lzgrep.1
/opt/conda/share/man/man1/zstdcat.1
/opt/conda/share/man/pt_BR/man1/lzcat.1
/opt/conda/share/man/pt_BR/man1/lzdiff.1
/opt/conda/share/man/pt_BR/man1/lzless.1
/opt/conda/share/man/pt_BR/man1/xzcat.1
/opt/conda/share/man/pt_BR/man1/xzcmp.1
/opt/conda/share/man/pt_BR/man1/unlzma.1
/opt/conda/share/man/pt_BR/man1/lzma.1
/opt/conda/share/man/pt_BR/man1/lzcmp.1
/opt/conda/share/man/pt_BR/man1/xzfgrep.1
/opt/conda/share/man/pt_BR/man1/lzfgrep.1
/opt/conda/share/man/pt_BR/man1/lzmore.1
/opt/conda/share/man/pt_BR/man1/xzegrep.1
/opt/conda/share/man/pt_BR/man1/lzmadec.1
/opt/conda/share/man/pt_BR/man1/unxz.1
/opt/conda/share/man/pt_BR/man1/lzegrep.1
/opt/conda/share/man/pt_BR/man1/lzgrep.1
/opt/conda/include/ncurses.h
/opt/conda/include/ncursesw/cursslk.h
/opt/conda/include/ncursesw/ncurses.h
/opt/conda/include/ncursesw/cursesp.h
/opt/conda/include/ncursesw/curses.h
/opt/conda/include/ncursesw/nc_tparm.h
/opt/conda/include/ncursesw/menu.h
/opt/conda/include/ncursesw/term.h
/opt/conda/include/ncursesw/cursesw.h
/opt/conda/include/ncursesw/ncurses_dll.h
/opt/conda/include/ncursesw/panel.h
/opt/conda/include/ncursesw/cursesf.h
/opt/conda/include/ncursesw/tic.h
/opt/conda/include/ncursesw/term_entry.h
/opt/conda/include/ncursesw/eti.h
/opt/conda/include/ncursesw/termcap.h
/opt/conda/include/ncursesw/etip.h
/opt/conda/include/ncursesw/unctrl.h
/opt/conda/include/ncursesw/form.h
/opt/conda/include/ncursesw/cursesm.h
/opt/conda/include/ncursesw/cursesapp.h
/opt/conda/include/ncurses/cursslk.h
/opt/conda/include/ncurses/ncurses.h
/opt/conda/include/ncurses/cursesp.h
/opt/conda/include/ncurses/curses.h
/opt/conda/include/ncurses/nc_tparm.h
/opt/conda/include/ncurses/menu.h
/opt/conda/include/ncurses/term.h
/opt/conda/include/ncurses/cursesw.h
/opt/conda/include/ncurses/ncurses_dll.h
/opt/conda/include/ncurses/panel.h
/opt/conda/include/ncurses/cursesf.h
/opt/conda/include/ncurses/tic.h
/opt/conda/include/ncurses/term_entry.h
/opt/conda/include/ncurses/eti.h
/opt/conda/include/ncurses/termcap.h
/opt/conda/include/ncurses/etip.h
/opt/conda/include/ncurses/unctrl.h
/opt/conda/include/ncurses/form.h
/opt/conda/include/ncurses/cursesm.h
/opt/conda/include/ncurses/cursesapp.h
/opt/conda/compiler_compat/ld
/opt/conda/x86_64-conda_cos7-linux-gnu/bin/ld
